model,model_label,accession,gene_name,organism,namespace,prompt_id,primary_error,sub_errors,hallucination_rate,n_predicted,n_ground_truth,n_correct,precision,recall,response_text,ground_truth,hallucinated_ids,missed_ids
mistral-large:123b,Mistral Large 123B,P0A6M8,EFG,ecoli,biological_process,P5_selection,complete_hallucination,high_hallucination,1.0,1,1,0,0.0,0.0,GO:0006412 | translation,GO:0006414|translational elongation,['GO:0006412'],['GO:0006414']
mistral-large:123b,Mistral Large 123B,P77434,ALAC,ecoli,molecular_function,P3_fewshot,complete_miss,partial_hallucination,0.4,5,3,0,0.0,0.0,"Based on the known function of the protein ALAC (Glutamate-pyruvate aminotransferase AlaC) in Escherichia coli (strain K12), the following Gene Ontology (GO) Molecular Function terms can be predicted:

GO:0004302 | aminotransferase activity
GO:0003824 | catalytic activity
GO:0016829 | lyase activity",GO:0004021|L-alanine:2-oxoglutarate aminotransferase activity; GO:0042803|protein homodimerization activity; GO:0008483|transaminase activity,"['GO:0016829', 'GO:0004302']","['GO:0042803', 'GO:0008483', 'GO:0004021']"
mistral-large:123b,Mistral Large 123B,P32486,KRE6,yeast,molecular_function,P5_selection,complete_miss,partial_hallucination,0.333,3,1,0,0.0,0.0,"GO:0005515 | protein binding
GO:0046872 | metal ion binding
GO:0016740 | transferase activity",GO:0015926|glucosidase activity,['GO:0005515'],['GO:0015926']
mistral-large:123b,Mistral Large 123B,P0A738,MOAC,ecoli,cellular_component,P5_selection,complete_miss,,0.0,2,1,0,0.0,0.0,"GO:0005829 | cytosol
GO:0005737 | cytoplasm",GO:0032991|protein-containing complex,[],['GO:0032991']
mistral-large:123b,Mistral Large 123B,Q5CZC0,FSIP2,human,cellular_component,P4_cot,complete_miss,partial_hallucination,0.4,5,4,0,0.0,0.0,"
### Step 1: What is the protein's primary biochemical activity?
FSIP2 (Fibrous sheath-interacting protein 2) is involved in spermatogenesis, which suggests it plays a role in the development and maturation of sperm cells. Its primary biochemical activity likely involves interactions with the fibrou",GO:0097229|sperm end piece; GO:0120212|sperm head-tail coupling apparatus; GO:0097225|sperm midpiece; GO:0097228|sperm principal piece,"['GO:0030286', 'GO:0098557']","['GO:0097228', 'GO:0120212', 'GO:0097225', 'GO:0097229']"
mistral-large:123b,Mistral Large 123B,Q8K352,SASH3,mouse,biological_process,P1_zeroshot,complete_miss,high_hallucination,0.833,6,14,0,0.0,0.0,"Based on the known function of SASH3 as a signaling adapter protein in lymphocytes, the following Gene Ontology (GO) Biological Process terms would best describe this protein:

1. **GO:0007166 | cell surface receptor signaling pathway**
   - This term is relevant because SASH3 is involved in signali",GO:0048873|homeostasis of number of cells within a tissue; GO:0002821|positive regulation of adaptive immune response; GO:0030890|positive regulation of B cell proliferation; GO:0043372|positive regul,"['GO:0007249', 'GO:0043312', 'GO:0002764', 'GO:0002449', 'GO:0007166']","['GO:0032743', 'GO:0002726', 'GO:0048873', 'GO:0046622', 'GO:0051251']"
mistral-large:123b,Mistral Large 123B,P0AA41,TRUC,ecoli,biological_process,P3_fewshot,complete_miss,partial_hallucination,0.333,3,4,0,0.0,0.0,"Based on the known function of TRUC (tRNA pseudouridine synthase C) in Escherichia coli, which is responsible for the synthesis of pseudouridine from uracil-65 in transfer RNAs, the predicted Gene Ontology (GO) Biological Process terms would be:

GO:0006418 | tRNA modification
GO:0008154 | tRNA pseu",GO:0009451|RNA modification; GO:0006399|tRNA metabolic process; GO:0008033|tRNA processing; GO:0031119|tRNA pseudouridine synthesis,['GO:0008154'],"['GO:0006399', 'GO:0008033', 'GO:0009451', 'GO:0031119']"
mistral-large:123b,Mistral Large 123B,O75414,NDK6,human,molecular_function,P4_cot,complete_hallucination,high_hallucination,1.0,3,1,0,0.0,0.0,"
### Step 1: What is the protein's primary biochemical activity?
The primary biochemical activity of NDK6 is to catalyze the transfer of a gamma-phosphoryl group from a nucleoside triphosphate (mainly ATP) to a nucleoside diphosphate. This activity involves the formation of a phosphohistidine interm",GO:0004550|nucleoside diphosphate kinase activity,"['GO:0004526', 'GO:0004524', 'GO:0004525']",['GO:0004550']
mistral-large:123b,Mistral Large 123B,P79724,HXADB,zebrafish,biological_process,P5_selection,complete_miss,,0.0,3,2,0,0.0,0.0,"GO:0006351 | DNA-templated transcription
GO:0006355 | regulation of DNA-templated transcription
GO:0045944 | positive regulation of transcription by RNA polymerase II",GO:0033333|fin development; GO:0000122|negative regulation of transcription by RNA polymerase II,[],"['GO:0033333', 'GO:0000122']"
mistral-large:123b,Mistral Large 123B,Q9Z0G9,CLD3,mouse,biological_process,P3_fewshot,complete_miss,high_hallucination,0.8,5,4,0,0.0,0.0,"Based on the known function of Claudin-3 (CLD3) in Mus musculus, which involves tight junction-specific obliteration of the intercellular space and calcium-independent cell-adhesion activity, the predicted Gene Ontology (GO) Biological Process terms are:

GO:0007155 | cell adhesion
GO:0007043 | cell",GO:0016338|calcium-independent cell-cell adhesion via plasma membrane cell-adhesion molecules; GO:0034331|cell junction maintenance; GO:0003382|epithelial cell morphogenesis; GO:0014045|establishment ,"['GO:0007042', 'GO:0007043', 'GO:0007047', 'GO:0007044']","['GO:0003382', 'GO:0014045', 'GO:0034331', 'GO:0016338']"
mistral-large:123b,Mistral Large 123B,Q06596,ARR1,yeast,cellular_component,P1_zeroshot,partial_match_high_recall,partial_hallucination|low_precision,0.333,3,2,1,0.333,0.5,"Based on the known function and localization of the ARR1 protein in Saccharomyces cerevisiae, the following Gene Ontology (GO) Cellular Component terms best describe this protein:

1. **GO:0005634 | nucleus**
   - ARR1 functions as a transcription activator, which typically occurs in the nucleus.

2",GO:0005737|cytoplasm; GO:0005634|nucleus,['GO:0044428'],['GO:0005737']
mistral-large:123b,Mistral Large 123B,Q6R6M4,U17L2,human,molecular_function,P2_constrained,partial_match_high_recall,partial_hallucination|low_precision,0.333,3,1,1,0.333,1.0,"GO:0004221 | ubiquitin thiolesterase activity
GO:0004222 | ubiquitin-specific protease activity
GO:0004843 | ubiquitinyl hydrolase activity",GO:0004843|cysteine-type deubiquitinase activity,['GO:0004221'],[]
mistral-large:123b,Mistral Large 123B,Q64436,ATP4A,mouse,cellular_component,P2_constrained,partial_match_high_recall,high_hallucination|low_precision,0.75,4,1,1,0.25,1.0,"GO:0005886 | plasma membrane
GO:0031226 | intrinsic component of plasma membrane
GO:0031224 | intrinsic component of membrane
GO:0016021 | integral component of membrane",GO:0005886|plasma membrane,"['GO:0031224', 'GO:0031226', 'GO:0016021']",[]
mistral-large:123b,Mistral Large 123B,Q9QXP7,C1QT1,mouse,biological_process,P4_cot,complete_miss,partial_hallucination,0.5,6,3,0,0.0,0.0,"
### Step 1: What is the protein's primary biochemical activity?

C1QT1 (Complement C1q tumor necrosis factor-related protein 1) is a member of the C1q/TNF-related protein (CTRP) family. These proteins are known for their structural similarity to both the complement component C1q and tumor necrosis ",GO:0043410|positive regulation of MAPK cascade; GO:0051897|positive regulation of phosphatidylinositol 3-kinase/protein kinase B signal transduction; GO:0010906|regulation of glucose metabolic process,"['GO:0002439', 'GO:0006952', 'GO:0006959']","['GO:0051897', 'GO:0043410', 'GO:0010906']"
mistral-large:123b,Mistral Large 123B,Q1L9A2,OPA3,zebrafish,molecular_function,P5_selection,complete_miss,partial_hallucination,0.25,4,0,0,0.0,0.0,"GO:0005515 | protein binding
GO:0005524 | ATP binding
GO:0046872 | metal ion binding
GO:0008270 | zinc ion binding",,['GO:0005515'],[]
mistral-large:123b,Mistral Large 123B,O54991,CNTP1,mouse,molecular_function,P4_cot,complete_miss,partial_hallucination,0.333,6,0,0,0.0,0.0,"
### Step 1: What is the protein's primary biochemical activity?
The primary biochemical activity of CNTP1 (Caspr1) involves its role in cell-cell adhesion and signaling between axons and myelinating glial cells. It is involved in the organization of myelinated axons and the formation of functional ",,"['GO:0005194', 'GO:0005515']",[]
mistral-large:123b,Mistral Large 123B,Q9H0R5,GBP3,human,biological_process,P2_constrained,complete_miss,partial_hallucination,0.2,5,2,0,0.0,0.0,"GO:0006959 | humoral immune response
GO:0009615 | response to virus
GO:0045087 | innate immune response
GO:0051607 | defense response to virus
GO:0051707 | response to other organism",GO:0071347|cellular response to interleukin-1; GO:0071356|cellular response to tumor necrosis factor,['GO:0006959'],"['GO:0071356', 'GO:0071347']"
mistral-large:123b,Mistral Large 123B,P28571,SC6A9,mouse,molecular_function,P5_selection,empty_response,no_go_ids_extracted,0.0,0,2,0,0.0,0.0,NONE,GO:0015187|glycine transmembrane transporter activity; GO:0015375|glycine:sodium symporter activity,[],[]
mistral-large:123b,Mistral Large 123B,Q9CXU1,MED31,mouse,cellular_component,P5_selection,complete_miss,,0.0,4,1,0,0.0,0.0,"GO:0005654 | nucleoplasm
GO:0005634 | nucleus
GO:0000785 | chromatin
GO:0005694 | chromosome",GO:0016592|mediator complex,[],['GO:0016592']
mistral-large:123b,Mistral Large 123B,Q6Q595,SCS22,yeast,molecular_function,P3_fewshot,complete_miss,partial_hallucination,0.273,11,0,0,0.0,0.0,"Based on the known functions and similarity to other proteins, here are the predicted Gene Ontology (GO) Molecular Function terms for the protein SCS22 in Saccharomyces cerevisiae:

GO:0005515 | protein binding
GO:0008289 | lipid binding
GO:0005525 | GTP binding
GO:0005509 | calcium ion binding
GO:0",,"['GO:0008324', 'GO:0005514', 'GO:0005515']",[]
mistral-large:123b,Mistral Large 123B,P76135,YDEO,ecoli,molecular_function,P3_fewshot,partial_match_high_recall,partial_hallucination|low_precision,0.333,3,1,1,0.333,1.0,"Based on the known function of YdeO as an HTH-type transcriptional regulator that induces the expression of specific genes involved in acid resistance, the predicted Gene Ontology (GO) Molecular Function terms for YdeO are:

GO:0003700 | DNA-binding transcription factor activity
GO:0003677 | DNA bin",GO:0003700|DNA-binding transcription factor activity,['GO:0008134'],[]
mistral-large:123b,Mistral Large 123B,Q15746,MYLK,human,cellular_component,P1_zeroshot,partial_match_poor,partial_hallucination|low_recall|low_precision,0.375,8,6,2,0.25,0.333,"Based on the known functions and localizations of the MYLK protein, the following Gene Ontology (GO) Cellular Component terms best describe this protein:

1. **GO:0005856 | cytoskeleton**
   - MYLK is involved in the regulation of actin-myosin interaction and cytoskeletal rearrangements.

2. **GO:00",GO:0015629|actin cytoskeleton; GO:0032154|cleavage furrow; GO:0005737|cytoplasm; GO:0030027|lamellipodium; GO:0005886|plasma membrane; GO:0001725|stress fiber,"['GO:0071621', 'GO:0031265', 'GO:0031984']","['GO:0030027', 'GO:0032154', 'GO:0001725', 'GO:0005737']"
mistral-large:123b,Mistral Large 123B,Q8K2M3,SRR1L,mouse,molecular_function,P2_constrained,complete_miss,partial_hallucination,0.5,2,0,0,0.0,0.0,"GO:0004517 | heme binding
GO:0008270 | zinc ion binding",,['GO:0004517'],[]
mistral-large:123b,Mistral Large 123B,P57095,AXIN2,zebrafish,cellular_component,P4_cot,complete_miss,,0.0,3,0,0,0.0,0.0,"
### Step 1: What is the protein's primary biochemical activity?
AXIN2 is a component of the beta-catenin destruction complex. Its primary biochemical activity involves regulating the levels of beta-catenin (ctnnb1) through phosphorylation and ubiquitination. This activity is crucial for modulating ",,[],[]
mistral-large:123b,Mistral Large 123B,A4FVI7,LSM7,zebrafish,molecular_function,P2_constrained,complete_miss,high_hallucination,0.667,18,0,0,0.0,0.0,"GO:0003723 | RNA binding
GO:0003729 | mRNA binding
GO:0003713 | transcription coactivator activity
GO:0003714 | transcription corepressor activity
GO:0003712 | transcription cofactor activity
GO:0003715 | transcription factor activity, RNA polymerase II core promoter proximal region sequence-specifi",,"['GO:0003717', 'GO:0003720', 'GO:0003721', 'GO:0003724', 'GO:0003715']",[]
mistral-large:123b,Mistral Large 123B,P43555,EMP47,yeast,biological_process,P5_selection,complete_hallucination,high_hallucination,1.0,1,1,0,0.0,0.0,GO:0006810 | transport,GO:0006888|endoplasmic reticulum to Golgi vesicle-mediated transport,['GO:0006810'],['GO:0006888']
mistral-large:123b,Mistral Large 123B,P39952,OXA1,yeast,molecular_function,P1_zeroshot,complete_miss,high_hallucination,0.714,7,2,0,0.0,0.0,"Based on the known functions of the OXA1 protein in Saccharomyces cerevisiae, the following Gene Ontology (GO) Molecular Function terms best describe this protein:

1. **GO:0005215 | transporter activity**
   - This term describes the protein's role in mediating the insertion of proteins into the mi",GO:0032977|membrane insertase activity; GO:0097177|mitochondrial ribosome binding,"['GO:0003774', 'GO:0005515', 'GO:0005216', 'GO:0005215', 'GO:0008570']","['GO:0032977', 'GO:0097177']"
mistral-large:123b,Mistral Large 123B,Q08622,GEP3,yeast,molecular_function,P1_zeroshot,complete_miss,partial_hallucination,0.4,5,0,0,0.0,0.0,"Based on the known function of the GEP3 protein in Saccharomyces cerevisiae, the following Gene Ontology (GO) Molecular Function terms best describe this protein:

1. **GO:0005515 | protein binding**
   - This term is appropriate because GEP3 interacts genetically with prohibitins, which are protein",,"['GO:0004469', 'GO:0005515']",[]
mistral-large:123b,Mistral Large 123B,O35153,BET1L,mouse,biological_process,P5_selection,complete_hallucination,high_hallucination,1.0,1,0,0,0.0,0.0,GO:0006810 | transport,,['GO:0006810'],[]
mistral-large:123b,Mistral Large 123B,Q9WTK8,SPO11,mouse,molecular_function,P1_zeroshot,complete_miss,partial_hallucination,0.2,5,0,0,0.0,0.0,"Based on the known functions of the SPO11 protein in Mus musculus, the following Gene Ontology (GO) Molecular Function terms best describe this protein:

1. **GO:0003688 | DNA topoisomerase activity**
   - This term describes the protein's role in mediating DNA cleavage and ligation cycles, which ar",,['GO:0004528'],[]
mistral-large:123b,Mistral Large 123B,P09959,SWI6,yeast,molecular_function,P2_constrained,partial_match_good,,0.0,2,1,1,0.5,1.0,"GO:0003700 | DNA-binding transcription factor activity
GO:0003713 | transcription coactivator activity",GO:0003713|transcription coactivator activity,[],[]
mistral-large:123b,Mistral Large 123B,P38989,SMC2,yeast,biological_process,P4_cot,complete_miss,high_hallucination,0.545,11,5,0,0.0,0.0,"
### Step 1: What is the protein's primary biochemical activity?
The primary biochemical activity of SMC2 is its role in chromosome condensation. It is a central component of the condensin complex, which is essential for converting interphase chromatin into mitotic-like condensed chromosomes. This a",GO:0007076|mitotic chromosome condensation; GO:0000070|mitotic sister chromatid segregation; GO:1903342|negative regulation of meiotic DNA double-strand break formation; GO:0070550|rDNA chromatin cond,"['GO:0000799', 'GO:0000793', 'GO:0007067', 'GO:0000819', 'GO:0006305']","['GO:0070058', 'GO:0070550', 'GO:0000070', 'GO:0007076', 'GO:1903342']"
mistral-large:123b,Mistral Large 123B,O88322,NID2,mouse,molecular_function,P4_cot,complete_miss,partial_hallucination,0.4,5,0,0,0.0,0.0,"
### Step 1: What is the protein's primary biochemical activity?
Nidogen-2 (NID2) is a cell adhesion glycoprotein. Its primary biochemical activity involves binding to other molecules, particularly those in the extracellular matrix (ECM). This binding activity is crucial for its role in cell adhesio",,"['GO:0005515', 'GO:0005539']",[]
mistral-large:123b,Mistral Large 123B,A0A1D5NSM8,SVEP1,zebrafish,biological_process,P1_zeroshot,complete_miss,partial_hallucination,0.444,9,6,0,0.0,0.0,"Based on the known functions of SVEP1 in Danio rerio (Zebrafish), the following Gene Ontology (GO) Biological Process terms best describe this protein:

1. **GO:0001944 | vasculogenesis**
   - This term describes the formation of blood vessels, which is relevant to SVEP1's role in lymphatic vascular",GO:0016477|cell migration; GO:0009913|epidermal cell differentiation; GO:0008544|epidermis development; GO:0090136|epithelial cell-cell adhesion; GO:0001945|lymph vessel development; GO:0036303|lymph ,"['GO:0001948', 'GO:0060429', 'GO:0048856', 'GO:0032989']","['GO:0001945', 'GO:0036303', 'GO:0090136', 'GO:0008544', 'GO:0009913']"
mistral-large:123b,Mistral Large 123B,P36122,BCH2,yeast,biological_process,P5_selection,complete_hallucination,high_hallucination,1.0,1,2,0,0.0,0.0,GO:0006810 | transport,GO:0006031|chitin biosynthetic process; GO:0006893|Golgi to plasma membrane transport,['GO:0006810'],"['GO:0006893', 'GO:0006031']"
mistral-large:123b,Mistral Large 123B,A4QPC6,BT2A2,mouse,cellular_component,P1_zeroshot,complete_miss,partial_hallucination,0.2,5,1,0,0.0,0.0,"Based on the known function and characteristics of the protein BT2A2 (Butyrophilin subfamily 2 member A2) in Mus musculus, the following Gene Ontology (GO) Cellular Component terms are likely to be relevant:

1. **GO:0005886 | plasma membrane**
   - This term is appropriate because butyrophilins are",GO:0009986|cell surface,['GO:0005887'],['GO:0009986']
mistral-large:123b,Mistral Large 123B,Q9Y4C8,RBM19,human,cellular_component,P4_cot,complete_miss,partial_hallucination,0.25,4,2,0,0.0,0.0,"
### Step 1: What is the protein's primary biochemical activity?
RBM19 is a probable RNA-binding protein. Its primary biochemical activity is likely to involve binding to RNA molecules.

### Step 2: What molecular processes does it participate in?
Given its role in embryo pre-implantation developmen",GO:0016020|membrane; GO:0005730|nucleolus,['GO:0030529'],"['GO:0005730', 'GO:0016020']"
mistral-large:123b,Mistral Large 123B,Q12453,CEX1,yeast,molecular_function,P5_selection,complete_miss,partial_hallucination,0.5,2,1,0,0.0,0.0,"GO:0005515 | protein binding
GO:0003723 | RNA binding",GO:0000049|tRNA binding,['GO:0005515'],['GO:0000049']
mistral-large:123b,Mistral Large 123B,P38210,LDB7,yeast,cellular_component,P1_zeroshot,complete_miss,partial_hallucination,0.167,6,1,0,0.0,0.0,"Based on the known functions and localization of the LDB7 protein (RSC14) in Saccharomyces cerevisiae, the following Gene Ontology (GO) Cellular Component terms best describe this protein:

1. **GO:0000786 | nucleosome**
   - RSC14 is a component of the RSC complex, which interacts with nucleosomes ",GO:0016586|RSC-type complex,['GO:0000788'],['GO:0016586']
mistral-large:123b,Mistral Large 123B,P11862,GAS2,mouse,biological_process,P5_selection,empty_response,no_go_ids_extracted,0.0,0,5,0,0.0,0.0,NONE,GO:0001547|antral ovarian follicle growth; GO:0071711|basement membrane organization; GO:0001544|initiation of primordial ovarian follicle growth; GO:0030728|ovulation; GO:0008593|regulation of Notch ,[],[]
mistral-large:123b,Mistral Large 123B,P37773,MPL,ecoli,molecular_function,P5_selection,complete_miss,,0.0,1,3,0,0.0,0.0,GO:0016740 | transferase activity,"GO:0097216|guanosine tetraphosphate binding; GO:0042802|identical protein binding; GO:0106418|UDP-N-acetylmuramate-L-alanyl-gamma-D-glutamyl-meso-2,6-diaminoheptanedioate ligase activity",[],"['GO:0097216', 'GO:0106418', 'GO:0042802']"
mistral-large:123b,Mistral Large 123B,Q04013,YHM2,yeast,cellular_component,P3_fewshot,partial_match_high_recall,partial_hallucination|low_precision,0.333,3,2,1,0.333,0.5,"Based on the known function and localization of YHM2 in Saccharomyces cerevisiae, the predicted Gene Ontology (GO) Cellular Component terms are:

GO:0005739 | mitochondrion
GO:0005740 | mitochondrial envelope
GO:0005742 | mitochondrial inner membrane

These terms reflect the protein's role as a mito",GO:0042645|mitochondrial nucleoid; GO:0005739|mitochondrion,['GO:0005742'],['GO:0042645']
mistral-large:123b,Mistral Large 123B,P56750,CLD17,human,molecular_function,P2_constrained,complete_miss,high_hallucination,0.667,3,2,0,0.0,0.0,"GO:0005216 | ion channel activity
GO:0015276 | anion channel activity
GO:0015294 | chloride channel activity",GO:0015267|channel activity; GO:0160187|paracellular tight junction channel activity,"['GO:0005216', 'GO:0015294']","['GO:0160187', 'GO:0015267']"
mistral-large:123b,Mistral Large 123B,O43248,HXC11,human,biological_process,P3_fewshot,partial_match_high_recall,partial_hallucination|low_precision,0.286,7,1,1,0.143,1.0,"Based on the known function of the Homeobox protein Hox-C11 (HXC11) as a sequence-specific transcription factor involved in developmental regulation and positional identity, the predicted Gene Ontology (GO) Biological Process terms are:

GO:0006357 | regulation of transcription by RNA polymerase II
",GO:0045944|positive regulation of transcription by RNA polymerase II,"['GO:0009889', 'GO:0009888']",[]
mistral-large:123b,Mistral Large 123B,P0A843,TATE,ecoli,cellular_component,P4_cot,partial_match_high_recall,low_precision,0.0,3,2,1,0.333,0.5,"
### Step 1: What is the protein's primary biochemical activity?
The primary biochemical activity of TatE is to facilitate the translocation of large folded proteins containing a twin-arginine motif in their signal peptide across membranes. This activity is part of the twin-arginine translocation (T",GO:0005886|plasma membrane; GO:0033281|TAT protein transport complex,[],['GO:0033281']
mistral-large:123b,Mistral Large 123B,Q8VBZ3,CLPT1,mouse,molecular_function,P2_constrained,complete_miss,high_hallucination,0.833,6,1,0,0.0,0.0,"GO:0005216 | ion channel binding
GO:0005249 | voltage-gated chloride channel activity
GO:0008188 | neurotransmitter receptor activity
GO:0015276 | ligand-gated ion channel activity
GO:0016874 | ligand-gated ion channel activity, chloride
GO:0032413 | GABA-A receptor activity",GO:0050811|GABA receptor binding,"['GO:0008188', 'GO:0016874', 'GO:0005249', 'GO:0032413', 'GO:0005216']",['GO:0050811']
mistral-large:123b,Mistral Large 123B,A2ARV4,LRP2,mouse,molecular_function,P4_cot,complete_miss,partial_hallucination,0.5,4,0,0,0.0,0.0,"
### Step 1: What is the protein's primary biochemical activity?
The primary biochemical activity of LRP2 (Low-density lipoprotein receptor-related protein 2) is to act as a multiligand endocytic receptor. This means it binds to various ligands and facilitates their internalization into the cell thr",,"['GO:0005104', 'GO:0005103']",[]
mistral-large:123b,Mistral Large 123B,P13669,MNGR,ecoli,molecular_function,P1_zeroshot,partial_match_high_recall,high_hallucination|low_precision,0.6,5,1,1,0.2,1.0,"Based on the known functions of the protein MNGR (Mannosyl-D-glycerate transport/metabolism system repressor) in Escherichia coli (strain K12), the following Gene Ontology (GO) Molecular Function terms best describe this protein:

1. **GO:0003700 | DNA-binding transcription factor activity**
   - Th",GO:0003700|DNA-binding transcription factor activity,"['GO:0003702', 'GO:0003704', 'GO:0003705']",[]
mistral-large:123b,Mistral Large 123B,P0ACF4,DBHB,ecoli,biological_process,P5_selection,partial_match_high_recall,low_precision,0.0,4,2,1,0.25,0.5,"GO:0006281 | DNA repair
GO:0006351 | DNA-templated transcription
GO:0006355 | regulation of DNA-templated transcription
GO:0000077 | DNA damage checkpoint signaling",GO:0006270|DNA replication initiation; GO:0006351|DNA-templated transcription,[],['GO:0006270']
mistral-large:123b,Mistral Large 123B,P0ABU7,EXBB,ecoli,molecular_function,P1_zeroshot,complete_miss,high_hallucination,0.571,7,2,0,0.0,0.0,"Based on the known functions of the Biopolymer transport protein ExbB in Escherichia coli, the following Gene Ontology (GO) Molecular Function terms best describe this protein:

1. **GO:0005215 | transporter activity**
   - This term describes the protein's role in transporting substrates across the",GO:0031992|energy transducer activity; GO:0042802|identical protein binding,"['GO:0005216', 'GO:0005215', 'GO:0005201', 'GO:0005515']","['GO:0042802', 'GO:0031992']"
gemma3:12b,Gemma3 12B,P05201,AATC,mouse,biological_process,P1_zeroshot,complete_miss,high_hallucination,0.857,7,8,0,0.0,0.0,"Okay, based on the provided information about the Aspartate Aminotransferase (AATC) protein from *Mus musculus*, here's a list of Gene Ontology (GO) Biological Process terms that best describe its function. I've prioritized terms that directly reflect the described activities and their broader impli",GO:0006532|aspartate biosynthetic process; GO:0055089|fatty acid homeostasis; GO:0006094|gluconeogenesis; GO:0006114|glycerol biosynthetic process; GO:0019550|L-glutamate catabolic process to aspartat,"['GO:0006918', 'GO:0006519', 'GO:0004986', 'GO:0006916', 'GO:0010737']","['GO:0007219', 'GO:0055089', 'GO:0019550', 'GO:0006107', 'GO:0006532']"
gemma3:12b,Gemma3 12B,Q5BJI7,SMY2A,zebrafish,molecular_function,P1_zeroshot,complete_miss,partial_hallucination,0.5,6,0,0,0.0,0.0,"Okay, based on the provided information and my expertise as a molecular biologist, here's a list of Gene Ontology (GO) Molecular Function terms that best describe SMY2A (Danio rerio) and the reasoning behind their selection. I've prioritized terms that directly reflect the described activities.

**G",,"['GO:0001099', 'GO:0000167', 'GO:0005515']",[]
gemma3:12b,Gemma3 12B,P77432,LSRK,ecoli,biological_process,P4_cot,complete_hallucination,high_hallucination,1.0,2,2,0,0.0,0.0,"Okay, let's break down the Biological Process GO terms applicable to the LSRK protein, step-by-step.

**Step 1: What is the protein's primary biochemical activity?**

The core function of LSRK is *kinase activity*. Specifically, it's an autoinducer-2 kinase. This means it catalyzes the transfer of a",GO:0009372|quorum sensing; GO:0044010|single-species biofilm formation,"['GO:0004987', 'GO:0005845']","['GO:0009372', 'GO:0044010']"
gemma3:12b,Gemma3 12B,Q9C004,SPY4,human,biological_process,P4_cot,complete_hallucination,high_hallucination,1.0,3,1,0,0.0,0.0,"Okay, let's break down the Biological Process GO terms applicable to SPY4, step-by-step, based on the provided information.

**Step 1: What is the protein's primary biochemical activity?**

SPY4's primary biochemical activity appears to be *negative regulation* or *inhibition*. It suppresses signali",GO:1900025|negative regulation of substrate adhesion-dependent cell spreading,"['GO:0008416', 'GO:0008410', 'GO:0008417']",['GO:1900025']
gemma3:12b,Gemma3 12B,Q6PBI4,HDA9B,zebrafish,biological_process,P1_zeroshot,complete_miss,high_hallucination,0.667,9,5,0,0.0,0.0,"Okay, here's a list of Gene Ontology (GO) Biological Process terms that best describe HDA9B in *Danio rerio* (Zebrafish), based on the provided information and my expertise as a molecular biologist. I've prioritized terms that directly reflect its known function and related processes.  I'll also inc",GO:0001525|angiogenesis; GO:0001945|lymph vessel development; GO:0060319|primitive erythrocyte differentiation; GO:0060215|primitive hemopoiesis; GO:0001944|vasculature development,"['GO:0007049', 'GO:0007158', 'GO:0004925', 'GO:0008267', 'GO:0000704']","['GO:0001945', 'GO:0060319', 'GO:0060215', 'GO:0001525', 'GO:0001944']"
gemma3:12b,Gemma3 12B,Q8N114,SHSA5,human,cellular_component,P2_constrained,complete_miss,partial_hallucination,0.5,2,0,0,0.0,0.0,"GO:0005631 | cytosol
GO:0005737 | membrane",,['GO:0005631'],[]
gemma3:12b,Gemma3 12B,P43575,PAU5,yeast,biological_process,P4_cot,empty_response,no_go_ids_extracted,0.0,0,0,0,0.0,0.0,"Okay, let's break down the likely Biological Process GO terms for the *Saccharomyces cerevisiae* protein PAU5 (Seripauperin-5).

**Step 1: What is the protein's primary biochemical activity?**

The full name ""Seripauperin-5"" is a crucial clue. Seripauperins are a family of secreted, cysteine-rich pr",,[],[]
gemma3:12b,Gemma3 12B,Q00711,SDHA,yeast,biological_process,P5_selection,complete_miss,partial_hallucination,0.333,6,3,0,0.0,0.0,"Here's the breakdown of which GO terms apply to SDHA, based on its known function and the provided information, followed by the list of matching terms:

**Reasoning:**

*   **SDHA's Role:** SDHA is a core component of Complex II in the mitochondrial electron transport chain. This complex is vital fo","GO:0045333|cellular respiration; GO:0006121|mitochondrial electron transport, succinate to ubiquinone; GO:0006099|tricarboxylic acid cycle","['GO:0006412', 'GO:0006810']","['GO:0045333', 'GO:0006121', 'GO:0006099']"
gemma3:12b,Gemma3 12B,P0AG03,UBIX,ecoli,cellular_component,P4_cot,complete_miss,high_hallucination,0.75,4,0,0,0.0,0.0,"Okay, let's break down the Cellular Component GO terms applicable to UbiX, step by step.

**Step 1: What is the protein's primary biochemical activity?**

The protein's primary biochemical activity is that of a *Flavin prenyltransferase*. This means it catalyzes the transfer of a prenyl group (speci",,"['GO:0009048', 'GO:0009284', 'GO:0043144']",[]
gemma3:12b,Gemma3 12B,P50392,PA24A,zebrafish,molecular_function,P5_selection,complete_miss,partial_hallucination,0.333,3,1,0,0.0,0.0,"GO:0005515 | protein binding
GO:0008270 | zinc ion binding
GO:0016787 | hydrolase activity



**Explanation:**

*   **GO:0005515 | protein binding:** Phospholipases, including cPLA2, often interact with other proteins to regulate their activity and localization.
*   **GO:0008270 | zinc ion binding:*",GO:0004620|phospholipase activity,['GO:0005515'],['GO:0004620']
gemma3:12b,Gemma3 12B,Q2WG80,RIPP1,zebrafish,molecular_function,P1_zeroshot,complete_miss,high_hallucination,0.8,5,0,0,0.0,0.0,"Okay, let's break down the best GO Molecular Function (MF) terms for RIPP1 (Danio rerio - Zebrafish) based on the provided information and my expertise as a molecular biologist.

Given the description – ""Plays a role in somitogenesis. Essential for transcriptional repression of the segmental pattern",,"['GO:0006328', 'GO:0003701', 'GO:0005126', 'GO:0001077']",[]
gemma3:12b,Gemma3 12B,P07017,MCP2,ecoli,cellular_component,P5_selection,partial_match_poor,low_recall|low_precision,0.0,3,3,1,0.333,0.333,"GO:0005886 | plasma membrane
GO:0016020 | membrane
GO:0005615 | extracellular space

**Explanation:**

MCP2 (MCP-II) is a chemotaxis receptor. These receptors are integral membrane proteins. They span the cell membrane to detect external chemical signals (like L-aspartate). Therefore, they are locat",GO:0051286|cell tip; GO:0098561|methyl accepting chemotaxis protein complex; GO:0005886|plasma membrane,[],"['GO:0098561', 'GO:0051286']"
gemma3:12b,Gemma3 12B,Q9DBX2,PHLP,mouse,cellular_component,P5_selection,complete_miss,,0.0,12,0,0,0.0,0.0,"Here's the breakdown of which GO cellular component terms likely apply to PHLP, based on its known functions, and the reasoning:

GO:0005737 | cytoplasm
GO:0005739 | mitochondrion
GO:0016020 | membrane
GO:0005874 | microtubule
GO:0015629 | actin cytoskeleton



**Reasoning:**

*   **Cytoplasm (GO:00",,[],[]
gemma3:12b,Gemma3 12B,Q3USZ2,UBFL1,mouse,biological_process,P4_cot,complete_miss,,0.0,1,3,0,0.0,0.0,"Okay, let's break down the likely GO Biological Process terms for the mouse protein UBFL1, step-by-step.

**Step 1: What is the protein's primary biochemical activity?**

The provided information doesn't explicitly state a biochemical activity (like kinase, phosphatase, etc.). However, the descripti",GO:0001832|blastocyst growth; GO:0007566|embryo implantation; GO:0010468|regulation of gene expression,[],"['GO:0010468', 'GO:0007566', 'GO:0001832']"
gemma3:12b,Gemma3 12B,P53731,ARPC2,yeast,cellular_component,P4_cot,complete_hallucination,high_hallucination,1.0,4,2,0,0.0,0.0,"Okay, let's break down the appropriate Cellular Component GO terms for ARPC2 in *Saccharomyces cerevisiae*, step-by-step.

**Step 1: What is the protein's primary biochemical activity?**

ARPC2 is a subunit of the Arp2/3 complex. The Arp2/3 complex's primary biochemical activity is to nucleate and b",GO:0005885|Arp2/3 protein complex; GO:0005829|cytosol,"['GO:0030187', 'GO:0008267', 'GO:0000780', 'GO:0008266']","['GO:0005885', 'GO:0005829']"
gemma3:12b,Gemma3 12B,P76037,PUUP,ecoli,cellular_component,P3_fewshot,complete_miss,partial_hallucination,0.4,5,1,0,0.0,0.0,"Okay, let's predict GO Cellular Component terms for the protein PuuP from *Escherichia coli* based on the provided information.

Given that PuuP is a putrescine importer, its primary function is membrane transport. This strongly suggests a location within or associated with the cell membrane. Consid",GO:0005886|plasma membrane,"['GO:0009287', 'GO:0031648']",['GO:0005886']
gemma3:12b,Gemma3 12B,Q6L8Q7,PDE12,human,molecular_function,P5_selection,complete_miss,partial_hallucination,0.333,6,3,0,0.0,0.0,"GO:0005515 | protein binding
GO:0005524 | ATP binding
GO:0003677 | DNA binding
GO:0008270 | zinc ion binding
GO:0016787 | hydrolase activity
GO:0003779 | actin binding



**Explanation:**

*   **GO:0005515 | protein binding:** PDEs, as enzymes, interact with other proteins.
*   **GO:0005524 | ATP bi",GO:0000175|3'-5'-RNA exonuclease activity; GO:0004527|exonuclease activity; GO:0004535|poly(A)-specific ribonuclease activity,"['GO:0003779', 'GO:0005515']","['GO:0000175', 'GO:0004527', 'GO:0004535']"
gemma3:12b,Gemma3 12B,Q6PBI4,HDA9B,zebrafish,cellular_component,P4_cot,complete_miss,high_hallucination,0.667,3,0,0,0.0,0.0,"Okay, let's break down the Cellular Component GO terms likely applicable to HDA9B in *Danio rerio* (Zebrafish), step-by-step.

**Step 1: What is the protein's primary biochemical activity?**

HDA9B doesn't *directly* deacetylate histones. It's a *scaffold* protein. Its primary biochemical activity i",,"['GO:0001447', 'GO:0016678']",[]
gemma3:12b,Gemma3 12B,Q8WYK0,ACO12,human,cellular_component,P3_fewshot,partial_match_poor,partial_hallucination|low_recall|low_precision,0.4,5,3,1,0.2,0.333,"Okay, let's predict GO Cellular Component terms for the protein ACO12 (Acetyl-coenzyme A thioesterase) in *Homo sapiens* based on the provided information and my expertise as a molecular biologist.

Given the protein's function – hydrolyzing acyl-CoAs, particularly acetyl-CoA – and its role in fatty",GO:0005829|cytosol; GO:0045171|intercellular bridge; GO:0005654|nucleoplasm,"['GO:0005620', 'GO:0005638']","['GO:0045171', 'GO:0005654']"
gemma3:12b,Gemma3 12B,P08153,SWI5,yeast,biological_process,P2_constrained,complete_miss,high_hallucination,0.917,12,5,0,0.0,0.0,"GO:0005515 | eukaryotic translation initiation factor 2 alpha kinase activity
GO:0005516 | transcription activator activity
GO:0006306 | DNA binding
GO:0006311 | protein binding
GO:0006408 | transcriptional regulation
GO:0009058 | mating
GO:0010469 | transcription, DNA-templated
GO:0014142 | transcr",GO:0010458|exit from mitosis; GO:0000082|G1/S transition of mitotic cell cycle; GO:0031496|positive regulation of mating type switching; GO:0045944|positive regulation of transcription by RNA polymera,"['GO:0048807', 'GO:0048810', 'GO:0006408', 'GO:0009058', 'GO:0014142']","['GO:0045944', 'GO:0010458', 'GO:0006357', 'GO:0000082', 'GO:0031496']"
gemma3:12b,Gemma3 12B,Q9IBD0,CELF1,zebrafish,molecular_function,P3_fewshot,complete_miss,high_hallucination,0.571,7,0,0,0.0,0.0,"Okay, based on the provided information about CELF1 (CUGBP Elav-like family member 1) in *Danio rerio* (Zebrafish), here's a prediction of Gene Ontology Molecular Function terms. I'll prioritize terms that directly reflect the known and inferred functions.

GO:0003723 | RNA binding
GO:0005147 | mRNA",,"['GO:0005147', 'GO:0006486', 'GO:0010623', 'GO:0005515']",[]
gemma3:12b,Gemma3 12B,Q16820,MEP1B,human,molecular_function,P3_fewshot,complete_miss,partial_hallucination,0.375,8,1,0,0.0,0.0,"Okay, based on the provided information about MEP1B (Meprin A subunit beta) and its known functions, here's a prediction of Gene Ontology Molecular Function terms. I'll prioritize terms that directly reflect the described activities, and include some broader terms to account for the protein's overal",GO:0042802|identical protein binding,"['GO:0004567', 'GO:0009284', 'GO:0005515']",['GO:0042802']
gemma3:12b,Gemma3 12B,P16678,PHNK,ecoli,molecular_function,P2_constrained,complete_hallucination,high_hallucination,1.0,1,0,0,0.0,0.0,"GO:0001977 | ATP binding
",,['GO:0001977'],[]
gemma3:12b,Gemma3 12B,Q568K9,FA50A,zebrafish,molecular_function,P5_selection,complete_miss,partial_hallucination,0.214,14,0,0,0.0,0.0,"GO:0005515 | protein binding
GO:0003723 | RNA binding
GO:0008270 | zinc ion binding



**Explanation:**

Here's why these terms are selected and why the others are not, based on the provided information and general molecular biology principles:

*   **GO:0005515 | protein binding:** Given the known ",,"['GO:0004725', 'GO:0003779', 'GO:0005515']",[]
gemma3:12b,Gemma3 12B,P40482,SEC24,yeast,cellular_component,P1_zeroshot,complete_miss,partial_hallucination,0.5,6,3,0,0.0,0.0,"Okay, here's a list of Gene Ontology (GO) Cellular Component terms that best describe SEC24 in *Saccharomyces cerevisiae*, based on its known function as a COPII component involved in ER-derived vesicle formation and cargo recruitment. I've prioritized terms that reflect its role in vesicle formatio",GO:0030127|COPII vesicle coat; GO:0005783|endoplasmic reticulum; GO:0000329|fungal-type vacuole membrane,"['GO:0006872', 'GO:0000083', 'GO:0000248']","['GO:0005783', 'GO:0030127', 'GO:0000329']"
gemma3:12b,Gemma3 12B,Q14432,PDE3A,human,molecular_function,P4_cot,complete_miss,partial_hallucination,0.5,6,6,0,0.0,0.0,"Okay, let's break down the molecular functions of PDE3A based on the provided information.

**Step 1: Primary Biochemical Activity**

The description explicitly states that PDE3A is a ""cyclic nucleotide phosphodiesterase."" This is its core enzymatic activity. It hydrolyzes cyclic nucleotides, specif","GO:0004119|3',5'-cGMP-inhibited cyclic-nucleotide phosphodiesterase activity; GO:0004115|3',5'-cyclic-AMP phosphodiesterase activity; GO:0047555|3',5'-cyclic-GMP phosphodiesterase activity; GO:0004114","['GO:0005184', 'GO:0005287', 'GO:0004569']","['GO:0004115', 'GO:0004119', 'GO:0099130', 'GO:0047555', 'GO:0030284']"
gemma3:12b,Gemma3 12B,P33417,IXR1,yeast,molecular_function,P1_zeroshot,complete_miss,partial_hallucination,0.4,5,3,0,0.0,0.0,"Okay, let's break down the molecular function of IXR1 (Intrastrand cross-link recognition protein, also known as SSRP) in *Saccharomyces cerevisiae* and map it to appropriate Gene Ontology (GO) Molecular Function terms. Given the provided information – binding to platinated DNA, conferring cisplatin",GO:0001046|core promoter sequence-specific DNA binding; GO:0003684|damaged DNA binding; GO:0043565|sequence-specific DNA binding,"['GO:0048818', 'GO:0001077']","['GO:0043565', 'GO:0001046', 'GO:0003684']"
gemma3:12b,Gemma3 12B,Q5RHH4,IF172,zebrafish,molecular_function,P3_fewshot,complete_miss,partial_hallucination,0.5,6,0,0,0.0,0.0,"Okay, let's predict Gene Ontology Molecular Function terms for IF172 in *Danio rerio* (Zebrafish), based on the provided information.

Given the known function – ""Required for the maintenance and formation of cilia"" – and the protein's name (""Intraflagellar transport protein""), we can infer several ",,"['GO:0001058', 'GO:0006466', 'GO:0005515']",[]
gemma3:12b,Gemma3 12B,Q9IAT6,DLLC,zebrafish,cellular_component,P1_zeroshot,complete_miss,high_hallucination,0.75,4,3,0,0.0,0.0,"Okay, here's a list of Gene Ontology (GO) Cellular Component (CC) terms that best describe Delta-like protein C (DLLC) in *Danio rerio* (Zebrafish), based on its known function as a Notch ligand involved in somitogenesis and cell synchronization. I'll prioritize terms that reflect its likely localiz",GO:0005737|cytoplasm; GO:0048471|perinuclear region of cytoplasm; GO:0005886|plasma membrane,"['GO:0001992', 'GO:0009973', 'GO:0001990']","['GO:0005886', 'GO:0005737', 'GO:0048471']"
gemma3:12b,Gemma3 12B,P33927,CCMF,ecoli,molecular_function,P4_cot,complete_miss,partial_hallucination,0.5,2,2,0,0.0,0.0,"Okay, let's break down the molecular function of CcmF from *E. coli* and assign appropriate GO terms.

**Step 1: What is the protein's primary biochemical activity?**

The description states CcmF is ""Required for the biogenesis of c-type cytochromes"" and a ""Possible subunit of a heme lyase."" This is","GO:0020037|heme binding; GO:0016679|oxidoreductase activity, acting on diphenols and related substances as donors",['GO:0001674'],"['GO:0020037', 'GO:0016679']"
gemma3:12b,Gemma3 12B,Q9Y5L0,TNPO3,human,cellular_component,P3_fewshot,partial_match_high_recall,partial_hallucination|low_precision,0.5,8,4,2,0.25,0.5,"Okay, based on the provided information about TNPO3 (Transportin-3), its function as a nuclear importin, and the associated literature, here's a prediction of relevant Gene Ontology Cellular Component terms. I'll prioritize terms reflecting its known role in nuclear transport.

GO:0005829 | cytosol
",GO:0005642|annulate lamellae; GO:0005829|cytosol; GO:0005635|nuclear envelope; GO:0005654|nucleoplasm,"['GO:0031066', 'GO:0016049', 'GO:0010623', 'GO:0016051']","['GO:0005642', 'GO:0005635']"
gemma3:12b,Gemma3 12B,P32494,NGG1,yeast,biological_process,P3_fewshot,partial_match_high_recall,partial_hallucination|low_precision,0.308,13,2,1,0.077,0.5,"Okay, based on the provided information about NGG1 (SAGA complex subunit) in *Saccharomyces cerevisiae*, here's a prediction of relevant Gene Ontology Biological Process terms. I've prioritized terms directly supported by the provided text and expanded based on the known functions of the SAGA comple",GO:0006325|chromatin organization; GO:0006357|regulation of transcription by RNA polymerase II,"['GO:0044282', 'GO:0040007', 'GO:0007049', 'GO:0006928']",['GO:0006325']
gemma3:12b,Gemma3 12B,Q9BSQ5,CCM2,human,cellular_component,P5_selection,partial_match_high_recall,low_precision,0.0,5,2,1,0.2,0.5,"Given the known function of CCM2 as a regulator of endothelial cell junctions and a scaffold protein involved in MAP kinase signaling, and considering its likely role in cell structure and signaling, the following GO terms are most likely to apply:

GO:0005737 | cytoplasm
GO:0005634 | nucleus
GO:000",GO:0005737|cytoplasm; GO:0005739|mitochondrion,[],['GO:0005739']
gemma3:12b,Gemma3 12B,P0AGD3,SODF,ecoli,biological_process,P1_zeroshot,complete_miss,high_hallucination,0.714,7,3,0,0.0,0.0,"Okay, here's a list of Gene Ontology (GO) Biological Process terms that best describe Superoxide Dismutase [Fe] (SODF) from *Escherichia coli* (strain K12), based on its known function. I've prioritized terms that are most directly relevant and commonly associated with SODF. I'll also include some r",GO:0019430|removal of superoxide radicals; GO:0000303|response to superoxide; GO:0006801|superoxide metabolic process,"['GO:0010065', 'GO:0006978', 'GO:0009858', 'GO:0006980', 'GO:0006981']","['GO:0006801', 'GO:0000303', 'GO:0019430']"
gemma3:12b,Gemma3 12B,F1QB30,AMFR,zebrafish,cellular_component,P4_cot,complete_miss,high_hallucination,0.6,5,2,0,0.0,0.0,"Okay, let's break down the Cellular Component GO terms likely applicable to AMFR, a zebrafish E3 ubiquitin ligase, step-by-step.

**Step 1: What is the protein's primary biochemical activity?**

AMFR's primary biochemical activity is that of an E3 ubiquitin-protein ligase. This means it catalyzes th",GO:0005783|endoplasmic reticulum; GO:0005789|endoplasmic reticulum membrane,"['GO:0000768', 'GO:0000769', 'GO:0006461']","['GO:0005783', 'GO:0005789']"
gemma3:12b,Gemma3 12B,P0A6M8,EFG,ecoli,molecular_function,P3_fewshot,complete_miss,high_hallucination,0.625,8,3,0,0.0,0.0,"Okay, based on the provided information about EFG (Elongation Factor G) from *Escherichia coli*, here's a prediction of Gene Ontology Molecular Function terms. I'll prioritize terms directly supported by the description and infer others based on the known biochemical activity.

GO:0008059 | GTP bind",GO:0003924|GTPase activity; GO:0097216|guanosine tetraphosphate binding; GO:0003746|translation elongation factor activity,"['GO:0001842', 'GO:0008059', 'GO:0005515', 'GO:0001677', 'GO:0003779']","['GO:0003924', 'GO:0097216', 'GO:0003746']"
gemma3:12b,Gemma3 12B,P61021,RAB5B,mouse,biological_process,P4_cot,complete_hallucination,high_hallucination,1.0,4,2,0,0.0,0.0,"Okay, let's break down the Biological Process GO terms applicable to RAB5B, step-by-step.

**Step 1: What is the protein's primary biochemical activity?**

RAB5B is a small GTPase. This means its primary biochemical activity revolves around cycling between a GDP-bound (inactive) state and a GTP-boun",GO:0007032|endosome organization; GO:0030100|regulation of endocytosis,"['GO:0000202', 'GO:0000177', 'GO:0000251', 'GO:0000259']","['GO:0007032', 'GO:0030100']"
gemma3:12b,Gemma3 12B,P0A8S1,ARGP,ecoli,biological_process,P3_fewshot,complete_miss,partial_hallucination,0.455,11,3,0,0.0,0.0,"Okay, based on the provided information about ARGP (ArgP) from *Escherichia coli*, here's a prediction of Gene Ontology Biological Process terms. I've prioritized terms directly supported by the text and included some inferred terms based on the known functions.

GO:0008017 | transcriptional regulat",GO:0032297|negative regulation of DNA-templated DNA replication initiation; GO:0045892|negative regulation of DNA-templated transcription; GO:0045893|positive regulation of DNA-templated transcription,"['GO:0005858', 'GO:0009059', 'GO:0045888', 'GO:0044282', 'GO:0006412']","['GO:0045892', 'GO:0032297', 'GO:0045893']"
gemma3:12b,Gemma3 12B,Q6ZNB7,ALKMO,human,biological_process,P1_zeroshot,complete_miss,partial_hallucination,0.5,8,2,0,0.0,0.0,"Okay, here's a list of Gene Ontology (GO) Biological Process terms that best describe ALKMO (Alkylglycerol monooxygenase) in *Homo sapiens*, based on its known function as a glyceryl-ether monooxygenase involved in ether lipid metabolism. I've prioritized terms that directly reflect its enzymatic ac",GO:0046485|ether lipid metabolic process; GO:0006643|membrane lipid metabolic process,"['GO:0008157', 'GO:0006638', 'GO:0006747', 'GO:0004508']","['GO:0046485', 'GO:0006643']"
gemma3:12b,Gemma3 12B,F6NXI9,TRNT1,zebrafish,molecular_function,P2_constrained,complete_miss,,0.0,1,0,0,0.0,0.0,"GO:0003735 | tRNA nucleotidyltransferase activity
",,[],[]
gemma3:12b,Gemma3 12B,P54761,EPHB4,mouse,cellular_component,P2_constrained,complete_miss,,0.0,2,0,0,0.0,0.0,"GO:0005524 | integral membrane protein
GO:0005525 | cell membrane
",,[],[]
gemma3:12b,Gemma3 12B,Q8VHC5,CABP4,mouse,molecular_function,P1_zeroshot,complete_miss,high_hallucination,0.8,5,0,0,0.0,0.0,"Okay, based on the provided information and my expertise as a molecular biologist, here's a list of Gene Ontology (GO) Molecular Function terms that best describe CABP4 (Calcium-binding protein 4) in *Mus musculus* (Mouse). I've prioritized terms that directly reflect the described function and supp",,"['GO:0001559', 'GO:0008267', 'GO:0001050', 'GO:0005264']",[]
gemma3:12b,Gemma3 12B,P11412,G6PD,yeast,cellular_component,P2_constrained,complete_miss,,0.0,1,1,0,0.0,0.0,"GO:0005829 | cytosol
",GO:0005737|cytoplasm,[],['GO:0005737']
gemma3:12b,Gemma3 12B,Q92051,CAHZ,zebrafish,cellular_component,P4_cot,complete_miss,high_hallucination,0.8,5,0,0,0.0,0.0,"Okay, let's break down the likely Cellular Component GO terms for the zebrafish (Danio rerio) carbonic anhydrase (CAHZ) protein.

**Step 1: What is the protein's primary biochemical activity?**

The protein description explicitly states: ""Reversible hydration of carbon dioxide."" This is a catalytic ",,"['GO:0006469', 'GO:0001959', 'GO:0005515', 'GO:0001712']",[]
gemma3:12b,Gemma3 12B,Q62108,DLG4,mouse,biological_process,P4_cot,complete_miss,partial_hallucination,0.333,3,12,0,0.0,0.0,"Okay, let's break down the Biological Process GO terms applicable to DLG4, step by step.

**Step 1: What is the protein's primary biochemical activity?**

DLG4's primary biochemical activity is that of a *scaffolding protein*. It doesn't have a catalytic function itself, but it acts as a platform to",GO:0035865|cellular response to potassium ion; GO:0060997|dendritic spine morphogenesis; GO:0035641|locomotory exploration behavior; GO:0050885|neuromuscular process controlling balance; GO:0099645|ne,['GO:0007269'],"['GO:0071625', 'GO:0060997', 'GO:0050885', 'GO:0035176', 'GO:0035641']"
gemma3:12b,Gemma3 12B,P97445,CAC1A,mouse,cellular_component,P3_fewshot,complete_miss,high_hallucination,0.571,7,6,0,0.0,0.0,"Okay, based on the provided information about CAC1A (Voltage-dependent P/Q-type calcium channel subunit alpha-1A) in *Mus musculus*, here's a prediction of relevant Gene Ontology Cellular Component terms. I'm factoring in its known function as a voltage-gated calcium channel, its association with P/",GO:0030425|dendrite; GO:0098978|glutamatergic synapse; GO:0043025|neuronal cell body; GO:0045211|postsynaptic membrane; GO:0048787|presynaptic active zone membrane; GO:0005891|voltage-gated calcium ch,"['GO:0005742', 'GO:0030477', 'GO:0006461', 'GO:0005515']","['GO:0005891', 'GO:0098978', 'GO:0043025', 'GO:0048787', 'GO:0030425']"
gemma3:12b,Gemma3 12B,P08779,K1C16,human,molecular_function,P1_zeroshot,complete_miss,high_hallucination,0.857,7,0,0,0.0,0.0,"Okay, here's a list of Gene Ontology (GO) Molecular Function terms that best describe the human keratin K1C16 (also known as CK-16, K16), based on its known function and the information available in databases like UniProt. I'll prioritize terms that directly reflect its role in skin barrier maintena",,"['GO:0006918', 'GO:0002006', 'GO:0001926', 'GO:0003701', 'GO:0005515']",[]
gemma3:12b,Gemma3 12B,A2A8U2,TM201,mouse,cellular_component,P5_selection,complete_miss,,0.0,6,1,0,0.0,0.0,"Here's the breakdown of which GO Cellular Component terms apply to TM201, based on the provided information and my expertise as a molecular biologist:

GO:0005634 | nucleus
GO:0016020 | membrane
GO:0005737 | cytoplasm
GO:0005886 | plasma membrane
GO:0015629 | actin cytoskeleton
GO:0005925 | focal ad",GO:0031965|nuclear membrane,[],['GO:0031965']
gemma3:12b,Gemma3 12B,P22599,A1AT2,mouse,cellular_component,P5_selection,complete_miss,,0.0,4,1,0,0.0,0.0,"GO:0005783 | endoplasmic reticulum
GO:0005654 | nucleoplasm
GO:0005737 | cytoplasm
GO:0005829 | cytosol



**Explanation:**

A1AT2 (Alpha-1 antitrypsin) is a secreted protein, but it undergoes significant processing and modification within the cell before secretion. Here's why the selected GO terms ",GO:0005576|extracellular region,[],['GO:0005576']
gemma3:12b,Gemma3 12B,Q6ZVE7,GOT1A,human,cellular_component,P2_constrained,complete_miss,,0.0,1,4,0,0.0,0.0,"GO:0005829 | Golgi apparatus
",GO:0005783|endoplasmic reticulum; GO:0000137|Golgi cis cisterna; GO:0005635|nuclear envelope; GO:0005802|trans-Golgi network,[],"['GO:0000137', 'GO:0005635', 'GO:0005783', 'GO:0005802']"
qwen2.5:7b,Qwen2.5 7B,P09151,LEU1,ecoli,cellular_component,P1_zeroshot,partial_match_good,,0.0,2,1,1,0.5,1.0,"The protein LEU1, which is 2-isopropylmalate synthase in Escherichia coli K12, can be associated with several Gene Ontology (GO) Cellular Component terms that describe its localization or interaction within the cell. Here are some relevant GO IDs and term names:

- GO:0005739 | cytoplasm
- GO:000582",GO:0005829|cytosol,[],[]
qwen2.5:7b,Qwen2.5 7B,P76334,DRPB,ecoli,biological_process,P1_zeroshot,complete_hallucination,high_hallucination,1.0,2,2,0,0.0,0.0,"Based on the information provided, we can infer some potential Gene Ontology (GO) Biological Process terms that could be relevant to the function of DRPB in Escherichia coli. However, it's important to note that without direct experimental evidence or database annotations, these are educated guesses",GO:0071468|cellular response to acidic pH; GO:0043093|FtsZ-dependent cytokinesis,"['GO:0051211', 'GO:0042379']","['GO:0071468', 'GO:0043093']"
qwen2.5:7b,Qwen2.5 7B,Q16831,UPP1,human,biological_process,P3_fewshot,complete_miss,high_hallucination,0.8,5,1,0,0.0,0.0,"Based on the known function of Uridine phosphorylase 1 (UPP1), which catalyzes the reversible phosphorylytic cleavage of uridine to uracil and ribose-1-phosphate, we can predict several Gene Ontology Biological Process terms that are relevant to its activity. Here is a list of potential GO Biologica",GO:0006218|uridine catabolic process,"['GO:0006373', 'GO:0009058', 'GO:0050796', 'GO:0006412']",['GO:0006218']
qwen2.5:7b,Qwen2.5 7B,P0A8S1,ARGP,ecoli,cellular_component,P4_cot,complete_miss,,0.0,1,0,0,0.0,0.0,"Let's break down the information step by step to determine the appropriate GO Cellular Component terms for the protein ARGP (HTH-type transcriptional regulator ArgP).

### Step 1: Primary Biochemical Activity
ARGP primarily functions as a transcriptional regulator. It controls the expression of gene",,[],[]
qwen2.5:7b,Qwen2.5 7B,J3QK54,FIGL2,mouse,molecular_function,P3_fewshot,complete_hallucination,high_hallucination,1.0,3,0,0,0.0,0.0,"Based on the provided information about FIGL2 (Fidgetin-like protein 2) and its known functions, we can predict several Gene Ontology (GO) Molecular Function terms that are relevant to this protein in Mus musculus:

1. **Microtubule-severing activity** - This is directly mentioned as a function of t",,"['GO:0015046', 'GO:0038097', 'GO:0005515']",[]
qwen2.5:7b,Qwen2.5 7B,P0A9V8,SQUU,ecoli,cellular_component,P1_zeroshot,complete_miss,partial_hallucination,0.5,2,1,0,0.0,0.0,"Based on the information provided about SQUU, 3-sulfolactaldehyde reductase from Escherichia coli K12, we can infer its cellular localization and assign relevant Gene Ontology (GO) terms for the Cellular Component category. Here are some appropriate GO IDs and term names:

- GO:0005764 | cell
- GO:0",GO:0032991|protein-containing complex,['GO:0030695'],['GO:0032991']
qwen2.5:7b,Qwen2.5 7B,Q9PVF8,CTNA1,zebrafish,molecular_function,P4_cot,complete_miss,high_hallucination,0.75,4,2,0,0.0,0.0,"Let's break down the information step by step to determine the appropriate GO (Gene Ontology) Molecular Function terms for CTNA1 (Catenin alpha-1) in Danio rerio (Zebrafish).

### Step 1: What is the protein's primary biochemical activity?
CTNA1 primarily functions as a scaffold or adaptor protein t",GO:0051015|actin filament binding; GO:0045296|cadherin binding,"['GO:0005279', 'GO:0019953', 'GO:0008252']","['GO:0051015', 'GO:0045296']"
qwen2.5:7b,Qwen2.5 7B,Q03356,MSXB,zebrafish,molecular_function,P2_constrained,complete_miss,,0.0,1,0,0,0.0,0.0,GO:0043565 | transcription factor activity,,[],[]
qwen2.5:7b,Qwen2.5 7B,P40482,SEC24,yeast,biological_process,P2_constrained,complete_miss,high_hallucination,0.6,5,4,0,0.0,0.0,"GO:0007049 | vesicle-mediated transport
GO:0016185 | protein targeting to membrane
GO:0006923 | protein transport
GO:0007017 | Golgi to plasma membrane transport
GO:0007015 | ER to Golgi transport",GO:0090110|COPII-coated vesicle cargo loading; GO:0016236|macroautophagy; GO:1902953|positive regulation of ER to Golgi vesicle-mediated transport; GO:0070863|positive regulation of protein exit from ,"['GO:0006923', 'GO:0007049', 'GO:0016185']","['GO:0016236', 'GO:1902953', 'GO:0070863', 'GO:0090110']"
qwen2.5:7b,Qwen2.5 7B,P36421,SYYC,yeast,biological_process,P4_cot,complete_hallucination,high_hallucination,1.0,4,1,0,0.0,0.0,"Let's break down the information step by step to determine the appropriate GO Biological Process terms for this protein:

### Step 1: What is the protein's primary biochemical activity?
The primary biochemical activity of SYYC (Tyrosine--tRNA ligase, cytoplasmic) is catalyzing the attachment of L-ty",GO:0006437|tyrosyl-tRNA aminoacylation,"['GO:0031579', 'GO:0016489', 'GO:0006428', 'GO:0051252']",['GO:0006437']
qwen2.5:7b,Qwen2.5 7B,Q8C0L9,GPCP1,mouse,biological_process,P2_constrained,complete_miss,,0.0,1,1,0,0.0,0.0,GO:0030154 | negative regulation of skeletal muscle differentiation,GO:0007519|skeletal muscle tissue development,[],['GO:0007519']
qwen2.5:7b,Qwen2.5 7B,Q6R6M4,U17L2,human,molecular_function,P2_constrained,complete_miss,high_hallucination,0.667,3,1,0,0.0,0.0,"GO:0004871 | ubiquitin-modifying enzyme activity  
GO:0005524 | protein binding  
GO:0038096 | deubiquitinating enzyme activity",GO:0004843|cysteine-type deubiquitinase activity,"['GO:0038096', 'GO:0004871']",['GO:0004843']
qwen2.5:7b,Qwen2.5 7B,Q148W0,AT8B1,mouse,biological_process,P4_cot,complete_hallucination,high_hallucination,1.0,6,8,0,0.0,0.0,"Let's break down the information step by step to determine the appropriate Biological Process GO terms for AT8B1 (Phospholipid-transporting ATPase IC).

### Step 1: What is the protein's primary biochemical activity?
The primary biochemical activity of AT8B1 involves catalyzing the transport of phos",GO:0015917|aminophospholipid transport; GO:0015721|bile acid and bile salt transport; GO:0008206|bile acid metabolic process; GO:0060119|inner ear receptor cell development; GO:0015711|organic anion t,"['GO:0007048', 'GO:0006928', 'GO:0007153', 'GO:0007269', 'GO:0007210']","['GO:0007605', 'GO:0021650', 'GO:0015711', 'GO:0015721', 'GO:0060119']"
qwen2.5:7b,Qwen2.5 7B,O35235,TNF11,mouse,biological_process,P1_zeroshot,complete_miss,high_hallucination,0.6,5,25,0,0.0,0.0,"Based on the provided information, we can infer several Gene Ontology (GO) Biological Process terms that are relevant to TNF11 (Osteoclast differentiation factor; ODF; Osteoprotegerin ligand; RANKL; TRANCE). Here are some of the most appropriate GO IDs and term names:

- GO:0032965 | osteoclast diff",GO:0009887|animal organ morphogenesis; GO:0060348|bone development; GO:0045453|bone resorption; GO:0055074|calcium ion homeostasis; GO:0019722|calcium-mediated signaling; GO:1990830|cellular response ,"['GO:0007373', 'GO:0032965', 'GO:0007185']","['GO:0043123', 'GO:0046330', 'GO:0009887', 'GO:2001206', 'GO:0001503']"
qwen2.5:7b,Qwen2.5 7B,E7FF10,VWA1,zebrafish,biological_process,P1_zeroshot,complete_miss,high_hallucination,0.667,3,5,0,0.0,0.0,"Based on the provided information, we can infer several Gene Ontology (GO) Biological Process terms that are likely to be associated with VWA1 in Danio rerio (Zebrafish). Here are some of the relevant GO IDs and term names:

- GO:0048664 | extracellular matrix organization
- GO:0030529 | skeletal mu",GO:0007409|axonogenesis; GO:0014032|neural crest cell development; GO:1902026|regulation of cartilage condensation; GO:0061035|regulation of cartilage development; GO:0051124|synaptic assembly at neur,"['GO:0048664', 'GO:0030529']","['GO:0007409', 'GO:0061035', 'GO:0051124', 'GO:0014032', 'GO:1902026']"
qwen2.5:7b,Qwen2.5 7B,Q8CJ69,BMPER,mouse,molecular_function,P2_constrained,complete_miss,,0.0,1,0,0,0.0,0.0,GO:0032174 | inhibitor activity,,[],[]
qwen2.5:7b,Qwen2.5 7B,Q9H0R5,GBP3,human,biological_process,P1_zeroshot,complete_miss,partial_hallucination,0.5,6,2,0,0.0,0.0,"Based on the provided information, we can infer several Gene Ontology (GO) Biological Process terms that are relevant to GBP3's functions. Here are some of the most appropriate GO IDs and term names:

1. GO:0042986 | positive regulation of inflammasome assembly
2. GO:0006954 | response to bacterium
",GO:0071347|cellular response to interleukin-1; GO:0071356|cellular response to tumor necrosis factor,"['GO:0002237', 'GO:0042986', 'GO:0016801']","['GO:0071356', 'GO:0071347']"
qwen2.5:7b,Qwen2.5 7B,Q14117,DPYS,human,cellular_component,P5_selection,empty_response,no_go_ids_extracted,0.0,0,1,0,0.0,0.0,"NONE

Based on the function described for DPYS (Dihydropyrimidinase), there is no specific indication that this enzyme is localized to any of the provided cellular components. The function described involves enzymatic activity related to the degradation of dihydropyrimidines, which does not typicall",GO:0070062|extracellular exosome,[],[]
qwen2.5:7b,Qwen2.5 7B,Q5XJ34,KC15L,zebrafish,molecular_function,P1_zeroshot,complete_miss,partial_hallucination,0.333,3,0,0,0.0,0.0,"Based on the information provided, KC15L or BTB/POZ domain-containing protein kctd15-like from Danio rerio (Zebrafish) is likely to be involved in several molecular functions. However, specific Gene Ontology (GO) terms for this exact protein might not be readily available due to the limited informat",,['GO:0005515'],[]
qwen2.5:7b,Qwen2.5 7B,Q6GQN0,CEP41,zebrafish,molecular_function,P5_selection,complete_miss,partial_hallucination,0.5,2,1,0,0.0,0.0,"GO:0005515 | protein binding
GO:0005524 | ATP binding

These two terms are relevant based on the information provided. CEP41 is involved in transporting tubulin polyglutamylases, which suggests it may bind proteins and require ATP for its function.",GO:0070740|tubulin-glutamic acid ligase activity,['GO:0005515'],['GO:0070740']
qwen2.5:7b,Qwen2.5 7B,P33599,NUOCD,ecoli,molecular_function,P2_constrained,complete_hallucination,high_hallucination,1.0,1,0,0,0.0,0.0,GO:0015643 | electron carrier activity,,['GO:0015643'],[]
qwen2.5:7b,Qwen2.5 7B,Q12525,MHT1,yeast,molecular_function,P2_constrained,complete_miss,,0.0,1,1,0,0.0,0.0,GO:0016787 | methyltransferase activity,GO:0008898|S-adenosylmethionine-homocysteine S-methyltransferase activity,[],['GO:0008898']
qwen2.5:7b,Qwen2.5 7B,P0AAA7,WZXE,ecoli,biological_process,P3_fewshot,complete_miss,high_hallucination,0.8,5,1,0,0.0,0.0,"Based on the known function of WZXE (Lipid III flippase) in Escherichia coli, we can predict its involvement in several biological processes related to lipid transport and cell wall biosynthesis. Here are some potential Gene Ontology Biological Process terms:

GO:0016265 | lipid transport
GO:0043231",GO:0009246|enterobacterial common antigen biosynthetic process,"['GO:0007019', 'GO:0007066', 'GO:0007086', 'GO:0016265']",['GO:0009246']
qwen2.5:7b,Qwen2.5 7B,P0A8S5,USPB,ecoli,biological_process,P4_cot,complete_miss,partial_hallucination,0.333,3,3,0,0.0,0.0,"Let's break down the process step by step:

### Step 1: Primary Biochemical Activity of USPB (Universal Stress Protein B)
- **USPB** is a heat shock protein that plays a crucial role in protecting cells from various environmental stresses, including heat, cold, oxidative stress, and nutrient depriva",GO:0006974|DNA damage response; GO:0000725|recombinational repair; GO:0045471|response to ethanol,['GO:0019874'],"['GO:0000725', 'GO:0006974', 'GO:0045471']"
qwen2.5:7b,Qwen2.5 7B,Q9Z1Q3,LY66D,mouse,biological_process,P4_cot,complete_hallucination,high_hallucination,1.0,4,1,0,0.0,0.0,"Let's break down the process step by step:

### Step 1: Primary Biochemical Activity of LY66D

LY66D is a lymphocyte antigen that belongs to the Ly6/11 superfamily. The primary biochemical activity of this protein likely involves cell surface recognition and signaling, as many members of the Ly6/11 ",GO:0095500|acetylcholine receptor signaling pathway,"['GO:0030598', 'GO:0007264', 'GO:0050896', 'GO:0046711']",['GO:0095500']
qwen2.5:7b,Qwen2.5 7B,P0AB24,EFEO,ecoli,molecular_function,P1_zeroshot,complete_hallucination,high_hallucination,1.0,2,0,0,0.0,0.0,"Based on the information provided, we can infer several Gene Ontology (GO) Molecular Function terms that are relevant to the EFEO protein from Escherichia coli K12. Here are the most appropriate GO terms:

- GO:0046385 | iron ion binding
- GO:0009781 | electron carrier activity

These terms reflect ",,"['GO:0046385', 'GO:0009781']",[]
qwen2.5:7b,Qwen2.5 7B,Q16572,VACHT,human,molecular_function,P1_zeroshot,complete_miss,high_hallucination,0.667,3,2,0,0.0,0.0,"Based on the provided information, we can infer several Gene Ontology (GO) Molecular Function terms that are relevant to the VACHT protein. Here are some of the most appropriate GO terms:

1. GO:0032469 | proton-transporting ATPase activity
2. GO:0050789 | neurotransmitter transport
3. GO:0005515 | ",GO:0005278|acetylcholine:proton antiporter activity; GO:0015311|monoamine:proton antiporter activity,"['GO:0050789', 'GO:0005515']","['GO:0015311', 'GO:0005278']"
qwen2.5:7b,Qwen2.5 7B,Q98862,IHH,zebrafish,biological_process,P2_constrained,complete_miss,high_hallucination,0.667,3,3,0,0.0,0.0,"GO:0019215 | skeletal system development  
GO:0007417 | sensory perception of light in eye photoreceptor cells  
GO:0009886 | retinal pigment epithelium development",GO:0048709|oligodendrocyte differentiation; GO:0070445|regulation of oligodendrocyte progenitor proliferation; GO:0055002|striated muscle cell development,"['GO:0009886', 'GO:0019215']","['GO:0055002', 'GO:0070445', 'GO:0048709']"
qwen2.5:7b,Qwen2.5 7B,P09798,CDC16,yeast,molecular_function,P1_zeroshot,complete_miss,high_hallucination,0.75,4,0,0,0.0,0.0,"Based on the provided information, we can infer several Gene Ontology (GO) Molecular Function terms that are relevant to the function of CDC16 in Saccharomyces cerevisiae. Here are some appropriate GO terms:

- GO:0032987 | ubiquitin-protein ligase activity
- GO:0045221 | protein binding

These term",,"['GO:0051234', 'GO:0032987', 'GO:0045221']",[]
qwen2.5:7b,Qwen2.5 7B,Q9Y297,FBW1A,human,biological_process,P4_cot,complete_miss,partial_hallucination,0.5,6,9,0,0.0,0.0,"Let's break down the information step by step to determine the appropriate Biological Process GO terms for FBW1A (FBXW1A).

### Step 1: What is the protein's primary biochemical activity?
- **Primary Biochemical Activity**: FBW1A acts as a substrate recognition component of an SCF E3 ubiquitin-prote",GO:0050860|negative regulation of T cell receptor signaling pathway; GO:0038061|non-canonical NF-kappaB signal transduction; GO:0043161|proteasome-mediated ubiquitin-dependent protein catabolic proces,"['GO:0016593', 'GO:0006412', 'GO:0007048']","['GO:0038061', 'GO:0070936', 'GO:0031146', 'GO:0006511', 'GO:0050860']"
qwen2.5:7b,Qwen2.5 7B,P40003,VAB2,yeast,molecular_function,P5_selection,complete_miss,partial_hallucination,0.5,2,0,0,0.0,0.0,"GO:0005515 | protein binding
GO:0005524 | ATP binding

These are the GO Molecular Function terms that match the known function of VAB2 from Saccharomyces cerevisiae. The protein is involved in endosomal cargo sorting as a component of BLOC-1, which typically involves interactions with other proteins",,['GO:0005515'],[]
qwen2.5:7b,Qwen2.5 7B,Q06639,RSC3,yeast,cellular_component,P1_zeroshot,complete_miss,partial_hallucination,0.25,4,2,0,0.0,0.0,"Based on the provided information, the following Gene Ontology (GO) Cellular Component terms can be assigned to RSC3:

1. GO:0005829 | nucleosome
2. GO:0005654 | nucleus
3. GO:0030054 | chromatin
4. GO:0000793 | kinetochore

These terms reflect the cellular components where RSC3 is known to be invol",GO:0005634|nucleus; GO:0016586|RSC-type complex,['GO:0000793'],"['GO:0005634', 'GO:0016586']"
qwen2.5:7b,Qwen2.5 7B,P0ABV2,EXBD,ecoli,cellular_component,P1_zeroshot,complete_miss,partial_hallucination,0.5,2,2,0,0.0,0.0,"Certainly! Based on the known function of ExbD, which is involved in the TonB-dependent energy-dependent transport of various receptor-bound substrates, we can infer several Gene Ontology (GO) Cellular Component terms that describe its localization and role. Here are some appropriate GO IDs and term",GO:0005886|plasma membrane; GO:0098797|plasma membrane protein complex,['GO:0045221'],"['GO:0098797', 'GO:0005886']"
qwen2.5:7b,Qwen2.5 7B,P57102,HAND2,zebrafish,molecular_function,P1_zeroshot,complete_miss,partial_hallucination,0.5,2,0,0,0.0,0.0,"Based on the known function of HAND2 in zebrafish, we can infer several Gene Ontology (GO) Molecular Function terms that are relevant to its role. Here are some appropriate GO IDs and term names:

- GO:0043568 | transcription factor activity, RNA-binding
- GO:0003700 | transcription factor activity
",,['GO:0043568'],[]
qwen2.5:7b,Qwen2.5 7B,Q9DC50,OCTC,mouse,cellular_component,P1_zeroshot,complete_miss,partial_hallucination,0.5,2,2,0,0.0,0.0,"Based on the information provided, we can infer several Gene Ontology (GO) Cellular Component terms that would be relevant for Peroxisomal carnitine O-octanoyltransferase (COT). Here are some of the most appropriate GO IDs and term names:

1. GO:0005743 | peroxisome
2. GO:0098672 | membrane

These t",GO:0005739|mitochondrion; GO:0005777|peroxisome,['GO:0098672'],"['GO:0005739', 'GO:0005777']"
qwen2.5:7b,Qwen2.5 7B,A5PLE7,GP83A,zebrafish,cellular_component,P3_fewshot,complete_miss,partial_hallucination,0.4,5,0,0,0.0,0.0,"Based on the provided information about GP83A (G-protein coupled receptor 183-A) from Danio rerio, we can predict its potential cellular component annotations based on its known function and localization in various cell types. Here are some likely Gene Ontology Cellular Component terms:

GO:0005634 ",,"['GO:0016021', 'GO:0097358']",[]
qwen2.5:7b,Qwen2.5 7B,Q5VY09,IER5,human,molecular_function,P3_fewshot,complete_miss,partial_hallucination,0.333,3,1,0,0.0,0.0,"Based on the provided information about IER5 (Immediate early response gene 5 protein) and its known functions, we can predict several Gene Ontology (GO) Molecular Function terms for this protein in Homo sapiens:

1. **Transcription factor activity** - Given that it plays a role as a transcription f",GO:0042802|identical protein binding,['GO:0001071'],['GO:0042802']
qwen2.5:7b,Qwen2.5 7B,Q96H20,SNF8,human,molecular_function,P2_constrained,complete_miss,,0.0,1,3,0,0.0,0.0,GO:0019899 | ubiquitin-protein ligase activity,GO:0016247|channel regulator activity; GO:0008289|lipid binding; GO:0042803|protein homodimerization activity,[],"['GO:0042803', 'GO:0016247', 'GO:0008289']"
qwen2.5:7b,Qwen2.5 7B,P63883,AMIC,ecoli,cellular_component,P5_selection,empty_response,no_go_ids_extracted,0.0,0,2,0,0.0,0.0,"NONE

The function of AMIC (N-acetylmuramoyl-L-alanine amidase AmiC) is primarily associated with cell-wall hydrolase activity and its role in septum cleavage during cell division. Based on the provided information, there is no indication that this protein resides or functions within any of the list",GO:0030288|outer membrane-bounded periplasmic space; GO:0042597|periplasmic space,[],[]
qwen2.5:7b,Qwen2.5 7B,P75728,UBIF,ecoli,biological_process,P4_cot,complete_miss,partial_hallucination,0.333,3,1,0,0.0,0.0,"Let's break down the information step by step to determine the appropriate GO Biological Process terms for UBIF (3-demethoxyubiquinol 3-hydroxylase).

### Step 1: What is the protein's primary biochemical activity?
The primary biochemical activity of UBIF is catalyzing the hydroxylation of a specifi",GO:0006744|ubiquinone biosynthetic process,['GO:0019249'],['GO:0006744']
qwen2.5:7b,Qwen2.5 7B,P30411,BKRB2,human,biological_process,P5_selection,complete_miss,,0.0,4,2,0,0.0,0.0,"GO:0007165 | signal transduction
GO:0006351 | DNA-templated transcription
GO:0008283 | cell population proliferation
GO:0006954 | inflammatory response

These terms are directly related to the known functions of BKRB2, which is involved in signal transduction and can be associated with processes lik",GO:0050482|arachidonate secretion; GO:0042311|vasodilation,[],"['GO:0042311', 'GO:0050482']"
qwen2.5:7b,Qwen2.5 7B,Q90416,RXRGA,zebrafish,cellular_component,P4_cot,complete_miss,,0.0,1,0,0,0.0,0.0,"Let's break down the process step by step:

### Step 1: Primary Biochemical Activity
The primary biochemical activity of RXRGA is to act as a retinoic acid receptor. It binds to retinoic acid and forms heterodimers with other nuclear receptors, specifically retinoid X receptors (RXRs) or retinoic ac",,[],[]
qwen2.5:7b,Qwen2.5 7B,Q9YGW7,DAZL,zebrafish,cellular_component,P2_constrained,complete_miss,,0.0,1,1,0,0.0,0.0,GO:0005829 | nucleus,GO:0005737|cytoplasm,[],['GO:0005737']
qwen2.5:7b,Qwen2.5 7B,P0AC78,WECA,ecoli,biological_process,P5_selection,empty_response,no_go_ids_extracted,0.0,0,4,0,0.0,0.0,NONE,GO:0044038|cell wall macromolecule biosynthetic process; GO:0071555|cell wall organization; GO:0009246|enterobacterial common antigen biosynthetic process; GO:0009103|lipopolysaccharide biosynthetic p,[],[]
qwen2.5:7b,Qwen2.5 7B,P27240,WAAY,ecoli,biological_process,P3_fewshot,complete_miss,high_hallucination,0.75,4,2,0,0.0,0.0,"Based on the provided information about the protein WaaY, which is a kinase involved in the biosynthesis of the core oligosaccharide region of lipopolysaccharide (LPS) and specifically catalyzes the phosphorylation of the second heptose unit (HepII), we can predict several Gene Ontology Biological P",GO:0046835|carbohydrate phosphorylation; GO:0009244|lipopolysaccharide core region biosynthetic process,"['GO:0030337', 'GO:0019215', 'GO:0009987']","['GO:0009244', 'GO:0046835']"
qwen2.5:7b,Qwen2.5 7B,P47753,CAZA1,mouse,biological_process,P2_constrained,complete_hallucination,high_hallucination,1.0,2,1,0,0.0,0.0,"GO:0007049 | actin filament capping
GO:0015632 | regulation of dynein-dependent transport on microtubule",GO:0051016|barbed-end actin filament capping,"['GO:0015632', 'GO:0007049']",['GO:0051016']
qwen2.5:7b,Qwen2.5 7B,P63073,IF4E,mouse,molecular_function,P4_cot,complete_miss,high_hallucination,0.667,3,2,0,0.0,0.0,"Let's break down the information step by step to determine the appropriate GO (Gene Ontology) Molecular Function terms for IF4E:

### Step 1: What is the protein's primary biochemical activity?
- **Initiation of translation**: IF4E acts as a key component in the initiation complex eIF4F, which recog",GO:0098808|mRNA cap binding; GO:0003743|translation initiation factor activity,"['GO:0050369', 'GO:0010748']","['GO:0003743', 'GO:0098808']"
qwen2.5:7b,Qwen2.5 7B,Q1LXE6,TT39C,zebrafish,biological_process,P2_constrained,complete_miss,,0.0,1,3,0,0.0,0.0,GO:0006950 | response to heat,GO:0060271|cilium assembly; GO:0061371|determination of heart left/right asymmetry; GO:0032474|otolith morphogenesis,[],"['GO:0060271', 'GO:0032474', 'GO:0061371']"
qwen2.5:7b,Qwen2.5 7B,Q98862,IHH,zebrafish,cellular_component,P5_selection,empty_response,no_go_ids_extracted,0.0,0,0,0,0.0,0.0,"NONE

Based on the provided information about IHH (Indian hedgehog B protein) from Danio rerio, there is no specific mention of its localization to any of the given GO Cellular Component terms. The function described involves signaling in early development and patterning but does not specify a cellu",,[],[]
qwen2.5:7b,Qwen2.5 7B,Q5FW85,ECM2,mouse,cellular_component,P4_cot,complete_miss,partial_hallucination,0.5,2,2,0,0.0,0.0,"Let's break down the process step by step:

### Step 1: Primary Biochemical Activity of ECM2 Protein
The primary biochemical activity of ECM2 (Extracellular matrix protein 2) is to promote matrix assembly and cell adhesiveness. This indicates that it plays a role in the extracellular environment, sp",GO:0031012|extracellular matrix; GO:0005614|interstitial matrix,['GO:0045186'],"['GO:0031012', 'GO:0005614']"
Qwen/Qwen3-32B,Qwen3 32B,P30128,GREB,ecoli,molecular_function,P5_selection,complete_miss,partial_hallucination,0.2,10,1,0,0.0,0.0,"<think>
Okay, let's see. I need to figure out which of the given GO Molecular Function terms apply to the GREB protein from E. coli. The protein is called Transcription elongation factor GreB. The known function says it's necessary for efficient RNA polymerase transcription elongation past arresting",GO:0003711|transcription elongation factor activity,"['GO:0004725', 'GO:0005515']",['GO:0003711']
Qwen/Qwen3-32B,Qwen3 32B,P0AFH2,OPPB,ecoli,biological_process,P1_zeroshot,complete_miss,high_hallucination,0.8,5,1,0,0.0,0.0,"<think>
Okay, let's tackle this query. The user wants the Gene Ontology (GO) Biological Process terms for the OPPB protein in E. coli K12. First, I need to recall what I know about OPPB. From the provided information, it's part of the ABC transporter complexes OppABCDF and MppA-OppBCDF. These are in",GO:0015834|peptidoglycan-associated peptide transport,"['GO:0008304', 'GO:0042546', 'GO:0015842', 'GO:0042223']",['GO:0015834']
Qwen/Qwen3-32B,Qwen3 32B,Q16831,UPP1,human,biological_process,P1_zeroshot,complete_hallucination,high_hallucination,1.0,5,1,0,0.0,0.0,"<think>
Okay, I need to list the Gene Ontology (GO) Biological Process terms for the protein UPP1. Let me start by recalling what UPP1 does. The user mentioned that UPP1 catalyzes the reversible phosphorylytic cleavage of uridine into uracil and ribose-1-phosphate. This process is part of nucleotide",GO:0006218|uridine catabolic process,"['GO:0006001', 'GO:0009164', 'GO:0006142', 'GO:0009154', 'GO:0006012']",['GO:0006218']
Qwen/Qwen3-32B,Qwen3 32B,P0A7I0,RF1,ecoli,cellular_component,P4_cot,complete_miss,,0.0,1,1,0,0.0,0.0,GO:0005840 | ribosome,GO:0005829|cytosol,[],['GO:0005829']
Qwen/Qwen3-32B,Qwen3 32B,J3QK54,FIGL2,mouse,biological_process,P2_constrained,complete_miss,partial_hallucination,0.5,2,4,0,0.0,0.0,"<think>
Okay, let's tackle this query. The user wants me to predict the Gene Ontology Biological Process (GO BI) terms for the protein FIGL2 in Mus musculus. The rules specify to list only experimentally supported functions, format each term as GO:XXXXXXX | term name, and exclude Cellular Component ","GO:0051013|microtubule severing; GO:0048681|negative regulation of axon regeneration; GO:0030336|negative regulation of cell migration; GO:1903690|negative regulation of wound healing, spreading of ep",['GO:0031032'],"['GO:1903690', 'GO:0030336', 'GO:0048681', 'GO:0051013']"
Qwen/Qwen3-32B,Qwen3 32B,P09549,DEDD,ecoli,molecular_function,P4_cot,complete_miss,high_hallucination,0.75,4,2,0,0.0,0.0,"<think>
Okay, let's tackle this step by step. The protein in question is DEDD from E. coli K12. The known function says it's a non-essential cell division protein that might be required for efficient cell constriction. 

First, I need to figure out the primary biochemical activity. The name ""Cell di",GO:0008047|enzyme activator activity; GO:0042834|peptidoglycan binding,"['GO:0022402', 'GO:0000929', 'GO:0005515']","['GO:0042834', 'GO:0008047']"
Qwen/Qwen3-32B,Qwen3 32B,Q4TTN8,APEL,zebrafish,biological_process,P3_fewshot,partial_match_poor,partial_hallucination|low_recall|low_precision,0.182,11,10,1,0.091,0.1,"<think>
Okay, let's tackle this. The user wants me to predict the Gene Ontology Biological Process terms for the protein APEL in zebrafish. First, I need to understand what APEL does based on the provided information.

From the known function, APEL is a peptide hormone that acts as a ligand for the ",GO:0035479|angioblast cell migration from lateral mesoderm to midline; GO:0042074|cell migration involved in gastrulation; GO:0090134|cell migration involved in mesendoderm migration; GO:0061371|deter,"['GO:0071307', 'GO:0007548']","['GO:0001945', 'GO:0061371', 'GO:0008078', 'GO:0035479', 'GO:0002040']"
Qwen/Qwen3-32B,Qwen3 32B,B3G515,GPER1,zebrafish,molecular_function,P3_fewshot,empty_response,no_go_ids_extracted,0.0,0,2,0,0.0,0.0,"<think>
Okay, let's tackle this. The user wants me to predict the Gene Ontology Molecular Function terms for GPER1 in zebrafish. First, I need to recall what GPER1 does. From the given information, it's a G-protein coupled estrogen receptor. So, GPCRs typically have certain molecular functions.

Fir",GO:0038054|G protein-coupled estrogen receptor activity; GO:0005496|steroid binding,[],[]
Qwen/Qwen3-32B,Qwen3 32B,Q08465,YNG1,yeast,biological_process,P3_fewshot,complete_miss,,0.0,2,2,0,0.0,0.0,"<think>
Okay, let's tackle this. The user wants me to predict the Gene Ontology Biological Process terms for the protein YNG1 in Saccharomyces cerevisiae. First, I need to understand what YNG1 does based on the provided information.

The known function says YNG1 is a histone-binding component of the",GO:0006325|chromatin organization; GO:0032968|positive regulation of transcription elongation by RNA polymerase II,[],"['GO:0006325', 'GO:0032968']"
Qwen/Qwen3-32B,Qwen3 32B,Q08956,YIG1,yeast,cellular_component,P3_fewshot,partial_match_good,,0.0,1,2,1,1.0,0.5,"<think>
Okay, let's tackle this. I need to predict the GO Cellular Component terms for the protein YIG1 in Saccharomyces cerevisiae. First, I should recall what YIG1 is known for. The user mentioned it's involved in regulating anaerobiotic glycerol metabolism. So, glycerol metabolism usually relates",GO:0005829|cytosol; GO:0005634|nucleus,[],['GO:0005634']
Qwen/Qwen3-32B,Qwen3 32B,Q8C0L9,GPCP1,mouse,cellular_component,P2_constrained,empty_response,no_go_ids_extracted,0.0,0,1,0,0.0,0.0,"<think>
Okay, let's tackle this query. The user wants me to predict the Gene Ontology Cellular Component (GO CC) terms for the protein GPCP1 in Mus musculus. The rules specify only experimentally supported functions, formatted as GO:XXXXXXX | term name, and only CC terms.

First, I need to recall wh",GO:0005737|cytoplasm,[],[]
Qwen/Qwen3-32B,Qwen3 32B,Q6R6M4,U17L2,human,molecular_function,P1_zeroshot,partial_match_high_recall,partial_hallucination|low_precision,0.333,3,1,1,0.333,1.0,"<think>
Okay, let's tackle this query. The user wants the Gene Ontology (GO) Molecular Function terms for the protein U17L2, also known as USP17. First, I need to recall what GO Molecular Function terms are. They describe the biochemical activities of gene products, like enzyme activity or binding f",GO:0004843|cysteine-type deubiquitinase activity,['GO:0004543'],[]
Qwen/Qwen3-32B,Qwen3 32B,Q7TSI1,PKHM1,mouse,cellular_component,P2_constrained,complete_miss,,0.0,2,0,0,0.0,0.0,"<think>
Okay, let's tackle this query. The user wants me to predict the Gene Ontology Cellular Component (GO CC) terms for the protein PKHM1 in Mus musculus. The key here is to focus only on experimentally supported functions as per the provided information.

First, I'll go through the known functio",,[],[]
Qwen/Qwen3-32B,Qwen3 32B,Q02111,KPCT,mouse,cellular_component,P2_constrained,partial_match_poor,partial_hallucination|low_recall|low_precision,0.25,4,3,1,0.25,0.333,"<think>
Okay, let's tackle this query. The user wants me to predict the Gene Ontology Cellular Component (GO CC) terms for the protein KPCT in Mus musculus. The key here is to focus only on experimentally supported functions and list them in the specified format.

First, I need to parse the provided",GO:0005737|cytoplasm; GO:0001772|immunological synapse; GO:0005886|plasma membrane,['GO:0030106'],"['GO:0005737', 'GO:0001772']"
Qwen/Qwen3-32B,Qwen3 32B,Q155U0,VPS51,zebrafish,biological_process,P2_constrained,complete_miss,partial_hallucination,0.2,5,3,0,0.0,0.0,"<think>
Okay, let's tackle this query. The user wants me to predict the Gene Ontology Biological Process (GO BI) terms for the zebrafish VPS51 protein. First, I need to recall what the known functions are based on the provided information.

The protein is involved in retrograde transport from early ",GO:0007030|Golgi organization; GO:0048193|Golgi vesicle transport; GO:0044241|lipid digestion,['GO:0016199'],"['GO:0048193', 'GO:0007030', 'GO:0044241']"
Qwen/Qwen3-32B,Qwen3 32B,Q8CJ69,BMPER,mouse,molecular_function,P4_cot,complete_miss,high_hallucination,0.6,5,0,0,0.0,0.0,"<think>
Okay, let's tackle this step by step. The protein in question is BMPER, which stands for BMP-binding endothelial regulator. The organism is a mouse, and the known function is that it's an inhibitor of bone morphogenetic protein (BMP) function, possibly regulating BMP responsiveness in osteob",,"['GO:0005130', 'GO:0005019', 'GO:0004872']",[]
Qwen/Qwen3-32B,Qwen3 32B,Q9H0R5,GBP3,human,biological_process,P1_zeroshot,complete_miss,high_hallucination,0.625,8,2,0,0.0,0.0,"<think>
Okay, let's tackle this query. The user wants me to list the Gene Ontology (GO) Biological Process terms for GBP3. First, I need to recall what GBP3 does based on the provided information. The protein is an IFN-inducible GTPase involved in innate immunity against various pathogens. It hydrol",GO:0071347|cellular response to interleukin-1; GO:0071356|cellular response to tumor necrosis factor,"['GO:0002219', 'GO:0002216', 'GO:0002218', 'GO:0045007', 'GO:0002217']","['GO:0071356', 'GO:0071347']"
Qwen/Qwen3-32B,Qwen3 32B,Q14117,DPYS,human,cellular_component,P3_fewshot,complete_miss,,0.0,1,1,0,0.0,0.0,"<think>
Okay, let's see. I need to predict the GO Cellular Component terms for the DPYS protein in Homo sapiens. First, I should recall what DPYS does. The description says it's dihydropyrimidinase, involved in the reductive pyrimidine degradation pathway. The enzyme catalyzes the hydrolytic ring op",GO:0070062|extracellular exosome,[],['GO:0070062']
Qwen/Qwen3-32B,Qwen3 32B,P57102,HAND2,zebrafish,molecular_function,P5_selection,complete_miss,partial_hallucination,0.2,15,0,0,0.0,0.0,"<think>
Okay, let's tackle this question. The user wants me to determine which of the given GO Molecular Function terms apply to the HAND2 protein in zebrafish. The known function of HAND2 is essential for myocardial and pectoral fin differentiation, patterning, and morphogenesis. The reference prov",,"['GO:0004725', 'GO:0003779', 'GO:0005515']",[]
Qwen/Qwen3-32B,Qwen3 32B,Q1LYE3,Z143B,zebrafish,biological_process,P4_cot,complete_miss,partial_hallucination,0.125,8,3,0,0.0,0.0,"<think>
Okay, let's tackle this step by step. The protein in question is Z143B from zebrafish, a zinc finger protein. The user wants to know the appropriate Biological Process GO terms for it.

First, the primary biochemical activity. The description says it's a transcription factor that activates g",GO:0007420|brain development; GO:0045893|positive regulation of DNA-templated transcription; GO:0061035|regulation of cartilage development,['GO:2001231'],"['GO:0045893', 'GO:0007420', 'GO:0061035']"
Qwen/Qwen3-32B,Qwen3 32B,P31667,RPNA,ecoli,cellular_component,P2_constrained,complete_miss,,0.0,1,0,0,0.0,0.0,"<think>
Okay, let's tackle this. The user wants me to predict the Gene Ontology Cellular Component (GO CC) terms for the protein RPNA from E. coli K12. The task specifies only experimentally supported functions, so I need to focus on the information provided in the known function section.

First, I'",,[],[]
Qwen/Qwen3-32B,Qwen3 32B,P25039,EFGM,yeast,cellular_component,P5_selection,partial_match_good,,0.0,1,2,1,1.0,0.5,GO:0005739 |,GO:0005829|cytosol; GO:0005739|mitochondrion,[],['GO:0005829']
Qwen/Qwen3-32B,Qwen3 32B,P0AGE0,SSB,ecoli,molecular_function,P4_cot,partial_match_poor,partial_hallucination|low_recall|low_precision,0.4,5,3,1,0.2,0.333,"<think>
Okay, let's tackle this step by step. The protein in question is SSB from E. coli, which stands for Single-stranded DNA-binding protein. The user wants me to determine the appropriate Molecular Function GO terms for this protein.

First, Step 1: What's the primary biochemical activity? The d",GO:0008047|enzyme activator activity; GO:0042802|identical protein binding; GO:0003697|single-stranded DNA binding,"['GO:0006461', 'GO:0005515']","['GO:0042802', 'GO:0008047']"
Qwen/Qwen3-32B,Qwen3 32B,P13669,MNGR,ecoli,molecular_function,P4_cot,partial_match_high_recall,low_precision,0.0,6,1,1,0.167,1.0,"<think>
Okay, let's tackle this step by step. The protein in question is MNGR from E. coli K12. The user wants me to figure out the appropriate Molecular Function GO terms for it.

First, the primary biochemical activity. The description says it's a repressor that regulates mngA and mngB, and it als",GO:0003700|DNA-binding transcription factor activity,[],[]
Qwen/Qwen3-32B,Qwen3 32B,Q8BJL1,FBX30,mouse,cellular_component,P2_constrained,complete_hallucination,high_hallucination,1.0,2,0,0,0.0,0.0,"<think>
Okay, let's tackle this query. The user wants me to predict the Gene Ontology Cellular Component (GO CC) terms for the protein FBX30 in Mus musculus. The rules specify only experimentally supported functions, formatted as GO:XXXXXXX | term name, and to exclude Biological Process and Molecula",,"['GO:0000926', 'GO:0000927']",[]
Qwen/Qwen3-32B,Qwen3 32B,P0ABQ0,COABC,ecoli,biological_process,P4_cot,complete_hallucination,high_hallucination,1.0,1,1,0,0.0,0.0,GO:0006733 | coenzyme A biosynthetic process,GO:0015937|coenzyme A biosynthetic process,['GO:0006733'],['GO:0015937']
Qwen/Qwen3-32B,Qwen3 32B,Q5VVY1,NTM1B,human,cellular_component,P5_selection,partial_match_high_recall,low_precision,0.0,4,1,1,0.25,1.0,"<think>
Okay, let's see. I need to figure out which GO Cellular Component terms apply to the protein NTM1B. The user provided some information about the protein's function and the candidate terms.

First, I remember that GO terms describe where a protein is located in the cell. The protein in questi",GO:0005634|nucleus,[],[]
Qwen/Qwen3-32B,Qwen3 32B,Q08BI9,MCU,zebrafish,biological_process,P2_constrained,complete_miss,partial_hallucination,0.5,2,6,0,0.0,0.0,"<think>
Okay, let's tackle this query. The user wants me to predict the Gene Ontology Biological Process (GO BI) terms for the MCU protein in zebrafish. First, I need to recall what GO BI terms are. They describe the biological processes in which a gene product is involved. The user specified to lis",GO:0007015|actin filament organization; GO:0036444|calcium import into the mitochondrion; GO:0043009|chordate embryonic development; GO:0060027|convergent extension involved in gastrulation; GO:005156,['GO:0070507'],"['GO:0060027', 'GO:0007015', 'GO:0008016', 'GO:0051560', 'GO:0043009']"
Qwen/Qwen3-32B,Qwen3 32B,Q12242,RUP1,yeast,molecular_function,P1_zeroshot,complete_miss,high_hallucination,0.75,4,0,0,0.0,0.0,"<think>
Okay, let's tackle this query. The user wants the Gene Ontology Molecular Function terms for the RUP1 protein in Saccharomyces cerevisiae. First, I need to recall what RUP1 does. From the given information, it modulates RSP5 HECT ubiquitin-protein ligase activity by mediating the interaction",,"['GO:0000166', 'GO:0032404', 'GO:0032403']",[]
Qwen/Qwen3-32B,Qwen3 32B,Q9Y297,FBW1A,human,biological_process,P5_selection,complete_miss,partial_hallucination,0.2,5,9,0,0.0,0.0,"<think>
Okay, let's tackle this question. The user wants me to determine which of the given GO Biological Process terms apply to the protein FBW1A based on the provided information. 

First, I need to recall what FBW1A does. From the description, it's part of the SCF E3 ubiquitin ligase complex. Thi",GO:0050860|negative regulation of T cell receptor signaling pathway; GO:0038061|non-canonical NF-kappaB signal transduction; GO:0043161|proteasome-mediated ubiquitin-dependent protein catabolic proces,['GO:0007049'],"['GO:0038061', 'GO:0070936', 'GO:0031146', 'GO:0006511', 'GO:0050860']"
Qwen/Qwen3-32B,Qwen3 32B,P53769,CWC24,yeast,molecular_function,P2_constrained,complete_miss,partial_hallucination,0.333,3,0,0,0.0,0.0,"<think>
Okay, let's tackle this query. The user wants me to predict the Gene Ontology Molecular Function (GO MO) terms for the protein CWC24 in Saccharomyces cerevisiae. The known function is involvement in pre-mRNA splicing. 

First, I need to recall what GO Molecular Function terms are. They descr",,['GO:0000543'],[]
Qwen/Qwen3-32B,Qwen3 32B,P07272,PPR1,yeast,molecular_function,P3_fewshot,complete_miss,partial_hallucination,0.5,2,3,0,0.0,0.0,"<think>
Okay, let's tackle this. The user wants me to predict the Gene Ontology Molecular Function terms for the protein PPR1 in Saccharomyces cerevisiae. First, I need to recall what PPR1 does. The known function is that it's a positive regulator of URA1 and URA3 expression. So, it's involved in ge","GO:0000981|DNA-binding transcription factor activity, RNA polymerase II-specific; GO:0043565|sequence-specific DNA binding; GO:0008270|zinc ion binding",['GO:0005515'],"['GO:0043565', 'GO:0008270', 'GO:0000981']"
Qwen/Qwen3-32B,Qwen3 32B,P56976,BLR,ecoli,molecular_function,P3_fewshot,empty_response,no_go_ids_extracted,0.0,0,0,0,0.0,0.0,"<think>
Okay, let's tackle this. The user wants me to predict the Gene Ontology Molecular Function terms for the BLR protein in E. coli. First, I need to recall what BLR does based on the given information. The known function says it's a component of the cell division machinery, involved in stabiliz",,[],[]
Qwen/Qwen3-32B,Qwen3 32B,Q58G59,KIF7,zebrafish,molecular_function,P5_selection,complete_miss,partial_hallucination,0.167,6,0,0,0.0,0.0,"<think>
Okay, let's see. I need to figure out which of the given GO Molecular Function terms apply to the KIF7 protein in zebrafish. The user provided the protein's known functions, so I should start by understanding what those functions are and then match them to the candidate terms.

First, the kn",,['GO:0005515'],[]
Qwen/Qwen3-32B,Qwen3 32B,Q9DC50,OCTC,mouse,cellular_component,P4_cot,partial_match_good,,0.0,1,2,1,1.0,0.5,"<think>
Okay, let's tackle this step by step. The protein in question is OCTC, also known as Peroxisomal carnitine O-octanoyltransferase, from Mus musculus. Its function is related to beta-oxidation of fatty acids, specifically with higher activity for C6 to C10 substrates.

First, I need to figure ",GO:0005739|mitochondrion; GO:0005777|peroxisome,[],['GO:0005739']
Qwen/Qwen3-32B,Qwen3 32B,Q7ZVT3,SAS6,zebrafish,cellular_component,P4_cot,partial_match_good,partial_hallucination,0.5,2,1,1,0.5,1.0,"GO:0005813 | centriole  
GO:0031635 | deuterosome  

**Step-by-Step Explanation:**  
1",GO:0005813|centrosome,['GO:0031635'],[]
Qwen/Qwen3-32B,Qwen3 32B,Q5VY09,IER5,human,molecular_function,P1_zeroshot,complete_miss,,0.0,3,1,0,0.0,0.0,"<think>
Okay, let's tackle this query. The user wants the Gene Ontology (GO) Molecular Function terms for the IER5 protein. First, I need to recall what GO Molecular Function terms are—they describe the biochemical activities of a gene product, like binding or catalytic functions.

Looking at the pr",GO:0042802|identical protein binding,[],['GO:0042802']
Qwen/Qwen3-32B,Qwen3 32B,Q96H20,SNF8,human,molecular_function,P4_cot,complete_miss,high_hallucination,0.625,8,3,0,0.0,0.0,"<think>
Okay, let's tackle this step by step. The user wants me to determine the Molecular Function GO terms for the SNF8 protein. First, I need to recall what Molecular Function GO terms are. They describe the biochemical activities of a gene product, like enzyme activity or binding functions.

Sta",GO:0016247|channel regulator activity; GO:0008289|lipid binding; GO:0042803|protein homodimerization activity,"['GO:0033175', 'GO:0033174', 'GO:0005515', 'GO:0031140', 'GO:0070639']","['GO:0042803', 'GO:0016247', 'GO:0008289']"
Qwen/Qwen3-32B,Qwen3 32B,P17117,NFSA,ecoli,cellular_component,P1_zeroshot,complete_miss,partial_hallucination,0.333,3,1,0,0.0,0.0,"<think>
Okay, I need to figure out the Gene Ontology (GO) Cellular Component terms for the protein NFSA from E. coli. Let me start by recalling what I know about this protein. The description says it's an oxygen-insensitive NADPH nitroreductase, which catalyzes the reduction of nitroaromatic compoun",GO:0005829|cytosol,['GO:0005943'],['GO:0005829']
Qwen/Qwen3-32B,Qwen3 32B,P0A843,TATE,ecoli,molecular_function,P5_selection,complete_miss,partial_hallucination,0.2,10,1,0,0.0,0.0,"<think>
Okay, let's see. I need to figure out which of the given GO Molecular Function terms apply to the protein TATE from E. coli. The protein is part of the Tat system, which transports folded proteins with a twin-arginine motif across membranes. The description mentions that TatE shares overlapp",GO:0008320|protein transmembrane transporter activity,"['GO:0004725', 'GO:0005515']",['GO:0008320']
Qwen/Qwen3-32B,Qwen3 32B,P30411,BKRB2,human,cellular_component,P1_zeroshot,partial_match_high_recall,partial_hallucination|low_precision,0.5,4,2,1,0.25,0.5,"<think>
Okay, I need to figure out the Gene Ontology (GO) Cellular Component terms for the BKRB2 protein, which is the B2 bradykinin receptor in humans. Let me start by recalling what I know about this receptor. 

First, BKRB2 is a G protein-coupled receptor (GPCR) for bradykinin. GPCRs are typicall",GO:0005768|endosome; GO:0005886|plasma membrane,"['GO:0016021', 'GO:0005887']",['GO:0005768']
Qwen/Qwen3-32B,Qwen3 32B,A0A0G2KTI4,S12A2,zebrafish,molecular_function,P1_zeroshot,complete_hallucination,high_hallucination,1.0,4,2,0,0.0,0.0,"<think>
Okay, let's tackle this query. The user wants the Gene Ontology (GO) Molecular Function terms for the zebrafish S12A2 protein. First, I need to recall what GO Molecular Function terms are. They describe the biochemical activities of a gene product, like enzyme activity or binding functions.
",GO:0015377|chloride:monoatomic cation symporter activity; GO:0042802|identical protein binding,"['GO:0022857', 'GO:0005333', 'GO:0005334', 'GO:0005215']","['GO:0015377', 'GO:0042802']"
Qwen/Qwen3-32B,Qwen3 32B,Q92051,CAHZ,zebrafish,cellular_component,P3_fewshot,complete_miss,,0.0,1,0,0,0.0,0.0,"<think>
Okay, let's see. I need to predict the GO Cellular Component terms for the protein CAHZ in Danio rerio, which is zebrafish. The protein is a carbonic anhydrase, and its known function is the reversible hydration of carbon dioxide. 

First, I should recall what carbonic anhydrases typically d",,[],[]
Qwen/Qwen3-32B,Qwen3 32B,P75728,UBIF,ecoli,molecular_function,P5_selection,complete_miss,,0.0,4,1,0,0.0,0.0,"<think>
Okay, let's see. I need to figure out which of the given GO Molecular Function terms apply to the protein UBIF from E. coli. The protein is called 3-demethoxyubiquinol 3-hydroxylase, and its known function is catalyzing the hydroxylation of a specific compound during ubiquinone biosynthesis.",GO:0008682|3-demethoxyubiquinol 3-hydroxylase activity,[],['GO:0008682']
Qwen/Qwen3-32B,Qwen3 32B,P69791,PTQA,ecoli,molecular_function,P2_constrained,complete_hallucination,high_hallucination,1.0,1,1,0,0.0,0.0,"<think>
Okay, let's tackle this. The user wants me to predict the Gene Ontology Molecular Function (GO MO) terms for the protein PTQA, which is part of the PTS system in E. coli. The known function mentions it's involved in the phosphotransferase system for transporting N,N'-diacetylchitobiose and t","GO:0090566|protein-phosphocysteine-N,N'-diacetylchitobiose phosphotransferase system transporter activity",['GO:0004725'],['GO:0090566']
Qwen/Qwen3-32B,Qwen3 32B,P47753,CAZA1,mouse,cellular_component,P2_constrained,empty_response,no_go_ids_extracted,0.0,0,5,0,0.0,0.0,"<think>
Okay, let's tackle this query. The user wants me to predict the Gene Ontology Cellular Component (GO CC) terms for the protein CAZA1, specifically focusing on experimentally supported functions. 

First, I need to recall what CAZA1 does. From the provided information, it's an F-actin-capping",GO:0005903|brush border; GO:0005911|cell-cell junction; GO:0030863|cortical cytoskeleton; GO:0008290|F-actin capping protein complex; GO:0016020|membrane,[],[]
Qwen/Qwen3-32B,Qwen3 32B,P63073,IF4E,mouse,biological_process,P4_cot,partial_match_poor,partial_hallucination|low_recall|low_precision,0.444,9,9,1,0.111,0.111,"<think>
Okay, let's tackle this step by step. The user wants me to determine the appropriate GO Biological Process terms for the protein IF4E in Mus musculus. First, I need to recall what I know about eIF4E. From the provided information, it's a eukaryotic translation initiation factor 4E. Its prima",GO:0001662|behavioral fear response; GO:0071549|cellular response to dexamethasone stimulus; GO:0006406|mRNA export from nucleus; GO:0045665|negative regulation of neuron differentiation; GO:0017148|n,"['GO:0000166', 'GO:0045182', 'GO:0097132', 'GO:0007049']","['GO:0045665', 'GO:0071549', 'GO:0099578', 'GO:0001662', 'GO:0051168']"
Qwen/Qwen3-32B,Qwen3 32B,A1L1N5,HN1BA,zebrafish,cellular_component,P5_selection,complete_miss,,0.0,9,0,0,0.0,0.0,"<think>
Okay, let's see. I need to figure out which GO Cellular Component terms apply to the HN1BA protein in zebrafish. The protein is a transcription factor called Hepatocyte nuclear factor 1-beta-A. Transcription factors usually work in the nucleus because they bind to DNA and regulate gene expre",,[],[]
Qwen/Qwen3-32B,Qwen3 32B,Q08BI9,MCU,zebrafish,cellular_component,P5_selection,complete_miss,,0.0,6,0,0,0.0,0.0,"<think>
Okay, let's see. I need to figure out which GO Cellular Component terms apply to the MCU protein in zebrafish. The user provided the protein's description and a list of candidate terms.

First, the protein is called the Calcium uniporter protein, mitochondrial. The key part here is ""mitochon",,[],[]
Qwen/Qwen3-32B,Qwen3 32B,Q8K352,SASH3,mouse,molecular_function,P2_constrained,complete_hallucination,high_hallucination,1.0,2,0,0,0.0,0.0,"<think>
Okay, let's tackle this query. The user wants me to predict the Gene Ontology Molecular Function (GO MO) terms for the protein SASH3 in Mus musculus. The known function is that it may act as a signaling adapter protein in lymphocytes, with a reference from PubMed. 

First, I need to recall w",,"['GO:0003779', 'GO:0005515']",[]
llama3.1:8b,Llama 3.1 8B,P63386,MLAF,ecoli,biological_process,P3_fewshot,complete_miss,partial_hallucination,0.5,6,1,0,0.0,0.0,"Based on the function of MLAF as part of the ABC transporter complex MlaFEDB and its role in energy coupling to the transport system for phospholipid trafficking, I predict the following Gene Ontology (GO) Biological Process terms:

GO:0006810 | transport
GO:0015031 | protein transport
GO:0042742 | ",GO:0120010|intermembrane phospholipid transfer,"['GO:0015033', 'GO:0006810', 'GO:0042746']",['GO:0120010']
llama3.1:8b,Llama 3.1 8B,P0AFK0,PMBA,ecoli,cellular_component,P4_cot,partial_match_high_precision,partial_hallucination|low_recall,0.5,2,3,1,0.5,0.333,"Let's break down the information step by step:

**Step 1: Primary biochemical activity**
The protein PMBA is a metalloprotease, which means it has proteolytic activity. Specifically, it is involved in degrading CcdA.

**Step 2: Molecular processes**
As a metalloprotease, PMBA participates in the pro",GO:0005737|cytoplasm; GO:0005829|cytosol; GO:1905368|peptidase complex,['GO:0033036'],"['GO:1905368', 'GO:0005737']"
llama3.1:8b,Llama 3.1 8B,P27240,WAAY,ecoli,molecular_function,P2_constrained,complete_miss,high_hallucination,0.667,3,1,0,0.0,0.0,"Here are the predicted Gene Ontology Molecular Function (GO MO) terms for protein WAAY:

* GO:0016773 | Phosphotransferase activity, alcohol group as acceptor
* GO:0019206 | Heptose kinase activity
* GO:0019207 | Lipopolysaccharide core heptose(II) kinase activity",GO:0016301|kinase activity,"['GO:0019206', 'GO:0019207']",['GO:0016301']
llama3.1:8b,Llama 3.1 8B,P07901,HS90A,mouse,biological_process,P5_selection,complete_miss,partial_hallucination,0.143,7,4,0,0.0,0.0,"Here are the matching terms:

GO:0007049 | cell cycle
GO:0007165 | signal transduction
GO:0006954 | inflammatory response
GO:0006986 | response to unfolded protein
GO:0045944 | positive regulation of transcription by RNA polymerase II
GO:0006351 | DNA-templated transcription
GO:0006355 | regulation ",GO:0034605|cellular response to heat; GO:0045429|positive regulation of nitric oxide biosynthetic process; GO:0006457|protein folding; GO:0032880|regulation of protein localization,['GO:0007049'],"['GO:0045429', 'GO:0034605', 'GO:0006457', 'GO:0032880']"
llama3.1:8b,Llama 3.1 8B,P53769,CWC24,yeast,molecular_function,P4_cot,complete_hallucination,high_hallucination,1.0,2,0,0,0.0,0.0,"Let's break down the steps to determine the relevant Molecular Function GO terms for CWC24:

**Step 1: What is the protein's primary biochemical activity?**

Based on its involvement in pre-mRNA splicing, we can infer that CWC24's primary biochemical activity is related to RNA processing. Specifical",,"['GO:0003916', 'GO:0003725']",[]
llama3.1:8b,Llama 3.1 8B,P11491,PPB,yeast,biological_process,P5_selection,complete_miss,,0.0,3,2,0,0.0,0.0,"After reviewing the known functions and characteristics of PPB (Repressible alkaline phosphatase), I can select the following GO Biological Process terms that apply:

GO:0007165 | signal transduction
GO:0045786 | negative regulation of cell cycle
GO:0006986 | response to unfolded protein

These term",GO:0046496|nicotinamide nucleotide metabolic process; GO:0009166|nucleotide catabolic process,[],"['GO:0046496', 'GO:0009166']"
llama3.1:8b,Llama 3.1 8B,P23869,PPIB,ecoli,cellular_component,P5_selection,partial_match_good,,0.0,2,1,1,0.5,1.0,"Based on the known function and characteristics of PPIB (Peptidyl-prolyl cis-trans isomerase B), I can determine that it is a cytosolic protein. Therefore, the matching terms are:

GO:0005829 | cytosol
GO:0005737 | cytoplasm

These two terms refer to the same cellular compartment, which is where PPI",GO:0005829|cytosol,[],[]
llama3.1:8b,Llama 3.1 8B,P97391,PA2G5,mouse,molecular_function,P4_cot,complete_hallucination,high_hallucination,1.0,3,2,0,0.0,0.0,"Let's break down the information step by step:

**Step 1: Primary biochemical activity**
The protein is a secretory calcium-dependent phospholipase A2 that primarily targets extracellular phospholipids. Its primary biochemical activity is to hydrolyze the ester bond of the fatty acyl group attached ",GO:0004623|phospholipase A2 activity; GO:0005102|signaling receptor binding,"['GO:0016746', 'GO:0046483', 'GO:0004553']","['GO:0004623', 'GO:0005102']"
llama3.1:8b,Llama 3.1 8B,P0AD96,LIVJ,ecoli,molecular_function,P3_fewshot,complete_miss,partial_hallucination,0.5,4,0,0,0.0,0.0,"Based on the known function of LIVJ as a component of the leucine, isoleucine, valine transport system, I predict the following GO Molecular Function terms:

GO:0005524 | ATP binding
GO:0042802 | identical protein binding (likely to be part of the transport complex)
GO:0050549 | amino acid binding (",,"['GO:0050549', 'GO:0019873']",[]
llama3.1:8b,Llama 3.1 8B,Q15746,MYLK,human,biological_process,P2_constrained,complete_miss,partial_hallucination,0.385,13,6,0,0.0,0.0,"Here are the predicted Gene Ontology (GO) Biological Process (BP) terms for MYLK:

* GO:0006915 | Apoptosis
* GO:0030154 | Cell motility
* GO:0048870 | Cytoskeletal reorganization
* GO:0051873 | Endothelial permeability regulation
* GO:0010595 | Epithelial cell survival
* GO:0051881 | Fibroblast apo",GO:0060414|aorta smooth muscle tissue morphogenesis; GO:0032060|bleb assembly; GO:0071476|cellular hypotonic response; GO:0051928|positive regulation of calcium ion transport; GO:0030335|positive regu,"['GO:0048870', 'GO:0051873', 'GO:0051874', 'GO:0010593', 'GO:0030337']","['GO:0090303', 'GO:0032060', 'GO:0030335', 'GO:0051928', 'GO:0071476']"
llama3.1:8b,Llama 3.1 8B,Q90270,PO5F1,zebrafish,molecular_function,P5_selection,partial_match_high_precision,low_recall,0.0,2,4,1,0.5,0.25,"Based on the information provided about PO5F1 (POU domain, class 5, transcription factor 1), the following GO Molecular Function terms apply:

GO:0003677 | DNA binding
GO:0003700 | DNA-binding transcription factor activity 

Note that while POU2 lacks DNA-binding activity due to its incomplete pou d",GO:0003682|chromatin binding; GO:0003700|DNA-binding transcription factor activity; GO:0046982|protein heterodimerization activity; GO:0043565|sequence-specific DNA binding,[],"['GO:0046982', 'GO:0043565', 'GO:0003682']"
llama3.1:8b,Llama 3.1 8B,P15104,GLNA,human,cellular_component,P1_zeroshot,complete_miss,partial_hallucination,0.5,4,4,0,0.0,0.0,"Based on the provided information, here are the Gene Ontology (GO) Cellular Component terms that best describe the Glutamine synthetase protein:

* GO:0005737 | Cytoplasm
* GO:0034645 | Nucleus
* GO:0016020 | Membrane
* GO:0043234 | Protein complex

These terms are based on the fact that glutamine s",GO:0005829|cytosol; GO:0070062|extracellular exosome; GO:0005634|nucleus; GO:0005886|plasma membrane,"['GO:0034645', 'GO:0043234']","['GO:0070062', 'GO:0005634', 'GO:0005886', 'GO:0005829']"
llama3.1:8b,Llama 3.1 8B,Q90416,RXRGA,zebrafish,molecular_function,P3_fewshot,partial_match_high_recall,high_hallucination|low_precision,0.571,7,2,1,0.143,0.5,"Based on the known function of RXRGA, I predict the following GO Molecular Function terms:

GO:0003700 | DNA-binding transcription factor activity
GO:0042802 | identical protein binding (as a heterodimer with other retinoic acid receptors)
GO:0050271 | nuclear receptor activity
GO:0030528 | ligand-a",GO:0003700|DNA-binding transcription factor activity; GO:0004879|nuclear receptor activity,"['GO:0050271', 'GO:0030528', 'GO:0003779', 'GO:0005515']",['GO:0004879']
llama3.1:8b,Llama 3.1 8B,Q8VHC5,CABP4,mouse,molecular_function,P2_constrained,complete_miss,partial_hallucination,0.333,3,0,0,0.0,0.0,"Here are the predicted Gene Ontology Molecular Function (GO MO) terms for CABP4:

* GO:0005515 | calcium ion binding
* GO:0019899 | enzyme activator activity
* GO:0042803 | protein homodimerization activity 

Note that I have only included experimentally supported functions, as per the rules.",,['GO:0005515'],[]
llama3.1:8b,Llama 3.1 8B,P12273,PIP,human,cellular_component,P3_fewshot,complete_miss,,0.0,4,3,0,0.0,0.0,"Based on the function and characteristics of Prolactin-inducible protein (PIP), I predict the following Gene Ontology Cellular Component terms:

GO:0005829 | cytosol
GO:0030198 | extracellular region
GO:0016020 | membrane
GO:0048471 | secretory granule",GO:0070062|extracellular exosome; GO:0005615|extracellular space; GO:0005634|nucleus,[],"['GO:0070062', 'GO:0005615', 'GO:0005634']"
llama3.1:8b,Llama 3.1 8B,P17846,CYSI,ecoli,cellular_component,P1_zeroshot,complete_miss,,0.0,2,1,0,0.0,0.0,"Based on the information provided, I would assign the following Gene Ontology (GO) Cellular Component terms to the CYSI protein:

* GO:0005737 | Cytoplasm
* GO:0031090 | Sulfite reductase complex

These terms are based on the fact that sulfite reductase is a multi-subunit enzyme, and the beta-compon",GO:0009337|sulfite reductase complex (NADPH),[],['GO:0009337']
llama3.1:8b,Llama 3.1 8B,Q15746,MYLK,human,molecular_function,P4_cot,complete_miss,partial_hallucination,0.2,5,2,0,0.0,0.0,"Let's break down the information step by step:

**Step 1: Primary biochemical activity**
The protein MYLK is a kinase that phosphorylates myosin light chains (MLC) and PTK2B/PYK2. Its primary biochemical activity is to transfer phosphate groups from ATP to these substrates.

**Step 2: Molecular proc",GO:0004687|myosin light chain kinase activity; GO:0097110|scaffold protein binding,['GO:0003774'],"['GO:0097110', 'GO:0004687']"
llama3.1:8b,Llama 3.1 8B,Q7T2G1,I2B2B,zebrafish,cellular_component,P1_zeroshot,complete_miss,,0.0,2,0,0,0.0,0.0,"Based on the known function of IRF-2-binding protein 2-B, I would assign the following Gene Ontology (GO) Cellular Component terms:

* GO:0005634 | Nucleus
* GO:0005737 | Cytoplasm

These terms are consistent with the role of a transcriptional repressor, which is typically localized to either the nu",,[],[]
llama3.1:8b,Llama 3.1 8B,Q9UID6,ZN639,human,cellular_component,P5_selection,partial_match_high_recall,low_precision,0.0,3,2,1,0.333,0.5,"Based on the known function of ZN639 (binding DNA and functioning as a transcriptional repressor), I would select the following GO Cellular Component terms that apply to this protein:

GO:0005634 | nucleus
GO:0000785 | chromatin
GO:0005694 | chromosome",GO:0005654|nucleoplasm; GO:0005634|nucleus,[],['GO:0005654']
llama3.1:8b,Llama 3.1 8B,O43248,HXC11,human,cellular_component,P3_fewshot,complete_miss,high_hallucination,0.667,3,2,0,0.0,0.0,"Based on the known function and characteristics of HXC11 (Homeobox protein Hox-C11), I predict the following Gene Ontology Cellular Component terms:

GO:0005634 | nucleus
GO:0000795 | chromatin region
GO:0031097 | transcriptional regulatory region of a gene or operon

These predictions are based on ",GO:0005829|cytosol; GO:0005654|nucleoplasm,"['GO:0000795', 'GO:0031097']","['GO:0005654', 'GO:0005829']"
llama3.1:8b,Llama 3.1 8B,Q60952,CP250,mouse,molecular_function,P4_cot,complete_miss,partial_hallucination,0.5,2,0,0,0.0,0.0,"Let's break down the information step by step:

**Step 1: Primary biochemical activity**
The protein CP250 is involved in recruiting CCDC102B to the proximal ends of centrioles and forming intercentriolar linkages. This suggests that its primary biochemical activity is related to protein-protein int",,['GO:0005515'],[]
llama3.1:8b,Llama 3.1 8B,Q07802,COE1,mouse,molecular_function,P4_cot,partial_match_poor,partial_hallucination|low_recall|low_precision,0.2,5,4,1,0.2,0.25,"Let's break down the information step by step:

**Step 1: Primary biochemical activity**
The protein COE1 is a transcription factor, which means its primary biochemical activity is to bind to DNA and regulate gene expression. Specifically, it recognizes and binds to variations of the palindromic seq","GO:0003677|DNA binding; GO:0001228|DNA-binding transcription activator activity, RNA polymerase II-specific; GO:0003700|DNA-binding transcription factor activity; GO:0000978|RNA polymerase II cis-regu",['GO:0030528'],"['GO:0000978', 'GO:0003677', 'GO:0001228']"
llama3.1:8b,Llama 3.1 8B,P29466,CASP1,human,cellular_component,P5_selection,partial_match_poor,low_recall|low_precision,0.0,5,8,2,0.4,0.25,"Based on the provided information about CASP1, the following GO Cellular Component terms apply:

GO:0005737 | cytoplasm
GO:0005829 | cytosol
GO:0005886 | plasma membrane
GO:0016020 | membrane
GO:0005615 | extracellular space

These terms are supported by the text, which mentions that CASP1 is involv",GO:0097169|AIM2 inflammasome complex; GO:0061702|canonical inflammasome complex; GO:0005737|cytoplasm; GO:0005829|cytosol; GO:0072558|NLRP1 inflammasome complex; GO:0072559|NLRP3 inflammasome complex;,[],"['GO:0061702', 'GO:0032991', 'GO:0097179', 'GO:0072558', 'GO:0097169']"
llama3.1:8b,Llama 3.1 8B,P54854,HXT15,yeast,biological_process,P5_selection,complete_miss,partial_hallucination,0.333,3,4,0,0.0,0.0,"Based on the known function of HXT15 as a probable glucose transporter, I would select the following terms that apply:

GO:0006810 | transport
GO:0045786 | negative regulation of cell cycle (note: while not directly related to glucose transport, it's possible that glucose uptake affects cell cycle r",GO:0008645|hexose transmembrane transport; GO:0015797|mannitol transmembrane transport; GO:0015795|sorbitol transmembrane transport; GO:1902341|xylitol transmembrane transport,['GO:0006810'],"['GO:1902341', 'GO:0015797', 'GO:0008645', 'GO:0015795']"
llama3.1:8b,Llama 3.1 8B,A0A1D5NS60,ZN16L,zebrafish,biological_process,P4_cot,complete_miss,high_hallucination,0.667,3,3,0,0.0,0.0,"Let's break down the information step by step:

**Step 1: Primary biochemical activity**
The protein ZN16L is a transcription factor. As a transcription factor, its primary biochemical activity is to bind to specific DNA sequences and regulate gene expression.

**Step 2: Molecular processes it parti",GO:0022010|central nervous system myelination; GO:0031643|positive regulation of myelination; GO:0048714|positive regulation of oligodendrocyte differentiation,"['GO:0035484', 'GO:0048662']","['GO:0022010', 'GO:0048714', 'GO:0031643']"
llama3.1:8b,Llama 3.1 8B,P0AAT6,IOJAP,ecoli,biological_process,P1_zeroshot,complete_miss,high_hallucination,0.667,3,2,0,0.0,0.0,"Based on the provided information, here are the relevant Gene Ontology (GO) Biological Process terms for the RecName: Full=Ribosomal silencing factor RsfS:

* GO:0006412 | translation
* GO:0042254 | regulation of translation
* GO:0032267 | negative regulation of translation

These terms describe the",GO:0090071|negative regulation of ribosome biogenesis; GO:0017148|negative regulation of translation,"['GO:0006412', 'GO:0032267']","['GO:0090071', 'GO:0017148']"
llama3.1:8b,Llama 3.1 8B,Q52KL1,FITM2,zebrafish,molecular_function,P1_zeroshot,complete_miss,high_hallucination,0.75,4,0,0,0.0,0.0,"Based on the provided information, here are the Gene Ontology (GO) Molecular Function terms that best describe the FITM2 protein:

1. GO:0004096 | Acyl-CoA diphosphatase activity
2. GO:0016301 | Phosphopantetheine adenylyltransferase activity (note: this is a related activity, as it's involved in th",,"['GO:0046483', 'GO:0004096', 'GO:0005515']",[]
llama3.1:8b,Llama 3.1 8B,P06777,RAD1,yeast,molecular_function,P3_fewshot,complete_miss,,0.0,4,1,0,0.0,0.0,"Based on the known function of RAD1, I predict the following GO Molecular Function terms:

GO:0003684 | damaged DNA binding
GO:0003690 | DNA repair protein activity
GO:0016887 | endonuclease activity
GO:0046872 | metal ion binding (note: this term is also associated with TP53 in Example 1, but it's ",GO:0003697|single-stranded DNA binding,[],['GO:0003697']
llama3.1:8b,Llama 3.1 8B,P53218,POP6,yeast,molecular_function,P1_zeroshot,partial_match_high_recall,high_hallucination|low_precision,0.75,4,2,1,0.25,0.5,"Based on the known function of POP6, I would assign the following Gene Ontology (GO) Molecular Function terms:

* GO:0004524 | ribonuclease P activity
* GO:0031015 | endoribonuclease activity
* GO:0003723 | RNA binding
* GO:0016747 | transferase activity, transferring phosphorus-containing groups

T",GO:0003723|RNA binding; GO:0042134|rRNA primary transcript binding,"['GO:0004524', 'GO:0016747', 'GO:0031015']",['GO:0042134']
llama3.1:8b,Llama 3.1 8B,Q96CJ1,EAF2,human,cellular_component,P1_zeroshot,complete_miss,,0.0,2,1,0,0.0,0.0,"Based on the known functions of EAF2, I would assign the following Gene Ontology (GO) Cellular Component terms:

* GO:0005634 | Nucleus
* GO:0005737 | Cytoplasm

These terms are based on the fact that EAF2 is involved in transcriptional regulation and apoptosis induction, which suggests a nuclear lo",GO:0008023|transcription elongation factor complex,[],['GO:0008023']
llama3.1:8b,Llama 3.1 8B,Q46938,KDUI,ecoli,cellular_component,P3_fewshot,partial_match_good,partial_hallucination,0.5,2,1,1,0.5,1.0,"Based on the known function and characteristics of KDUI (4-deoxy-L-threo-5-hexosulose-uronate ketol-isomerase), I predict the following Gene Ontology Cellular Component terms:

GO:0005829 | cytosol
GO:0031981 | periplasmic space

The reasoning behind these predictions is as follows:

* The protein K",GO:0005829|cytosol,['GO:0031981'],[]
llama3.1:8b,Llama 3.1 8B,Q2WG80,RIPP1,zebrafish,cellular_component,P2_constrained,complete_miss,,0.0,2,1,0,0.0,0.0,"Based on the provided information, I can predict the following Gene Ontology (GO) Cellular Component (CC) terms for RIPP1:

* GO:0031016 | presomitic mesoderm
* GO:0042995 | somite",GO:0005634|nucleus,[],['GO:0005634']
llama3.1:8b,Llama 3.1 8B,P19735,PRP6,yeast,molecular_function,P1_zeroshot,complete_miss,partial_hallucination,0.25,4,0,0,0.0,0.0,"Based on the known function of PRP6, I would list the following Gene Ontology (GO) Molecular Function terms:

* GO:0003723 | RNA binding
* GO:0004842 | pre-mRNA splicing factor activity
* GO:0003735 | snRNP complex component
* GO:0048020 | spliceosomal complex assembly

These terms describe the prot",,['GO:0048020'],[]
llama3.1:8b,Llama 3.1 8B,Q9DC50,OCTC,mouse,molecular_function,P3_fewshot,complete_miss,,0.0,3,1,0,0.0,0.0,"Based on the known function and EC number, I predict the following GO Molecular Function terms for OCTC (Peroxisomal carnitine O-octanoyltransferase) in Mus musculus:

GO:0005524 | ATP binding
GO:0050661 | carnitine O-palmitoyltransferase activity
GO:0016740 | transferase activity

Note that the EC ",GO:0008458|carnitine O-octanoyltransferase activity,[],['GO:0008458']
llama3.1:8b,Llama 3.1 8B,Q6ZQR2,CFA77,human,cellular_component,P2_constrained,complete_hallucination,high_hallucination,1.0,3,3,0,0.0,0.0,"Based on the provided information, here are the predicted Gene Ontology (GO) Cellular Component (CC) terms for protein CFA77:

* GO:0031093 | ciliary axoneme
* GO:0090135 | doublet microtubule
* GO:0043234 | microtubule inner protein complex",GO:0005879|axonemal microtubule; GO:0005930|axoneme; GO:0005929|cilium,"['GO:0090135', 'GO:0031093', 'GO:0043234']","['GO:0005930', 'GO:0005879', 'GO:0005929']"
llama3.1:8b,Llama 3.1 8B,P10441,LPXB,ecoli,cellular_component,P4_cot,complete_miss,,0.0,2,2,0,0.0,0.0,"Let's break down the steps to determine the relevant Cellular Component GO terms for LPXB:

**Step 1: Primary biochemical activity**
The protein's primary biochemical activity is the condensation of two molecules: UDP-2,3-diacylglucosamine and 2,3-diacylglucosamine-1-phosphate, to form lipid A disac",GO:0005737|cytoplasm; GO:0019897|extrinsic component of plasma membrane,[],"['GO:0005737', 'GO:0019897']"
llama3.1:8b,Llama 3.1 8B,P0A8S1,ARGP,ecoli,biological_process,P3_fewshot,partial_match_poor,high_hallucination|low_recall|low_precision,0.571,7,3,1,0.143,0.333,"Based on the provided information about ArgP, I predict the following Gene Ontology (GO) Biological Process terms:

GO:0006351 | DNA-templated transcription
GO:0045892 | negative regulation of transcription from RNA polymerase II promoter
GO:0051091 | regulation of gene expression
GO:0032770 | posit",GO:0032297|negative regulation of DNA-templated DNA replication initiation; GO:0045892|negative regulation of DNA-templated transcription; GO:0045893|positive regulation of DNA-templated transcription,"['GO:0032770', 'GO:0051091', 'GO:0006730', 'GO:0042781']","['GO:0032297', 'GO:0045893']"
llama3.1:8b,Llama 3.1 8B,Q12427,STB3,yeast,molecular_function,P4_cot,complete_miss,partial_hallucination,0.333,3,3,0,0.0,0.0,"Let's break down the steps to determine the Molecular Function GO terms for protein STB3:

**Step 1: What is the protein's primary biochemical activity?**

The full name of the protein, ""SIN3-binding protein 3"", suggests that it interacts with SIN3, a corepressor complex in yeast. This implies that ","GO:0001228|DNA-binding transcription activator activity, RNA polymerase II-specific; GO:0043565|sequence-specific DNA binding; GO:0000976|transcription cis-regulatory region binding",['GO:0044212'],"['GO:0043565', 'GO:0000976', 'GO:0001228']"
llama3.1:8b,Llama 3.1 8B,Q05928,BTC,mouse,biological_process,P5_selection,complete_miss,,0.0,4,4,0,0.0,0.0,"Based on the known function of BTC (Betacellulin), I would select the following GO Biological Process terms that apply:

GO:0007165 | signal transduction
GO:0008283 | cell population proliferation
GO:0045944 | positive regulation of transcription by RNA polymerase II
GO:0006986 | response to unfolde",GO:0007173|epidermal growth factor receptor signaling pathway; GO:0038134|ERBB2-EGFR signaling pathway; GO:0043066|negative regulation of apoptotic process; GO:0008284|positive regulation of cell popu,[],"['GO:0007173', 'GO:0043066', 'GO:0038134', 'GO:0008284']"
llama3.1:8b,Llama 3.1 8B,P16525,TUS,ecoli,biological_process,P2_constrained,complete_miss,partial_hallucination,0.333,3,2,0,0.0,0.0,"Based on the known function of TUS, I predict the following Gene Ontology (GO) Biological Process (BP) terms:

* GO:0006265 | DNA replication termination
* GO:0042787 | regulation of DNA replication fork progression
* GO:0051293 | negative regulation of DNA replication",GO:0006274|DNA replication termination; GO:0071807|replication fork arrest involved in DNA replication termination,['GO:0042787'],"['GO:0006274', 'GO:0071807']"
llama3.1:8b,Llama 3.1 8B,Q01519,COX12,yeast,cellular_component,P2_constrained,partial_match_poor,low_recall|low_precision,0.0,3,4,1,0.333,0.25,"Here are the predicted Gene Ontology (GO) Cellular Component (CC) terms for COX12:

* GO:0005743 | Mitochondrial inner membrane
* GO:0005758 | Respiratory chain complex IV
* GO:0005741 | Mitochondrial respiratory chain complex IV",GO:0005758|mitochondrial intermembrane space; GO:0031966|mitochondrial membrane; GO:0005739|mitochondrion; GO:0045277|respiratory chain complex IV,[],"['GO:0005739', 'GO:0031966', 'GO:0045277']"
llama3.1:8b,Llama 3.1 8B,P0DP88,MYMX,zebrafish,molecular_function,P5_selection,complete_miss,partial_hallucination,0.25,4,0,0,0.0,0.0,"Based on the provided information about the protein MYMX (Protein myomixer), I can select the following GO Molecular Function terms that apply:

GO:0005515 | protein binding
GO:0016301 | kinase activity (Note: Although it's mentioned as ""by similarity"", it implies a functional relationship)
GO:00468",,['GO:0005515'],[]
llama3.1:8b,Llama 3.1 8B,Q96H20,SNF8,human,molecular_function,P2_constrained,complete_miss,,0.0,3,3,0,0.0,0.0,"Here are the predicted Gene Ontology Molecular Function (GO MO) terms for SNF8:

* GO:0005524 | ATP binding
* GO:0016887 | ATPase activity
* GO:0046872 | Metal ion binding 

Note that I have only included experimentally supported functions and excluded any terms that are not molecular function annot",GO:0016247|channel regulator activity; GO:0008289|lipid binding; GO:0042803|protein homodimerization activity,[],"['GO:0042803', 'GO:0016247', 'GO:0008289']"
llama3.1:8b,Llama 3.1 8B,P77434,ALAC,ecoli,cellular_component,P5_selection,complete_miss,,0.0,2,0,0,0.0,0.0,"Based on the known function and characteristics of the protein ALAC (Glutamate-pyruvate aminotransferase AlaC), I can select the following GO Cellular Component terms that apply:

GO:0005737 | cytoplasm
GO:0005829 | cytosol",,[],[]
llama3.1:8b,Llama 3.1 8B,Q9YGW7,DAZL,zebrafish,cellular_component,P3_fewshot,complete_miss,,0.0,3,1,0,0.0,0.0,"Based on the known function of DAZL as an RNA-binding protein involved in gametogenesis and oocyte polarity, I predict the following Gene Ontology (GO) Cellular Component terms:

GO:0005634 | nucleus
GO:0005730 | mitochondrion
GO:0031099 | Balbiani body

Note that these predictions are based on the ",GO:0005737|cytoplasm,[],['GO:0005737']
llama3.1:8b,Llama 3.1 8B,P38066,RIB1,yeast,cellular_component,P5_selection,partial_match_good,,0.0,3,2,2,0.667,1.0,"Based on the known function and characteristics of RIB1 (GTP cyclohydrolase-2), I would select the following GO Cellular Component terms that apply to this protein:

GO:0005634 | nucleus
GO:0005737 | cytoplasm
GO:0005829 | cytosol

These three terms are likely to be associated with RIB1, as GTP cycl",GO:0005737|cytoplasm; GO:0005634|nucleus,[],[]
llama3.1:8b,Llama 3.1 8B,Q8BH61,F13A,mouse,molecular_function,P4_cot,complete_miss,partial_hallucination,0.333,3,1,0,0.0,0.0,"Let's break down the information step by step:

**Step 1: Primary biochemical activity**
The protein, F13A (Coagulation factor XIII A chain), is a transglutaminase that catalyzes the formation of gamma-glutamyl-epsilon-lysine cross-links between fibrin chains. This indicates its primary biochemical ",GO:0003810|protein-glutamine gamma-glutamyltransferase activity,['GO:0019908'],['GO:0003810']
llama3.1:8b,Llama 3.1 8B,Q7T322,NAA35,zebrafish,cellular_component,P5_selection,complete_miss,,0.0,4,0,0,0.0,0.0,"Based on the known function and characteristics of NAA35, I would select the following GO Cellular Component terms that apply to this protein:

GO:0005634 | nucleus
GO:0005737 | cytoplasm
GO:0005783 | endoplasmic reticulum
GO:0016020 | membrane

These terms are consistent with the role of NAA35 as a",,[],[]
llama3.1:8b,Llama 3.1 8B,O70491,STRA6,mouse,cellular_component,P4_cot,partial_match_high_recall,partial_hallucination|low_precision,0.333,3,1,1,0.333,1.0,"Let's break down the steps to determine the relevant Cellular Component GO terms for STRA6:

**Step 1: What is the protein's primary biochemical activity?**

The protein's primary biochemical activity is transporting retinol across the cell membrane, specifically accepting all-trans retinol from RBP",GO:0005886|plasma membrane,['GO:0031224'],[]
llama3.1:8b,Llama 3.1 8B,Q9BSQ5,CCM2,human,cellular_component,P5_selection,partial_match_high_recall,low_precision,0.0,4,2,1,0.25,0.5,"Based on the known function and characteristics of CCM2/Malcavernin protein, I would select the following GO Cellular Component terms that apply to this protein:

GO:0005634 | nucleus
GO:0005737 | cytoplasm
GO:0005886 | plasma membrane
GO:0016020 | membrane

These terms are consistent with the prote",GO:0005737|cytoplasm; GO:0005739|mitochondrion,[],['GO:0005739']
mixtral:8x7b,Mixtral 8x7B,P11491,PPB,yeast,cellular_component,P4_cot,complete_miss,partial_hallucination,0.333,6,1,0,0.0,0.0,"1. The primary biochemical activity of the PPB protein is phosphatase activity, as it is a repressible alkaline phosphatase enzyme with broad substrate specificity. It also has 6-phosphatase activity, particularly as a fructose-2,6-bisphosphate 6-phosphatase.
2. Based on the known function, this pro",GO:0000329|fungal-type vacuole membrane,"['GO:0044422', 'GO:0031323']",['GO:0000329']
mixtral:8x7b,Mixtral 8x7B,P14735,IDE,human,molecular_function,P1_zeroshot,partial_match_poor,partial_hallucination|low_recall|low_precision,0.429,7,8,1,0.143,0.125,"1. GO:0004225 | peptidase activity
2. GO:0004222 | endopeptidase activity
3. GO:0016787 | metallopeptidase activity
4. GO:0008236 | insulin-degrading enzyme activity
5. GO:0030511 | amyloid-beta-peptide binding
6. GO:0042229 | antigen processing and presentation of peptide or polysaccharide antigen ",GO:0005524|ATP binding; GO:0004175|endopeptidase activity; GO:0042802|identical protein binding; GO:0043559|insulin binding; GO:0004222|metalloendopeptidase activity; GO:0042277|peptide binding; GO:00,"['GO:0042229', 'GO:0004225', 'GO:0030511']","['GO:0042277', 'GO:0042802', 'GO:0008270', 'GO:0042803', 'GO:0005524']"
mixtral:8x7b,Mixtral 8x7B,P31040,SDHA,human,biological_process,P2_constrained,complete_miss,high_hallucination,0.6,10,3,0,0.0,0.0,"GO:0006099 | succinate dehydrogenase complex assembly
GO:0006098 | electron transport chain
GO:0019666 | ubiquinone biosynthetic process
GO:0005743 | oxaloacetate metabolic process
GO:0006164 | succinate metabolic process
GO:0051981 | mitochondrial electron transport, cytochrome c to quinol
GO:20011",GO:0007399|nervous system development; GO:0022904|respiratory electron transport chain; GO:0006105|succinate metabolic process,"['GO:0051981', 'GO:0000382', 'GO:0019364', 'GO:0019666', 'GO:2001171']","['GO:0007399', 'GO:0006105', 'GO:0022904']"
mixtral:8x7b,Mixtral 8x7B,P22933,GBRD,mouse,cellular_component,P1_zeroshot,complete_miss,high_hallucination,0.625,8,5,0,0.0,0.0,"1. GO:0005886 | plasma membrane
2. GO:0016020 | membrane part
3. GO:0016021 | integral component of membrane
4. GO:0031224 | ion channel complex
5. GO:0098631 | ligand-gated ion channel complex
6. GO:0099016 | GABA-receptor complex
7. GO:0099513 | extracellular region
8. GO:0099514 | extracellular s",GO:0030424|axon; GO:0030425|dendrite; GO:0098982|GABA-ergic synapse; GO:0043025|neuronal cell body; GO:0045211|postsynaptic membrane,"['GO:0099016', 'GO:0031224', 'GO:0099514', 'GO:0016021', 'GO:0098631']","['GO:0030424', 'GO:0043025', 'GO:0098982', 'GO:0030425', 'GO:0045211']"
mixtral:8x7b,Mixtral 8x7B,P23874,HIPA,ecoli,molecular_function,P1_zeroshot,complete_miss,partial_hallucination,0.333,6,6,0,0.0,0.0,"1. GO:0004672 | protein serine/threonine kinase activity
2. GO:0005102 | protein binding
3. GO:0016772 | kinase activity
4. GO:0016301 | ATP binding
5. GO:0004713 | protein kinase activity
6. GO:0000165 | protein serine/threonine kinase activity, regulatory",GO:0005524|ATP binding; GO:0001217|DNA-binding transcription repressor activity; GO:0000287|magnesium ion binding; GO:0004674|protein serine/threonine kinase activity; GO:0043565|sequence-specific DNA,"['GO:0016772', 'GO:0000165']","['GO:0043565', 'GO:0004674', 'GO:0001217', 'GO:0000976', 'GO:0005524']"
mixtral:8x7b,Mixtral 8x7B,P85037,FOXK1,human,cellular_component,P3_fewshot,partial_match_high_recall,high_hallucination|low_precision,0.533,15,2,1,0.067,0.5,"GO:0005634 | nucleus
GO:0005633 | nucleoplasm
GO:0000786 | chromosome, centromeric region
GO:0000790 | nuclear chromatin
GO:0000976 | speckles, nuclear
GO:0001661 | cytosol
GO:0005829 | cytoskeleton
GO:0005886 | transcription factor complex
GO:0017055 | Wnt signaling pathway component
GO:0031410 | p",GO:0005737|cytoplasm; GO:0005634|nucleus,"['GO:0001661', 'GO:0005633', 'GO:0017055', 'GO:0098533', 'GO:1990234']",['GO:0005737']
mixtral:8x7b,Mixtral 8x7B,Q9CWW7,CXXC1,mouse,biological_process,P1_zeroshot,complete_miss,high_hallucination,0.556,9,0,0,0.0,0.0,"1. GO:0006355 | Regulation of transcription, DNA-dependent
2. GO:0000122 | Transcriptional activator activity, RNA polymerase II-specific
3. GO:0000121 | Transcriptional activator activity, sequence-specific DNA binding
4. GO:0006351 | Regulation of transcription, DNA-templated
5. GO:0010468 | Posit",,"['GO:0000121', 'GO:0001566', 'GO:0044212', 'GO:0000125', 'GO:0001567']",[]
mixtral:8x7b,Mixtral 8x7B,P0A6T3,GAL1,ecoli,molecular_function,P5_selection,complete_miss,,0.0,2,2,0,0.0,0.0,"GO:0005524 | ATP binding
GO:0016740 | transferase activity",GO:0004335|galactokinase activity; GO:0000287|magnesium ion binding,[],"['GO:0000287', 'GO:0004335']"
mixtral:8x7b,Mixtral 8x7B,Q8NE86,MCU,human,molecular_function,P4_cot,complete_miss,high_hallucination,0.647,17,3,0,0.0,0.0,"1. The primary biochemical activity of the MCU protein is to form a calcium channel and facilitate calcium conduction across the mitochondrial inner membrane.
2. The MCU protein is involved in calcium uptake into the mitochondrial matrix, which plays key roles in cellular physiology such as regulati",GO:0005262|calcium channel activity; GO:0042802|identical protein binding; GO:0015292|uniporter activity,"['GO:0030021', 'GO:0030020', 'GO:0005214', 'GO:0030014', 'GO:0030013']","['GO:0005262', 'GO:0042802', 'GO:0015292']"
mixtral:8x7b,Mixtral 8x7B,P0AFG0,NUSG,ecoli,molecular_function,P3_fewshot,complete_miss,high_hallucination,0.812,16,0,0,0.0,0.0,"GO:0003677 | DNA binding
GO:0016563 | RNA binding
GO:0017111 | transcription elongation factor activity
GO:0017112 | transcription termination factor activity, Rho-independent
GO:0017151 | transcription regulatory region sequence-specific DNA binding
GO:0017153 | transcription coactivator activity
G",,"['GO:0090560', 'GO:0051060', 'GO:0030526', 'GO:1990243', 'GO:1903522']",[]
mixtral:8x7b,Mixtral 8x7B,P0A6S5,FTSB,ecoli,biological_process,P4_cot,partial_match_high_recall,high_hallucination|low_precision,0.571,7,2,1,0.143,0.5,"Step 1: The primary biochemical activity of protein FtsB is to act as an essential cell division protein. It is involved in linking together the upstream cell division proteins, which are predominantly cytoplasmic, with the downstream cell division proteins, which are predominantly periplasmic.

Ste",GO:0051301|cell division; GO:0043093|FtsZ-dependent cytokinesis,"['GO:0044403', 'GO:0031225', 'GO:0007049', 'GO:0000140']",['GO:0043093']
mixtral:8x7b,Mixtral 8x7B,Q8WWM9,CYGB,human,biological_process,P4_cot,complete_miss,high_hallucination,0.941,17,2,0,0.0,0.0,"1. The primary biochemical activity of CYGB is to bind and catalyze reactions with heme iron, which can vary depending on the redox conditions and oxygen availability. It also has nitric oxide dioxygenase (NOD) activity and can scavenge nitric oxide. Under hypoxic conditions, it may switch its funct",GO:0046210|nitric oxide catabolic process; GO:0019430|removal of superoxide radicals,"['GO:0055114', 'GO:0019433', 'GO:2001349', 'GO:2001342', 'GO:2001332']","['GO:0046210', 'GO:0019430']"
mixtral:8x7b,Mixtral 8x7B,P53218,POP6,yeast,cellular_component,P5_selection,partial_match_high_precision,low_recall,0.0,3,5,2,0.667,0.4,"1. GO:0005634 | nucleus
2. GO:0005829 | cytosol
3. GO:0005737 | cytoplasm

The protein POP6 is located in the nucleus (GO:0005634), cytosol (GO:0005829), and cytoplasm (GO:0005737) based on its known function as a component of ribonuclease P and RNase MRP. These protein complexes are involved in RNA",GO:0005829|cytosol; GO:0005655|nucleolar ribonuclease P complex; GO:0005634|nucleus; GO:0000172|ribonuclease MRP complex; GO:0005697|telomerase holoenzyme complex,[],"['GO:0005697', 'GO:0000172', 'GO:0005655']"
mixtral:8x7b,Mixtral 8x7B,Q7SZ56,TM218,zebrafish,biological_process,P1_zeroshot,complete_miss,partial_hallucination,0.5,2,3,0,0.0,0.0,"GO:0000226 | cilium organization
GO:0001539 | cilium assembly
GO:0",GO:0090660|cerebrospinal fluid circulation; GO:0039021|pronephric glomerulus development; GO:1901207|regulation of heart looping,['GO:0001539'],"['GO:0039021', 'GO:1901207', 'GO:0090660']"
mixtral:8x7b,Mixtral 8x7B,P32340,NDI1,yeast,cellular_component,P1_zeroshot,partial_match_high_recall,high_hallucination|low_precision,0.6,5,2,1,0.2,0.5,"1. GO:0005739 | mitochondrion
2. GO:0005746 | mitochondrial membrane
3. GO:0005751 | mitochondrial inner membrane
4. GO:0031966 | NADH dehydrogenase complex
5. GO:0044457 | NADH:ubiquinone oxidoreductase complex

This protein (NDI1) is located in the mitochondrion, specifically in the mitochondrial ",GO:0005759|mitochondrial matrix; GO:0005739|mitochondrion,"['GO:0005751', 'GO:0005746', 'GO:0044457']",['GO:0005759']
mixtral:8x7b,Mixtral 8x7B,P12242,UCP1,mouse,biological_process,P3_fewshot,complete_miss,high_hallucination,0.625,8,14,0,0.0,0.0,"1. GO:0006629 | fatty acid metabolic process
2. GO:0006631 | fatty acid beta-oxidation
3. GO:0015991 | mitochondrial transport
4. GO:0042759 | adaptive thermogenesis
5. GO:0045222 | regulation of reactive oxygen species metabolic process
6. GO:0055034 | uncoupling of mitochondrial membrane potential",GO:1990845|adaptive thermogenesis; GO:0050873|brown fat cell differentiation; GO:0070417|cellular response to cold; GO:0071398|cellular response to fatty acid; GO:0032870|cellular response to hormone ,"['GO:0071404', 'GO:0042759', 'GO:0015991', 'GO:0055034', 'GO:0045222']","['GO:0050873', 'GO:1990845', 'GO:0031667', 'GO:0071398', 'GO:0070417']"
mixtral:8x7b,Mixtral 8x7B,Q9DBR7,MYPT1,mouse,biological_process,P1_zeroshot,complete_miss,high_hallucination,0.571,28,2,0,0.0,0.0,"GO:0005861 | phosphatase binding
GO:0005975 | protein binding
GO:0046328 | regulation of protein phosphatase activity
GO:0000026 | regulation of myosin light chain phosphatase activity
GO:0007049 | regulation of protein serine/threonine kinase activity
GO:0006470 | protein phosphorylation
GO:0043062",GO:0071466|cellular response to xenobiotic stimulus; GO:0046822|regulation of nucleocytoplasmic transport,"['GO:0007049', 'GO:0031323', 'GO:0007161', 'GO:0007046', 'GO:0051253']","['GO:0071466', 'GO:0046822']"
mixtral:8x7b,Mixtral 8x7B,Q9CWE6,OOEP,mouse,cellular_component,P2_constrained,empty_response,no_go_ids_extracted,0.0,0,6,0,0.0,0.0,"GO:550689 | cytoplasm
GO:557648 | cytoplasmic lattice
GO:5578 | cytoplasmic part
GO:995641 | subcortical maternal complex
GO:995642 | DNA replication fork
GO:995643 | chromosomal region",GO:0045177|apical part of cell; GO:0005938|cell cortex; GO:0140095|cytoplasmic lattice; GO:0005634|nucleus; GO:0032991|protein-containing complex; GO:0106333|subcortical maternal complex,[],[]
mixtral:8x7b,Mixtral 8x7B,P0AAA7,WZXE,ecoli,cellular_component,P2_constrained,partial_match_high_recall,partial_hallucination|low_precision,0.5,6,1,1,0.167,1.0,"GO:0019835 | inner membrane
GO:0009265 | cytoplasmic membrane
GO:0005886 | plasma membrane
GO:0009273 | bacterial outer membrane
GO:0005887 | cellular outer membrane
GO:0045121 | integral component of membrane",GO:0005886|plasma membrane,"['GO:0019835', 'GO:0009265', 'GO:0005887']",[]
mixtral:8x7b,Mixtral 8x7B,P09211,GSTP1,human,molecular_function,P2_constrained,partial_match_poor,high_hallucination|low_recall|low_precision,0.75,4,5,1,0.25,0.2,"GO:0004364 | glutathione transferase activity
GO:0016674 | glutathione peroxidase activity
GO:0016771 | peroxidase activity
GO:0052719 | glutathione-dependent peroxidase activity",GO:0035731|dinitrosyl-iron complex binding; GO:0005504|fatty acid binding; GO:0004602|glutathione peroxidase activity; GO:0004364|glutathione transferase activity; GO:0035730|S-nitrosoglutathione bind,"['GO:0016674', 'GO:0052719', 'GO:0016771']","['GO:0005504', 'GO:0035731', 'GO:0004602', 'GO:0035730']"
mixtral:8x7b,Mixtral 8x7B,Q12676,FOLD,yeast,biological_process,P5_selection,complete_miss,,0.0,1,1,0,0.0,0.0,"1. GO:0006468 | protein phosphorylation
2. GO:0",GO:0009396|folic acid-containing compound biosynthetic process,[],['GO:0009396']
mixtral:8x7b,Mixtral 8x7B,Q9UHE5,NAT8,human,biological_process,P4_cot,complete_miss,high_hallucination,0.75,16,2,0,0.0,0.0,"----
Step 1: The protein's primary biochemical activity is N-acetyltransferase activity, specifically it catalyzes the N6-acetylation of lysine residues in the lumen of the endoplasmic reticulum (ER) using acetyl-CoA as acetyl donor. It also acetylates the free alpha-amino group of cysteine S-conjug",GO:0018003|peptidyl-lysine N6-acetylation; GO:0010628|positive regulation of gene expression,"['GO:0032388', 'GO:0051055', 'GO:0016036', 'GO:0051050', 'GO:0032386']","['GO:0010628', 'GO:0018003']"
mixtral:8x7b,Mixtral 8x7B,P07249,ARGR1,yeast,cellular_component,P5_selection,partial_match_high_recall,low_precision,0.0,3,1,1,0.333,1.0,"1. GO:0005634 | nucleus
2. GO:0005829 | cytosol
3. GO:0005737 | cytoplasm

The protein ARGR1 is known to be involved in the coordination of arginine anabolic and catabolic genes' expression in response to arginine, but there is no specific information provided about its cellular component or localiz",GO:0005634|nucleus,[],[]
mixtral:8x7b,Mixtral 8x7B,Q01702,DLX3B,zebrafish,cellular_component,P4_cot,complete_miss,partial_hallucination,0.5,26,0,0,0.0,0.0,"‍Step 1: The protein DLX3B is a Homeobox protein, which suggests that its primary biochemical activity is as a transcription factor, binding to DNA and regulating gene expression.

Step 2: Based on the known function of DLX3B being involved in the development of the inner ear, it likely functions in",,"['GO:0031980', 'GO:0034363', 'GO:0000778', 'GO:0000787', 'GO:0005878']",[]
mixtral:8x7b,Mixtral 8x7B,Q03153,ATP25,yeast,cellular_component,P3_fewshot,complete_miss,high_hallucination,0.571,7,2,0,0.0,0.0,"GO:0005737 | cytoplasm
GO:0005740 | mitochondrion
GO:0016224 | mRNA surveillance protein complex
GO:0032440 | 90S preribosome, large subunit precursor
GO:0032441 | 90S preribosome
GO:0032443 | preribosome
GO:0044458 | cytoplasmic stress granule",GO:0005743|mitochondrial inner membrane; GO:0005739|mitochondrion,"['GO:0032441', 'GO:0016224', 'GO:0032440', 'GO:0032443']","['GO:0005739', 'GO:0005743']"
mixtral:8x7b,Mixtral 8x7B,P13669,MNGR,ecoli,molecular_function,P4_cot,complete_miss,high_hallucination,0.667,6,1,0,0.0,0.0,"step 1: The protein MNGR is a repressor, which means its primary biochemical activity is to bind to DNA and prevent the transcription of certain genes.

step 2: The protein MNGR regulates the expression of mngA and mngB, and its own expression. It is also responsive to fatty acyl signals.

step 3: B",GO:0003700|DNA-binding transcription factor activity,"['GO:0045449', 'GO:0009896', 'GO:0005103', 'GO:0005215']",['GO:0003700']
mixtral:8x7b,Mixtral 8x7B,P53549,PRS10,yeast,molecular_function,P4_cot,complete_miss,partial_hallucination,0.5,6,2,0,0.0,0.0,"Step 1: The protein PRS10 (26S proteasome subunit RPT4) is a part of the 26S proteasome, which is involved in the ATP-dependent degradation of ubiquitinated proteins. The primary biochemical activity of this protein is ATP hydrolysis.

Step 2: PRS10, as a subunit of the 26S proteasome regulatory com",GO:0019904|protein domain specific binding; GO:0031625|ubiquitin protein ligase binding,"['GO:0016488', 'GO:0008237', 'GO:0043169']","['GO:0019904', 'GO:0031625']"
mixtral:8x7b,Mixtral 8x7B,P10601,PAHO,mouse,molecular_function,P4_cot,complete_miss,high_hallucination,0.667,6,1,0,0.0,0.0,"✓ Step 1: The primary biochemical activity of the Pancreatic polypeptide prohormone (PAHO) is to produce and process the Pancreatic polypeptide hormone.

✓ Step 2: PAHO participates in molecular processes such as hormone precursor synthesis, proteolytic processing, and regulation of pancreatic and g",GO:0001664|G protein-coupled receptor binding,"['GO:0051095', 'GO:0030665', 'GO:0042408', 'GO:0006486']",['GO:0001664']
mixtral:8x7b,Mixtral 8x7B,Q9D708,S10AG,mouse,molecular_function,P2_constrained,partial_match_high_recall,high_hallucination|low_precision,0.667,3,2,1,0.333,0.5,"GO:0005509 | calcium ion binding
GO:0043169 | calmodulin binding
GO:0051057 | protein homodimerization activity",GO:0005509|calcium ion binding; GO:0042802|identical protein binding,"['GO:0051057', 'GO:0043169']",['GO:0042802']
mixtral:8x7b,Mixtral 8x7B,Q98862,IHH,zebrafish,cellular_component,P4_cot,complete_miss,partial_hallucination,0.4,5,0,0,0.0,0.0,"1. The primary biochemical activity of IHH protein is a signaling molecule, specifically an inducer of hedgehog signaling pathway. It is a member of the Hedgehog family of proteins that bind to patched receptors and modulate downstream signaling events.

2. IHH participates in molecular processes in",,"['GO:0005792', 'GO:0043234']",[]
mixtral:8x7b,Mixtral 8x7B,P0AAA7,WZXE,ecoli,molecular_function,P4_cot,complete_hallucination,high_hallucination,1.0,4,1,0,0.0,0.0,"----
Step 1: The primary biochemical activity of protein WZXE (Lipid III flippase) is to catalyze the transbilayer movement (flipping) of lipid III (Und-PP-GlcNAc-ManNAcA-Fuc4NAc) from the inner to the outer leaflet of the cytoplasmic membrane.

Step 2: This protein is involved in the assembly of en",GO:0140303|intramembrane lipid transporter activity,"['GO:0016223', 'GO:0004123', 'GO:0052131', 'GO:0008754']",['GO:0140303']
mixtral:8x7b,Mixtral 8x7B,P0AAD8,TDCC,ecoli,molecular_function,P1_zeroshot,complete_miss,high_hallucination,0.833,6,3,0,0.0,0.0,"GO:0015312 | symporter activity
GO:0005215 | transmembrane transporter activity
GO:0005372 | amino acid transmembrane transporter activity
GO:0015711 | proton-coupled amino acid transmembrane transporter activity
GO:0042167 | proton-coupled symporter activity
GO:0015177 | amino acid:proton symporter",GO:0015194|L-serine transmembrane transporter activity; GO:0015195|L-threonine transmembrane transporter activity; GO:0015295|solute:proton symporter activity,"['GO:0005372', 'GO:0042167', 'GO:0015177', 'GO:0005215', 'GO:0015312']","['GO:0015194', 'GO:0015295', 'GO:0015195']"
mixtral:8x7b,Mixtral 8x7B,Q12427,STB3,yeast,molecular_function,P1_zeroshot,complete_miss,high_hallucination,0.8,5,3,0,0.0,0.0,"GO:0003677 | transcription corepressor activity
GO:0005515 | protein binding
GO:0016563 | histone deacetylase binding
GO:0030528 | RNA polymerase II transcription repressor complex
GO:0043967 | transcription regulatory region sequence-specific DNA binding","GO:0001228|DNA-binding transcription activator activity, RNA polymerase II-specific; GO:0043565|sequence-specific DNA binding; GO:0000976|transcription cis-regulatory region binding","['GO:0016563', 'GO:0030528', 'GO:0043967', 'GO:0005515']","['GO:0043565', 'GO:0000976', 'GO:0001228']"
mixtral:8x7b,Mixtral 8x7B,P97391,PA2G5,mouse,molecular_function,P5_selection,complete_miss,,0.0,4,2,0,0.0,0.0,"1. GO:0016787 | hydrolase activity
2. GO:0008270 | zinc ion binding
3. GO:0005524 | ATP binding (indirectly, through enzymatic activity)
4. GO:0046872 | metal ion binding (specifically, zinc ion)

The protein PA2G5 is a phospholipase A2 group V, which primarily targets extracellular phospholipids an",GO:0004623|phospholipase A2 activity; GO:0005102|signaling receptor binding,[],"['GO:0004623', 'GO:0005102']"
mixtral:8x7b,Mixtral 8x7B,P0AEY5,MDAB,ecoli,molecular_function,P3_fewshot,complete_miss,high_hallucination,0.75,4,2,0,0.0,0.0,"GO:0004022 | NAD(P)H dehydrogenase (quinone) activity
GO:0016491 | oxidoreductase activity, acting on the CH-NH group of donors
GO:0052895 | oxidoreductase activity, acting on NAD(P)H, quinone as acceptor
GO:0016651 | quinone reductase activity",GO:0050660|flavin adenine dinucleotide binding; GO:0008753|NADPH dehydrogenase (quinone) activity,"['GO:0016651', 'GO:0052895', 'GO:0004022']","['GO:0050660', 'GO:0008753']"
mixtral:8x7b,Mixtral 8x7B,Q5XJ34,KC15L,zebrafish,molecular_function,P2_constrained,complete_miss,high_hallucination,0.778,9,0,0,0.0,0.0,"GO:0003677 | DNA binding
GO:0005488 | zinc ion binding
GO:0016563 | calmodulin binding
GO:0017076 | sequence-specific DNA binding
GO:0030528 | transcriptional repressor activity, RNA polymerase II-specific
GO:0043169 | protein binding involved in protein folding
GO:0043170 | chaperone binding
GO:004",,"['GO:0005488', 'GO:0043170', 'GO:0017076', 'GO:0016563', 'GO:0030528']",[]
mixtral:8x7b,Mixtral 8x7B,P0A8S1,ARGP,ecoli,biological_process,P1_zeroshot,complete_miss,high_hallucination,0.857,21,3,0,0.0,0.0,"GO:0006355 | regulation of transcription, DNA-templated
GO:0006357 | positive regulation of transcription from RNA polymerase II promoter
GO:0000165 | arginine metabolic process
GO:0000170 | lysine metabolic process
GO:0000164 | regulation of arginine metabolic process
GO:0000171 | regulation of lys",GO:0032297|negative regulation of DNA-templated DNA replication initiation; GO:0045892|negative regulation of DNA-templated transcription; GO:0045893|positive regulation of DNA-templated transcription,"['GO:0000164', 'GO:0006521', 'GO:0051252', 'GO:0000165', 'GO:0006526']","['GO:0045892', 'GO:0032297', 'GO:0045893']"
mixtral:8x7b,Mixtral 8x7B,Q6QA32,DHB3,zebrafish,cellular_component,P1_zeroshot,complete_miss,high_hallucination,0.65,20,1,0,0.0,0.0,"1. GO:0005634 | nucleus
2. GO:0005737 | endoplasmic reticulum
3. GO:0005778 | endoplasmic reticulum membrane
4. GO:0008044 | cytoplasm
5. GO:0016021 | membrane-bounded organelle
6. GO:0016020 | intracellular membrane-bounded organelle
7. GO:0022625 | membrane
8. GO:0031965 | organelle membrane
9. GO",GO:0005783|endoplasmic reticulum,"['GO:0044425', 'GO:1900129', 'GO:0005778', 'GO:0098590', 'GO:0043227']",['GO:0005783']
mixtral:8x7b,Mixtral 8x7B,Q64436,ATP4A,mouse,molecular_function,P1_zeroshot,complete_miss,high_hallucination,0.6,5,1,0,0.0,0.0,"1. GO:0015081 | proton pumping ATPase activity
2. GO:0042623 | inorganic cation transmembrane transporter activity
3. GO:0005524 | ATPase activity, coupled to transmembrane movement of ions
4. GO:0046960 | H+/K+ exchanging ATPase activity
5. GO:0016830 | cation transmembrane transporter activity, co",GO:0008900|P-type potassium:proton transporter activity,"['GO:0046960', 'GO:0042623', 'GO:0016830']",['GO:0008900']
mixtral:8x7b,Mixtral 8x7B,Q6Q420,RS15A,zebrafish,cellular_component,P5_selection,complete_miss,,0.0,4,0,0,0.0,0.0,"1. GO:0005634 | nucleus
2. GO:0005737 | cytoplasm
3. GO:0005874 | microtubule (part of the SSU processome)
4. GO:0070062 | extracellular exosome (by similarity, involved in targeted degradation of pre-ribosomal RNA by the RNA exosome)",,[],[]
mixtral:8x7b,Mixtral 8x7B,P77239,CUSB,ecoli,molecular_function,P1_zeroshot,complete_miss,high_hallucination,0.8,5,3,0,0.0,0.0,"GO:0005212 | cation transmembrane transporter activity
GO:0015075 | metal ion transmembrane transporter activity
GO:0015198 | transition metal ion transmembrane transporter activity
GO:0022891 | cation transporter activity
GO:0023559 | metal ion transporter activity
GO:0",GO:0005507|copper ion binding; GO:0005375|copper ion transmembrane transporter activity; GO:0046914|transition metal ion binding,"['GO:0015198', 'GO:0023559', 'GO:0022891', 'GO:0015075']","['GO:0005375', 'GO:0005507', 'GO:0046914']"
mixtral:8x7b,Mixtral 8x7B,Q12438,GLRX6,yeast,molecular_function,P4_cot,complete_miss,high_hallucination,0.857,7,3,0,0.0,0.0,"1. The protein GLRX6 belongs to the glutaredoxin family, which are small oxidoreductases that utilize glutathione (GSH) to reduce disulfide bonds and protect against oxidative stress.
2. GLRX6 is involved in various molecular processes, including maintaining cellular redox homeostasis, protecting ag","GO:0051537|2 iron, 2 sulfur cluster binding; GO:0004362|glutathione-disulfide reductase (NADPH) activity; GO:0005506|iron ion binding","['GO:0016987', 'GO:0055136', 'GO:0016648', 'GO:0015035', 'GO:0016209']","['GO:0051537', 'GO:0004362', 'GO:0005506']"
mixtral:8x7b,Mixtral 8x7B,E9QAG8,ZN431,mouse,molecular_function,P3_fewshot,complete_miss,high_hallucination,0.571,7,3,0,0.0,0.0,"GO:0003700 | DNA-binding transcription factor activity
GO:0046872 | metal ion binding
GO:0003779 | zinc ion binding
GO:0001228 | sequence-specific DNA binding
GO:0043169 | transcriptional repressor activity, RNA polymerase II-specific
GO:0016563 | histone deacetylase binding
GO:0045449 | protein bin",GO:0003682|chromatin binding; GO:0042826|histone deacetylase binding; GO:0000978|RNA polymerase II cis-regulatory region sequence-specific DNA binding,"['GO:0045449', 'GO:0016563', 'GO:0003779', 'GO:0043169']","['GO:0042826', 'GO:0000978', 'GO:0003682']"
mixtral:8x7b,Mixtral 8x7B,P77434,ALAC,ecoli,cellular_component,P3_fewshot,complete_miss,,0.0,3,0,0,0.0,0.0,"GO:0005737 | cytoplasm
GO:0005829 | cytosol
GO:0005634 | periplasmic space

The protein ALAC, also known as glutamate-pyruvate aminotransferase AlaC, is involved in the biosynthesis of alanine in Escherichia coli (strain K12). The enzyme catalyzes the transamination of pyruvate by glutamate, leading",,[],[]
mixtral:8x7b,Mixtral 8x7B,P0A8S1,ARGP,ecoli,cellular_component,P2_constrained,complete_miss,partial_hallucination,0.4,5,0,0,0.0,0.0,"GO:0005634 | nucleus
GO:0000288 | DNA binding
GO:0005737 | DNA
GO:0000165 | chromosome
GO:0000170 | origin of replication",,"['GO:0000170', 'GO:0000165']",[]
mixtral:8x7b,Mixtral 8x7B,Q4KMP7,TB10B,human,cellular_component,P5_selection,partial_match_high_recall,partial_hallucination|low_precision,0.125,8,1,1,0.125,1.0," Based on the information provided, TB10B is a GTPase-activating protein that acts on specific RAB proteins. The function of TB10B does not provide direct information about its cellular location. However, GTPase-activating proteins (GAPs) are typically located in the cytosol or associated with membr",GO:0005886|plasma membrane,['GO:0005778'],[]
mixtral:8x7b,Mixtral 8x7B,P0A9X4,MREB,ecoli,biological_process,P4_cot,complete_hallucination,high_hallucination,1.0,2,4,0,0.0,0.0,"1. The primary biochemical activity of protein MREB is to form membrane-associated dynamic filaments.
2. This protein participates in molecular processes related to cell shape determination, regulation of cell wall synthesis, cell elongation, and targeting cell wall growth to specific regions of the",GO:0043093|FtsZ-dependent cytokinesis; GO:0051782|negative regulation of cell division; GO:0008360|regulation of cell shape; GO:0051983|regulation of chromosome segregation,"['GO:0051272', 'GO:0000163']","['GO:0043093', 'GO:0051782', 'GO:0051983', 'GO:0008360']"
mixtral:8x7b,Mixtral 8x7B,Q0VD86,INCA1,human,biological_process,P2_constrained,complete_miss,high_hallucination,0.833,12,1,0,0.0,0.0,"GO:0000074 | cell cycle process
GO:0007049 | cell growth
GO:0009060 | regulation of S-phase entry into mitotic cell cycle
GO:0010941 | negative regulation of cell cycle
GO:0010942 | negative regulation of mitotic cell cycle
GO:0012501 | apoptosis
GO:0016351 | proteolysis
GO:0019216 | regulation of p",GO:0045736|negative regulation of cyclin-dependent protein serine/threonine kinase activity,"['GO:0019216', 'GO:0010941', 'GO:0012501', 'GO:0007049', 'GO:0031323']",['GO:0045736']
mixtral:8x7b,Mixtral 8x7B,P11412,G6PD,yeast,biological_process,P3_fewshot,complete_miss,high_hallucination,0.667,6,3,0,0.0,0.0,"1. GO:0006091 | gluconeogenesis
2. GO:0006096 | pentose-phosphate shunt
3. GO:0019252 | NADPH regeneration
4. GO:0051182 | oxidoreductase activity, acting on the CH-OH group of donors, NAD or NADP as acceptor
5. GO:0055114 | monosaccharide metabolic process
6. GO:0005975 | carbohydrate metabolic pro","GO:0006740|NADPH regeneration; GO:0009051|pentose-phosphate shunt, oxidative branch; GO:0042542|response to hydrogen peroxide","['GO:0006091', 'GO:0019252', 'GO:0055114', 'GO:0051182']","['GO:0042542', 'GO:0009051', 'GO:0006740']"
mixtral:8x7b,Mixtral 8x7B,Q9BSQ5,CCM2,human,cellular_component,P5_selection,partial_match_high_recall,low_precision,0.0,5,2,1,0.2,0.5,"1. GO:0005829 | cytosol
2. GO:0005737 | cytoplasm
3. GO:0005886 | plasma membrane
4. GO:0016020 | membrane
5. GO:0005925 | focal adhesion

The protein CCM2 is known to be a component of the CCM signaling pathway, which is crucial for heart and vessel formation and integrity. It may act through the s",GO:0005737|cytoplasm; GO:0005739|mitochondrion,[],['GO:0005739']
llama3.3:70b,Llama 3.3 70B,A2A8U2,TM201,mouse,biological_process,P1_zeroshot,partial_match_poor,partial_hallucination|low_recall|low_precision,0.375,8,3,1,0.125,0.333,"Based on the provided information, the following Gene Ontology (GO) Biological Process terms best describe the protein TM201:

* GO:0001525 | angiogenesis
* GO:0016477 | cell migration
* GO:0034330 | fibroblast migration
* GO:0040011 | locomotion
* GO:0042995 | cell projection organization
* GO:0051",GO:0001525|angiogenesis; GO:0010761|fibroblast migration; GO:0007097|nuclear migration,"['GO:0034330', 'GO:0090131', 'GO:0051674']","['GO:0007097', 'GO:0010761']"
llama3.3:70b,Llama 3.3 70B,F1QF89,POMT1,zebrafish,molecular_function,P1_zeroshot,complete_miss,high_hallucination,0.667,3,1,0,0.0,0.0,"Based on the known function of POMT1, the following Gene Ontology (GO) Molecular Function terms are applicable:

* GO:0004659 | mannosyltransferase activity
* GO:0016757 | transferase activity, transferring glycosyl groups
* GO:0046856 | mannose transfer to serine or threonine residue 

These terms ",GO:0004169|dolichyl-phosphate-mannose-protein mannosyltransferase activity,"['GO:0046856', 'GO:0004659']",['GO:0004169']
llama3.3:70b,Llama 3.3 70B,P28778,RT06,yeast,cellular_component,P2_constrained,complete_miss,,0.0,3,2,0,0.0,0.0,"GO:0005759 | mitochondrial ribosome
GO:0005741 | mitochondrial outer membrane
GO:0005743 | mitochondrial inner membrane",GO:0005763|mitochondrial small ribosomal subunit; GO:0005739|mitochondrion,[],"['GO:0005739', 'GO:0005763']"
llama3.3:70b,Llama 3.3 70B,P05706,PTHA,ecoli,molecular_function,P1_zeroshot,complete_miss,high_hallucination,0.833,6,2,0,0.0,0.0,"Based on the known function of the PTHA protein, the following Gene Ontology (GO) Molecular Function terms are the most relevant:

* GO:0005319 | carbohydrate transmembrane transporter activity
* GO:0015767 | glucitol transporter activity
* GO:0015768 | sorbitol transporter activity
* GO:0017058 | p","GO:0016301|kinase activity; GO:0016773|phosphotransferase activity, alcohol group as acceptor","['GO:0042626', 'GO:0015767', 'GO:0016838', 'GO:0015768', 'GO:0017058']","['GO:0016773', 'GO:0016301']"
llama3.3:70b,Llama 3.3 70B,Q4V9F0,DGAT2,zebrafish,cellular_component,P3_fewshot,complete_miss,partial_hallucination,0.25,4,0,0,0.0,0.0,"Based on the known function of DGAT2, I predict the following Gene Ontology Cellular Component terms:

GO:0005737 | cytoplasm
GO:0005783 | endoplasmic reticulum
GO:0016020 | membrane
GO:0042565 | lipid droplet

Rationale:
- DGAT2 is involved in triacylglycerol synthesis, which takes place in the cyt",,['GO:0042565'],[]
llama3.3:70b,Llama 3.3 70B,P0A7S9,RS13,ecoli,biological_process,P5_selection,complete_hallucination,high_hallucination,1.0,1,0,0,0.0,0.0,"GO:0006412 | translation 

This is because the protein RS13 is a component of the small ribosomal subunit (30S subunit) in Escherichia coli, which plays a crucial role in the process of translation, where messenger RNA is translated into a specific sequence of amino acids to form a protein.",,['GO:0006412'],[]
llama3.3:70b,Llama 3.3 70B,Q99592,ZBT18,human,molecular_function,P4_cot,partial_match_poor,partial_hallucination|low_recall|low_precision,0.167,6,3,1,0.167,0.333,"To determine the Molecular Function GO terms that apply to the ZBT18 protein, let's break down the information provided step by step:

### Step 1: Primary Biochemical Activity
The primary biochemical activity of ZBT18 is its ability to act as a transcriptional repressor. This means it binds to speci","GO:0001227|DNA-binding transcription repressor activity, RNA polymerase II-specific; GO:0043565|sequence-specific DNA binding; GO:1990837|sequence-specific double-stranded DNA binding",['GO:0031063'],"['GO:0043565', 'GO:1990837']"
llama3.3:70b,Llama 3.3 70B,P0ACH5,MARA,ecoli,cellular_component,P3_fewshot,complete_miss,partial_hallucination,0.333,3,0,0,0.0,0.0,"Based on the known function of the MARA protein as a transcriptional activator, I predict the following Gene Ontology Cellular Component terms:

GO:0005634 | nucleus
GO:0005829 | cytosol

The prediction is based on the fact that MARA is a transcriptional activator, which typically functions in the n",,['GO:0009295'],[]
llama3.3:70b,Llama 3.3 70B,P53076,VID30,yeast,molecular_function,P4_cot,complete_miss,,0.0,4,0,0,0.0,0.0,"To determine the Molecular Function GO terms that apply to the protein VID30, let's break down the information provided step by step.

### Step 1: Primary Biochemical Activity
The primary biochemical activity of VID30, as part of the GID E3 ligase complex, is the recruitment of N termini and catalys",,[],[]
llama3.3:70b,Llama 3.3 70B,Q9EQR6,FANCG,mouse,biological_process,P3_fewshot,complete_miss,partial_hallucination,0.4,5,4,0,0.0,0.0,"Based on the known function of FANCG, I predict the following Gene Ontology Biological Process terms:

GO:0006281 | DNA repair
GO:0000724 | double-strand break repair via homologous recombination
GO:0045776 | negative regulation of cell cycle
GO:0007050 | cell cycle arrest
GO:0070192 | interstrand c",GO:0006974|DNA damage response; GO:0001541|ovarian follicle development; GO:0009314|response to radiation; GO:0007286|spermatid development,"['GO:0070192', 'GO:0007050']","['GO:0006974', 'GO:0001541', 'GO:0009314', 'GO:0007286']"
llama3.3:70b,Llama 3.3 70B,Q13557,KCC2D,human,biological_process,P1_zeroshot,complete_miss,high_hallucination,0.667,30,6,0,0.0,0.0,"Based on the provided information, the following Gene Ontology (GO) Biological Process terms best describe the protein KCC2D (Calcium/calmodulin-dependent protein kinase type II subunit delta):

* GO:0002028 | regulation of sodium ion transport
* GO:0006338 | chromatin remodeling
* GO:001481 | regul",GO:1902306|negative regulation of sodium ion transmembrane transport; GO:0010613|positive regulation of cardiac muscle hypertrophy; GO:0006468|protein phosphorylation; GO:0060341|regulation of cellula,"['GO:0051279', 'GO:2000645', 'GO:2000641', 'GO:0042493', 'GO:2000647']","['GO:0010613', 'GO:1901897', 'GO:0006468', 'GO:1902306', 'GO:0003254']"
llama3.3:70b,Llama 3.3 70B,Q9H0R5,GBP3,human,cellular_component,P3_fewshot,partial_match_high_recall,partial_hallucination|low_precision,0.4,5,2,2,0.4,1.0,"Based on the known function of GBP3, I predict the following GO Cellular Component terms:

GO:0005737 | cytoplasm
GO:0000323 | lytic vacuole
GO:0043202 | pathogen-containing vacuole
GO:0012505 | endomembrane system
GO:0005829 | cytosol

The reasoning behind these predictions is as follows:

* GBP3 i",GO:0005737|cytoplasm; GO:0005829|cytosol,"['GO:0012505', 'GO:0000323']",[]
llama3.3:70b,Llama 3.3 70B,P77218,EUTD,ecoli,cellular_component,P2_constrained,complete_miss,,0.0,2,0,0,0.0,0.0,"GO:0005737 | Cytoplasm 
GO:0016020 | Membrane",,[],[]
llama3.3:70b,Llama 3.3 70B,P0A8S1,ARGP,ecoli,cellular_component,P2_constrained,complete_miss,partial_hallucination,0.222,18,0,0,0.0,0.0,"GO:0005634 | nucleus
GO:0009295 | helicase-primase complex
GO:0042575 | DNA binding
GO:0090525 | regulation of transcription, DNA-templated 
GO:0046983 | protein dimerization 
GO:0003682 | chromatin binding 
GO:0043565 | sequence-specific DNA binding 
GO:0003700 | transcription factor activity 
GO:0",,"['GO:0009295', 'GO:0090525', 'GO:0043564', 'GO:0042575']",[]
llama3.3:70b,Llama 3.3 70B,Q9BSQ5,CCM2,human,cellular_component,P5_selection,partial_match_high_recall,low_precision,0.0,6,2,1,0.167,0.5,"Based on the provided information, the CCM2 protein is involved in the stabilization of endothelial cell junctions and may function as a scaffold protein for MAP2K3-MAP3K3 signaling, which suggests a role in the cytoplasm and potentially at the plasma membrane. 

The matching terms are:
GO:0005737 |",GO:0005737|cytoplasm; GO:0005739|mitochondrion,[],['GO:0005739']
llama3.3:70b,Llama 3.3 70B,P53604,MSO1,yeast,molecular_function,P3_fewshot,complete_miss,partial_hallucination,0.333,3,0,0,0.0,0.0,"Based on the known function of MSO1 as a component of the secretory vesicle docking complex involved in secretion, I predict the following Gene Ontology Molecular Function terms:

GO:0005515 | protein binding
GO:0016887 | ATPase activity
GO:0044877 | protein-containing complex binding

These terms a",,['GO:0005515'],[]
llama3.3:70b,Llama 3.3 70B,Q9UMX5,NENF,human,molecular_function,P2_constrained,complete_miss,high_hallucination,0.6,5,0,0,0.0,0.0,"GO:0005184 | neuropeptide hormone activity
GO:0005515 | protein binding
GO:0046982 | protein heterodimerization activity
GO:1905278 | heme binding 
GO:0038023 | signaling receptor binding",,"['GO:0005184', 'GO:1905278', 'GO:0005515']",[]
llama3.3:70b,Llama 3.3 70B,Q00764,TPS1,yeast,cellular_component,P1_zeroshot,partial_match_good,,0.0,2,2,1,0.5,0.5,"Based on the provided information, the Gene Ontology (GO) Cellular Component terms that best describe the TPS1 protein are:

GO:0005737 | Cytoplasm
GO:0005829 | Cytosol 

These terms are chosen because the trehalose synthase complex, of which TPS1 is a part, is typically found in the cytoplasm of th","GO:0005946|alpha,alpha-trehalose-phosphate synthase complex (UDP-forming); GO:0005737|cytoplasm",[],['GO:0005946']
llama3.3:70b,Llama 3.3 70B,P47057,SNX4,yeast,molecular_function,P4_cot,complete_miss,high_hallucination,0.8,5,1,0,0.0,0.0,"To determine the Molecular Function GO terms that apply to the SNX4 protein, let's break down the information provided step by step:

### Step 1: Primary Biochemical Activity
The primary biochemical activity of SNX4, based on its description as a sorting nexin, involves binding to membranes and part",GO:0032266|phosphatidylinositol-3-phosphate binding,"['GO:0042625', 'GO:0017124', 'GO:0035091', 'GO:0005515']",['GO:0032266']
llama3.3:70b,Llama 3.3 70B,P02943,LAMB,ecoli,biological_process,P3_fewshot,complete_miss,high_hallucination,0.727,11,3,0,0.0,0.0,"Based on the known function of the LAMB protein (Maltoporin) in Escherichia coli, I predict the following Gene Ontology Biological Process terms:

GO:0006810 | transport
GO:0015749 | monosaccharide transport
GO:0015751 | oligosaccharide transport
GO:0044710 | single-organism transport
GO:0051649 | e",GO:0006974|DNA damage response; GO:0042956|maltodextrin transmembrane transport; GO:1904981|maltose transmembrane transport,"['GO:0051649', 'GO:0046755', 'GO:0006810', 'GO:0044710', 'GO:0015751']","['GO:1904981', 'GO:0006974', 'GO:0042956']"
llama3.3:70b,Llama 3.3 70B,Q3UDW8,HGNAT,mouse,molecular_function,P2_constrained,complete_miss,high_hallucination,0.667,6,1,0,0.0,0.0,"GO:0008080 | acetyltransferase activity
GO:0016407 | acyltransferase activity
GO:0050331 | heparan sulfate binding
GO:0035256 | heparin binding 
GO:0016746 | transferase activity, transferring acyl groups 
GO:0016740 | transferase activity",GO:0015019|heparan-alpha-glucosaminide N-acetyltransferase activity,"['GO:0016746', 'GO:0008080', 'GO:0035256', 'GO:0050331']",['GO:0015019']
llama3.3:70b,Llama 3.3 70B,P40314,NACB2,yeast,biological_process,P1_zeroshot,partial_match_high_recall,partial_hallucination|low_precision,0.429,7,1,1,0.143,1.0,"Based on the known function of the NACB2 protein, the following Gene Ontology (GO) Biological Process terms are the most relevant:

* GO:0006626 | protein targeting to mitochondrion
* GO:0006613 | cotranslational protein targeting to membrane
* GO:0006457 | protein folding
* GO:0045047 | protein tar",GO:0006613|cotranslational protein targeting to membrane,"['GO:0045047', 'GO:0006451', 'GO:0031072']",[]
llama3.3:70b,Llama 3.3 70B,P0A8S1,ARGP,ecoli,cellular_component,P5_selection,complete_miss,,0.0,6,0,0,0.0,0.0,"GO:0005829 | cytosol 
GO:0005737 | cytoplasm 
GO:0005654 | nucleoplasm 
GO:0005634 | nucleus 
GO:0000785 | chromatin 
GO:0005694 | chromosome",,[],[]
llama3.3:70b,Llama 3.3 70B,O35153,BET1L,mouse,biological_process,P3_fewshot,complete_miss,partial_hallucination,0.4,5,0,0,0.0,0.0,"Based on the known function of BET1L, I predict the following Gene Ontology Biological Process terms:

GO:0006890 | vesicle transport
GO:0031201 | vesicle targeting
GO:0031202 | vesicle fusion
GO:0048281 | Golgi organization
GO:0015031 | protein transport

These terms are related to the protein's fu",,"['GO:0048281', 'GO:0031202']",[]
llama3.3:70b,Llama 3.3 70B,P05201,AATC,mouse,molecular_function,P3_fewshot,complete_miss,partial_hallucination,0.5,10,2,0,0.0,0.0,"Based on the known function of the AATC protein, I predict the following GO Molecular Function terms:

GO:0004049 | amino acid transmembrane transporter activity is not correct, instead 
GO:0016740 | transferase activity
GO:0004551 | aspartate transaminase activity is not in GO, instead 
GO:0016740 ",GO:0004069|L-aspartate:2-oxoglutarate aminotransferase activity; GO:0004609|phosphatidylserine decarboxylase activity,"['GO:0048037', 'GO:0004551', 'GO:0016614', 'GO:0016627', 'GO:0004049']","['GO:0004069', 'GO:0004609']"
llama3.3:70b,Llama 3.3 70B,P53549,PRS10,yeast,biological_process,P4_cot,partial_match_poor,partial_hallucination|low_recall|low_precision,0.333,9,6,1,0.111,0.167,"To determine the applicable Biological Process GO terms for the protein PRS10 (26S proteasome subunit RPT4), let's break down the analysis into the steps outlined:

### Step 1: Primary Biochemical Activity
The primary biochemical activity of PRS10, as part of the 26S proteasome, is ATP-dependent pro",GO:0036503|ERAD pathway; GO:0006289|nucleotide-excision repair; GO:0045899|positive regulation of RNA polymerase II transcription preinitiation complex assembly; GO:0032968|positive regulation of tran,"['GO:0051247', 'GO:0006977', 'GO:0007049']","['GO:0036503', 'GO:0006289', 'GO:0032968', 'GO:0045899', 'GO:0070682']"
llama3.3:70b,Llama 3.3 70B,Q07802,COE1,mouse,cellular_component,P5_selection,partial_match_high_recall,low_precision,0.0,4,1,1,0.25,1.0,"GO:0005634 | nucleus
GO:0005654 | nucleoplasm
GO:0000785 | chromatin 
GO:0005694 | chromosome",GO:0005634|nucleus,[],[]
llama3.3:70b,Llama 3.3 70B,P76037,PUUP,ecoli,biological_process,P1_zeroshot,complete_miss,high_hallucination,0.7,10,3,0,0.0,0.0,"Based on the known function of the protein PuuP, the following Gene Ontology (GO) Biological Process terms are the most relevant:

* GO:0015813 | amino acid transport
* GO:0015849 | organic acid transport
* GO:0055085 | transmembrane transport
* GO:0006865 | amino acid transport across plasma membra",GO:0006974|DNA damage response; GO:0009447|putrescine catabolic process; GO:0015847|putrescine transport,"['GO:0046942', 'GO:1901572', 'GO:0044710', 'GO:0015849', 'GO:0043277']","['GO:0009447', 'GO:0006974', 'GO:0015847']"
llama3.3:70b,Llama 3.3 70B,P0AFE8,NUOM,ecoli,cellular_component,P3_fewshot,partial_match_high_recall,partial_hallucination|low_precision,0.429,7,4,2,0.286,0.5,"Based on the function and characteristics of the NUOM protein, I predict the following GO Cellular Component terms:

GO:0005743 | mitochondrial inner membrane
GO:0016020 | membrane
GO:0042653 | mitochondrial respiratory chain complex I
GO:0005886 | plasma membrane 

However, considering the organism",GO:0016020|membrane; GO:0030964|NADH dehydrogenase complex; GO:0005886|plasma membrane; GO:0045271|respiratory chain complex I,"['GO:0044550', 'GO:0044399', 'GO:0042653']","['GO:0030964', 'GO:0045271']"
llama3.3:70b,Llama 3.3 70B,F1QLP1,DHI2,zebrafish,cellular_component,P4_cot,complete_miss,,0.0,2,0,0,0.0,0.0,"To determine the applicable Cellular Component GO terms for the protein DHI2 (11-beta-hydroxysteroid dehydrogenase type 2) in Danio rerio (Zebrafish), let's break down the analysis into the steps outlined:

### Step 1: Primary Biochemical Activity
The primary biochemical activity of DHI2 is to catal",,[],[]
llama3.3:70b,Llama 3.3 70B,P77434,ALAC,ecoli,biological_process,P2_constrained,complete_hallucination,high_hallucination,1.0,3,3,0,0.0,0.0,"GO:0006520 | amino acid biosynthetic process
GO:0009084 | glutamate metabolic process
GO:0009097 | amino acid biosynthesis",GO:0006523|alanine biosynthetic process; GO:0030632|D-alanine biosynthetic process; GO:0019272|L-alanine biosynthetic process from pyruvate,"['GO:0009084', 'GO:0009097', 'GO:0006520']","['GO:0030632', 'GO:0006523', 'GO:0019272']"
llama3.3:70b,Llama 3.3 70B,P08294,SODE,human,cellular_component,P2_constrained,partial_match_good,,0.0,3,3,2,0.667,0.667,"GO:0005615 | extracellular space
GO:0005576 | extracellular region 
GO:0005886 | plasma membrane",GO:0070062|extracellular exosome; GO:0005576|extracellular region; GO:0005615|extracellular space,[],['GO:0070062']
llama3.3:70b,Llama 3.3 70B,P0CX39,RS8A,yeast,biological_process,P5_selection,complete_hallucination,high_hallucination,1.0,1,1,0,0.0,0.0,"GO:0006412 | translation 

This is the only term that directly applies to the function of the protein RS8A, which is a component of the ribosome involved in protein synthesis (translation).","GO:0000462|maturation of SSU-rRNA from tricistronic rRNA transcript (SSU-rRNA, 5.8S rRNA, LSU-rRNA)",['GO:0006412'],['GO:0000462']
llama3.3:70b,Llama 3.3 70B,P47057,SNX4,yeast,biological_process,P5_selection,complete_miss,high_hallucination,0.667,3,11,0,0.0,0.0,"Based on the provided information, the following GO Biological Process terms apply to the SNX4 protein:

GO:0007049 | cell cycle
GO:0006810 | transport
GO:0007165 | signal transduction 

These terms are relevant to the protein's involvement in cell cycle, transport of late-Golgi SNAREs, and retrieva",GO:0000422|autophagy of mitochondrion; GO:0032258|cytoplasm to vacuole targeting by the Cvt pathway; GO:0034498|early endosome to Golgi transport; GO:0032456|endocytic recycling; GO:0061723|glycophagy,"['GO:0006810', 'GO:0007049']","['GO:0006623', 'GO:0034727', 'GO:0032456', 'GO:0032258', 'GO:0000422']"
llama3.3:70b,Llama 3.3 70B,P14151,LYAM1,human,cellular_component,P5_selection,partial_match_high_recall,low_precision,0.0,4,1,1,0.25,1.0,"GO:0005886 | plasma membrane
GO:0016020 | membrane 
GO:0005615 | extracellular space 
GO:0070062 | extracellular exosome",GO:0005886|plasma membrane,[],[]
llama3.3:70b,Llama 3.3 70B,Q9Y2R5,RT17,human,biological_process,P5_selection,complete_hallucination,high_hallucination,1.0,1,1,0,0.0,0.0,"Based on the function of the protein RT17 (Small ribosomal subunit protein uS17m) in Homo sapiens, the applicable GO Biological Process terms are:

GO:0006412 | translation 

This protein is a component of the small ribosomal subunit, which is directly involved in the process of translation, where m",GO:0032543|mitochondrial translation,['GO:0006412'],['GO:0032543']
llama3.3:70b,Llama 3.3 70B,Q5U9X3,GPC6A,zebrafish,cellular_component,P5_selection,complete_miss,,0.0,2,0,0,0.0,0.0,"GO:0005886 | plasma membrane
GO:0016020 | membrane 

These terms apply because G-protein coupled receptors, such as GPC6A, are typically embedded in the plasma membrane of cells, where they can interact with external ligands like odorants. The term ""membrane"" is also applicable as it is a more gener",,[],[]
llama3.3:70b,Llama 3.3 70B,P0A7I0,RF1,ecoli,cellular_component,P3_fewshot,complete_miss,,0.0,4,1,0,0.0,0.0,"Based on the function of RF1 as a peptide chain release factor, it is likely to be associated with the ribosome, where translation termination occurs. Here are the predicted GO Cellular Component terms for RF1 in Escherichia coli (strain K12):

GO:0005840 | ribosome
GO:0022627 | cytosolic large ribo",GO:0005829|cytosol,[],['GO:0005829']
llama3.3:70b,Llama 3.3 70B,P07013,PRIB,ecoli,molecular_function,P1_zeroshot,complete_miss,high_hallucination,0.667,6,2,0,0.0,0.0,"Based on the provided information, the Gene Ontology (GO) Molecular Function terms that best describe the protein PriB are:

GO:0003677 | DNA binding
GO:0005524 | ATP binding
GO:0017111 | nucleoside-triphosphatase activity (not explicitly mentioned but implied through its interaction with helicase a",GO:0042802|identical protein binding; GO:0003697|single-stranded DNA binding,"['GO:0044822', 'GO:0097366', 'GO:0032403', 'GO:0017111']","['GO:0003697', 'GO:0042802']"
llama3.3:70b,Llama 3.3 70B,Q14BN4,SLMAP,human,cellular_component,P3_fewshot,complete_miss,partial_hallucination,0.333,6,2,0,0.0,0.0,"Based on the known function and full name of the protein SLMAP, I predict the following Gene Ontology Cellular Component terms:

GO:0016020 | membrane
GO:0030017 | sarcolemmal membrane
GO:0005829 | cytosol
GO:0070161 | striated muscle cytoskeleton 
GO:0043005 | neuron projection cytoskeleton may not",GO:0005737|cytoplasm; GO:0090443|FAR/SIN/STRIPAK complex,"['GO:0030017', 'GO:0070161']","['GO:0005737', 'GO:0090443']"
llama3.3:70b,Llama 3.3 70B,Q60989,XIAP,mouse,cellular_component,P1_zeroshot,complete_miss,,0.0,6,1,0,0.0,0.0,"Based on the provided information, the Gene Ontology (GO) Cellular Component terms that best describe the XIAP protein are:

GO:0005634 | nucleus
GO:0005829 | cytosol
GO:0016020 | membrane
GO:0032991 | macroautophagy-associated protein complex
GO:0043025 | neuronal cell body
GO:0070062 | extracellul",GO:0005737|cytoplasm,[],['GO:0005737']
llama3.3:70b,Llama 3.3 70B,Q86TV6,TTC7B,human,biological_process,P1_zeroshot,partial_match_high_recall,partial_hallucination|low_precision,0.4,5,2,1,0.2,0.5,"Based on the known function of the TTC7B protein, the following Gene Ontology (GO) Biological Process terms are relevant:

* GO:0006661 | phosphatidylinositol biosynthetic process
* GO:0016251 | phosphatidylinositol phosphorylation
* GO:0030141 | phosphatidylinositol 4-kinase activity regulation
* G",GO:0046854|phosphatidylinositol phosphate biosynthetic process; GO:0072659|protein localization to plasma membrane,"['GO:0016251', 'GO:0006661']",['GO:0072659']
llama3.3:70b,Llama 3.3 70B,O89103,C1QR1,mouse,molecular_function,P5_selection,complete_hallucination,high_hallucination,1.0,1,0,0,0.0,0.0,"GO:0005515 | protein binding 

This is the only term that directly applies to the protein C1QR1 based on the provided information, which mentions the protein's role in various interactions and bindings, such as with beta-dystroglycan, CBL, CRKL, and other ligands, but does not specify any of the oth",,['GO:0005515'],[]
llama3.3:70b,Llama 3.3 70B,Q2VPA4,CR1L,human,molecular_function,P3_fewshot,complete_hallucination,high_hallucination,1.0,3,0,0,0.0,0.0,"Based on the protein name and description, I predict the following Gene Ontology Molecular Function terms for CR1L:

GO:0005515 | protein binding
GO:0042379 | complement component binding
GO:0044829 | complement receptor activity

These predictions are based on the fact that CR1L is a complement com",,"['GO:0042379', 'GO:0044829', 'GO:0005515']",[]
llama3.3:70b,Llama 3.3 70B,A2CEI6,PIWL2,zebrafish,biological_process,P5_selection,complete_miss,partial_hallucination,0.25,4,6,0,0.0,0.0,"Based on the provided information, the following GO Biological Process terms apply to the PIWL2 protein:

GO:0007049 | cell cycle
GO:0006355 | regulation of DNA-templated transcription
GO:0045944 | positive regulation of transcription by RNA polymerase II 
GO:0045786 | negative regulation of cell cy",GO:0007276|gamete generation; GO:0030718|germ-line stem cell population maintenance; GO:0051321|meiotic cell cycle; GO:0060392|negative regulation of SMAD protein signal transduction; GO:0034587|piRNA,['GO:0007049'],"['GO:0030718', 'GO:0051321', 'GO:0060392', 'GO:0010628', 'GO:0034587']"
llama3.3:70b,Llama 3.3 70B,Q6NZQ4,PAXI1,mouse,biological_process,P1_zeroshot,complete_miss,partial_hallucination,0.5,12,10,0,0.0,0.0,"Based on the provided information, the following Gene Ontology (GO) Biological Process terms best describe the PAXI1 protein:

1. GO:0006281 | DNA repair
2. GO:0045739 | positive regulation of DNA repair
3. GO:0032205 | regulation of telomere maintenance
4. GO:0010212 | response to ionizing radiatio",GO:0060612|adipose tissue development; GO:0060717|chorion development; GO:0006974|DNA damage response; GO:0043542|endothelial cell migration; GO:0045830|positive regulation of isotype switching; GO:00,"['GO:0042113', 'GO:0016447', 'GO:0045739', 'GO:0032205', 'GO:0035064']","['GO:0031398', 'GO:0060261', 'GO:0045830', 'GO:0048304', 'GO:0001570']"
llama3.3:70b,Llama 3.3 70B,P54761,EPHB4,mouse,biological_process,P3_fewshot,partial_match_poor,partial_hallucination|low_recall|low_precision,0.3,10,6,1,0.1,0.167,"Based on the known function of EPHB4, I predict the following Gene Ontology Biological Process terms:

GO:0007155 | cell adhesion
GO:0016477 | cell migration
GO:0001525 | angiogenesis
GO:0001944 | vasculature development
GO:0008015 | blood vessel remodeling
GO:0045761 | regulation of cell proliferat",GO:0001525|angiogenesis; GO:0048013|ephrin receptor signaling pathway; GO:0003007|heart morphogenesis; GO:1903849|positive regulation of aorta morphogenesis; GO:2000525|positive regulation of T cell c,"['GO:0007178', 'GO:0048015', 'GO:0045761']","['GO:0048013', 'GO:0003007', 'GO:2000525', 'GO:0048845', 'GO:1903849']"
llama3.3:70b,Llama 3.3 70B,P97946,VEGFD,mouse,cellular_component,P2_constrained,partial_match_good,,0.0,4,2,2,0.5,1.0,"GO:0005576 | extracellular region
GO:0005615 | extracellular space
GO:0016020 | membrane 
GO:0031410 | cytoplasmic vesicle",GO:0005576|extracellular region; GO:0005615|extracellular space,[],[]
llama3.3:70b,Llama 3.3 70B,Q1LYE3,Z143B,zebrafish,biological_process,P4_cot,complete_miss,partial_hallucination,0.5,6,3,0,0.0,0.0,"To determine the applicable Biological Process GO terms for the protein Z143B (Zinc finger protein 143B), let's break down the information provided step by step:

### Step 1: Primary Biochemical Activity
The primary biochemical activity of Z143B is acting as a transcription factor. It specifically r",GO:0007420|brain development; GO:0045893|positive regulation of DNA-templated transcription; GO:0061035|regulation of cartilage development,"['GO:0045449', 'GO:0042795', 'GO:0006725']","['GO:0045893', 'GO:0007420', 'GO:0061035']"
llama3.3:70b,Llama 3.3 70B,P43555,EMP47,yeast,molecular_function,P3_fewshot,complete_miss,partial_hallucination,0.4,10,1,0,0.0,0.0,"Based on the known function of EMP47, I predict the following GO Molecular Function terms:

GO:0005515 | protein binding
GO:0016020 | membrane
GO:0046982 | protein heterodimerization activity
GO:0030674 | protein binding involved in protein folding
GO:0000166 | nucleotide binding 

However, consider",GO:0097367|carbohydrate derivative binding,"['GO:0044212', 'GO:0045047', 'GO:0000166', 'GO:0005515']",['GO:0097367']
google/gemma-4-31b,Gemma-4 31B,A2A8U2,TM201,mouse,biological_process,P3_fewshot,partial_match_poor,partial_hallucination|low_recall|low_precision,0.167,6,3,1,0.167,0.333,"GO:0001525 | angiogenesis
GO:0016477 | cell migration
GO:0030335 | endothelial cell migration
GO:0044811 | nuclear migration
GO:0007010 | cytoskeleton organization
GO:0007165 | signal transduction",GO:0001525|angiogenesis; GO:0010761|fibroblast migration; GO:0007097|nuclear migration,['GO:0044811'],"['GO:0007097', 'GO:0010761']"
google/gemma-4-31b,Gemma-4 31B,F1QF89,POMT1,zebrafish,molecular_function,P5_selection,complete_miss,partial_hallucination,0.5,2,1,0,0.0,0.0,"GO:0005515 | protein binding
GO:0016740 | transferase activity",GO:0004169|dolichyl-phosphate-mannose-protein mannosyltransferase activity,['GO:0005515'],['GO:0004169']
google/gemma-4-31b,Gemma-4 31B,P38325,OM14,yeast,molecular_function,P1_zeroshot,complete_miss,,0.0,3,1,0,0.0,0.0,"Based on the current annotations for the protein **OM14** (also known as **Om14p**) in *Saccharomyces cerevisiae*, it is identified as a component of the mitochondrial outer membrane. However, it is important to note that OM14 is often characterized as a protein of unknown specific enzymatic or bind",GO:1990593|nascent polypeptide-associated complex binding,[],['GO:1990593']
google/gemma-4-31b,Gemma-4 31B,P05706,PTHA,ecoli,biological_process,P2_constrained,complete_miss,high_hallucination,0.667,3,1,0,0.0,0.0,"GO:0006811 | solute transport
GO:0006812 | sugar transport
GO:0044235 | polyol transport",GO:0009401|phosphoenolpyruvate-dependent sugar phosphotransferase system,"['GO:0006812', 'GO:0044235']",['GO:0009401']
google/gemma-4-31b,Gemma-4 31B,O93430,GLRA1,zebrafish,molecular_function,P2_constrained,complete_hallucination,high_hallucination,1.0,4,4,0,0.0,0.0,"GO:0005238 | glycine receptor activity
GO:0005239 | chloride channel activity
GO:0005237 | ion channel activity
GO:0004872 | protein ligand-gated ion channel activity",GO:0016934|extracellularly glycine-gated chloride channel activity; GO:0016933|extracellularly glycine-gated ion channel activity; GO:0016594|glycine binding; GO:0015276|ligand-gated monoatomic ion ch,"['GO:0005237', 'GO:0005238', 'GO:0004872', 'GO:0005239']","['GO:0016934', 'GO:0016933', 'GO:0015276', 'GO:0016594']"
google/gemma-4-31b,Gemma-4 31B,P0A7S9,RS13,ecoli,cellular_component,P4_cot,partial_match_poor,partial_hallucination|low_recall|low_precision,0.5,4,3,1,0.25,0.333,"**Step 1: What is the protein's primary biochemical activity?**
RS13 (uS13) is a structural protein of the ribosome. Its primary activity is not enzymatic, but rather structural and stabilizing. It binds to the 16S rRNA at the ""head"" of the small ribosomal subunit, helping to maintain the architectu",GO:0005737|cytoplasm; GO:0005829|cytosol; GO:0022627|cytosolic small ribosomal subunit,"['GO:0044285', 'GO:0000296']","['GO:0022627', 'GO:0005829']"
google/gemma-4-31b,Gemma-4 31B,Q99592,ZBT18,human,molecular_function,P4_cot,complete_miss,partial_hallucination,0.4,5,3,0,0.0,0.0,"To determine the appropriate Gene Ontology (GO) Molecular Function terms for ZBT18, I will analyze the provided protein description step-by-step.

**Step 1: What is the protein's primary biochemical activity?**
The protein is described as a ""Transcriptional repressor."" Its primary biochemical activi","GO:0001227|DNA-binding transcription repressor activity, RNA polymerase II-specific; GO:0043565|sequence-specific DNA binding; GO:1990837|sequence-specific double-stranded DNA binding","['GO:0044422', 'GO:0005515']","['GO:0043565', 'GO:1990837', 'GO:0001227']"
google/gemma-4-31b,Gemma-4 31B,P50465,END8,ecoli,molecular_function,P4_cot,complete_hallucination,high_hallucination,1.0,4,4,0,0.0,0.0,"**Step 1: What is the protein's primary biochemical activity?**
The protein END8 (Endonuclease VIII/Nei) exhibits dual enzymatic activity. First, it acts as a **DNA glycosylase**, specifically recognizing and removing oxidized pyrimidines (like thymine glycol) from the DNA strand. Second, it possess",GO:0003684|damaged DNA binding; GO:0003906|DNA-(apurinic or apyrimidinic site) endonuclease activity; GO:0000703|oxidized pyrimidine nucleobase lesion DNA N-glycosylase activity; GO:0008270|zinc ion b,"['GO:0004542', 'GO:0004551', 'GO:0004552', 'GO:0004543']","['GO:0008270', 'GO:0000703', 'GO:0003684', 'GO:0003906']"
google/gemma-4-31b,Gemma-4 31B,P53076,VID30,yeast,biological_process,P3_fewshot,complete_miss,partial_hallucination,0.5,6,3,0,0.0,0.0,"Protein: VID30, Organism: Saccharomyces cerevisiae
GO Biological Process terms:
GO:0006487 | protein catabolic process
GO:0004872 | protein ubiquitination
GO:0006330 | protein targeting to endoplasmic reticulum
GO:0043271 | protein degradation via ubiquitin-proteasome pathway
GO:0006423 | glucose me",GO:0045721|negative regulation of gluconeogenesis; GO:0043161|proteasome-mediated ubiquitin-dependent protein catabolic process; GO:0006808|regulation of nitrogen utilization,"['GO:0043271', 'GO:0006330', 'GO:0004872']","['GO:0043161', 'GO:0006808', 'GO:0045721']"
google/gemma-4-31b,Gemma-4 31B,Q9EQR6,FANCG,mouse,biological_process,P5_selection,complete_miss,partial_hallucination,0.333,3,4,0,0.0,0.0,"GO:0006281 | DNA repair
GO:0007049 | cell cycle
GO:0000077 | DNA damage checkpoint signaling",GO:0006974|DNA damage response; GO:0001541|ovarian follicle development; GO:0009314|response to radiation; GO:0007286|spermatid development,['GO:0007049'],"['GO:0006974', 'GO:0001541', 'GO:0009314', 'GO:0007286']"
google/gemma-4-31b,Gemma-4 31B,P56750,CLD17,human,cellular_component,P4_cot,partial_match_high_recall,high_hallucination|low_precision,0.8,5,2,1,0.2,0.5,"**Step 1: What is the protein's primary biochemical activity?**
CLD17 (Claudin-17) is a member of the claudin family of proteins. Its primary biochemical activity is to act as a structural and functional component of tight junctions. Specifically, it forms selective paracellular channels (pores) tha",GO:0005886|plasma membrane; GO:0070160|tight junction,"['GO:0005924', 'GO:0016022', 'GO:0043205', 'GO:0005888']",['GO:0070160']
google/gemma-4-31b,Gemma-4 31B,Q9H0R5,GBP3,human,cellular_component,P3_fewshot,partial_match_high_recall,partial_hallucination|low_precision,0.2,5,2,2,0.4,1.0,"GO:0005829 | cytosol
GO:0005764 | plasma membrane
GO:0005737 | cytoplasm
GO:0005768 | vacuole
GO:0005778 | phagosome",GO:0005737|cytoplasm; GO:0005829|cytosol,['GO:0005778'],[]
google/gemma-4-31b,Gemma-4 31B,P00909,TRPC,ecoli,molecular_function,P5_selection,complete_miss,,0.0,1,2,0,0.0,0.0,GO:0046872 | metal ion binding,GO:0004425|indole-3-glycerol-phosphate synthase activity; GO:0004640|phosphoribosylanthranilate isomerase activity,[],"['GO:0004640', 'GO:0004425']"
google/gemma-4-31b,Gemma-4 31B,P0A9D4,CYSE,ecoli,cellular_component,P4_cot,complete_miss,,0.0,3,2,0,0.0,0.0,"**Step 1: What is the protein's primary biochemical activity?**
CYSE (Serine acetyltransferase) catalyzes the first committed step of the cysteine biosynthetic pathway. Specifically, it catalyzes the acetylation of O-acetylserine from L-serine and acetyl-CoA. This reaction is essential for the subse",GO:0009333|cysteine synthase complex; GO:0005829|cytosol,[],"['GO:0009333', 'GO:0005829']"
google/gemma-4-31b,Gemma-4 31B,Q9BSQ5,CCM2,human,cellular_component,P5_selection,partial_match_high_recall,low_precision,0.0,6,2,1,0.167,0.5,"GO:0005829 | cytosol
GO:0005737 | cytoplasm
GO:0005634 | nucleus
GO:0005654 | nucleoplasm
GO:0016020 | membrane
GO:0005886 | plasma membrane",GO:0005737|cytoplasm; GO:0005739|mitochondrion,[],['GO:0005739']
google/gemma-4-31b,Gemma-4 31B,P53604,MSO1,yeast,biological_process,P2_constrained,complete_miss,partial_hallucination,0.25,4,3,0,0.0,0.0,"GO:0006887 | vesicle-mediated transport
GO:0006890 | exocytosis
GO:0007265 | vesicle-mediated transport
GO:0044215 | secretory vesicle transport",GO:0032120|ascospore-type prospore membrane formation; GO:0061025|membrane fusion; GO:0006904|vesicle docking involved in exocytosis,['GO:0044215'],"['GO:0032120', 'GO:0006904', 'GO:0061025']"
google/gemma-4-31b,Gemma-4 31B,Q9UMX5,NENF,human,molecular_function,P2_constrained,complete_miss,partial_hallucination,0.5,2,0,0,0.0,0.0,"GO:0005524 | ATP-binding
GO:0004872 | protein kinase activity",,['GO:0004872'],[]
google/gemma-4-31b,Gemma-4 31B,Q00764,TPS1,yeast,cellular_component,P1_zeroshot,partial_match_high_recall,low_precision,0.0,3,2,1,0.333,0.5,"Based on the known function and localization of the **TPS1** protein (Alpha,alpha-trehalose-phosphate synthase) in *Saccharomyces cerevisiae*, the following Gene Ontology (GO) Cellular Component terms are the most accurate:

GO:0005737 | cytoplasm
GO:0005764 | cytoplasm part
GO:0043226 | cytoplasm p","GO:0005946|alpha,alpha-trehalose-phosphate synthase complex (UDP-forming); GO:0005737|cytoplasm",[],['GO:0005946']
google/gemma-4-31b,Gemma-4 31B,P47057,SNX4,yeast,biological_process,P1_zeroshot,complete_miss,high_hallucination,0.545,11,11,0,0.0,0.0,"Based on the provided functional description for **SNX4** in *Saccharomyces cerevisiae*, the following Gene Ontology (GO) Biological Process terms best describe its roles in vacuole dynamics, retrograde transport, and autophagy:

**Vacuole Dynamics and Morphology**
GO:0006890 | vacuole disassembly
G",GO:0000422|autophagy of mitochondrion; GO:0032258|cytoplasm to vacuole targeting by the Cvt pathway; GO:0034498|early endosome to Golgi transport; GO:0032456|endocytic recycling; GO:0061723|glycophagy,"['GO:0005831', 'GO:0030327', 'GO:0006896', 'GO:0005828', 'GO:0006910']","['GO:0006623', 'GO:0034727', 'GO:0032456', 'GO:0032258', 'GO:0000422']"
google/gemma-4-31b,Gemma-4 31B,P79724,HXADB,zebrafish,biological_process,P2_constrained,complete_miss,partial_hallucination,0.429,7,2,0,0.0,0.0,"GO:0008150 | transcription factor activity
GO:0006333 | protein modification
GO:0003677 | DNA-binding
GO:0007265 | transcription from RNA polymerase II promoter
GO:0048514 | regulation of transcription, DNA-templated
GO:0007612 | limb morphogenesis
GO:0002376 | limb development",GO:0033333|fin development; GO:0000122|negative regulation of transcription by RNA polymerase II,"['GO:0008150', 'GO:0006333', 'GO:0002376']","['GO:0033333', 'GO:0000122']"
google/gemma-4-31b,Gemma-4 31B,Q3UDW8,HGNAT,mouse,molecular_function,P4_cot,complete_hallucination,high_hallucination,1.0,1,1,0,0.0,0.0,"**Step 1: What is the protein's primary biochemical activity?**
The protein HGNAT (Heparan-alpha-glucosaminide N-acetyltransferase) is an enzyme that catalyzes the transfer of an acetyl group from a donor (typically Acetyl-CoA) to a specific substrate. Specifically, it acetylates the non-reducing te",GO:0015019|heparan-alpha-glucosaminide N-acetyltransferase activity,['GO:0016786'],['GO:0015019']
google/gemma-4-31b,Gemma-4 31B,P08244,PYRF,ecoli,molecular_function,P1_zeroshot,complete_miss,partial_hallucination,0.4,5,2,0,0.0,0.0,"Based on the protein's function as Orotidine 5'-phosphate decarboxylase (EC 4.1.1.23), the following Gene Ontology (GO) Molecular Function terms best describe PYRF:

GO:0004211 | OMP decarboxylase activity
GO:0004514 | carboxylase activity
GO:0003824 | catalyst activity
GO:0003723 | metabolic proces",GO:0016831|carboxy-lyase activity; GO:0004590|orotidine-5'-phosphate decarboxylase activity,"['GO:0004113', 'GO:0004211']","['GO:0004590', 'GO:0016831']"
google/gemma-4-31b,Gemma-4 31B,P0A8S1,ARGP,ecoli,cellular_component,P4_cot,complete_miss,partial_hallucination,0.5,2,0,0,0.0,0.0,"**Step 1: What is the protein's primary biochemical activity?**
The protein ArgP is described as an ""HTH-type transcriptional regulator."" The HTH (helix-turn-helix) motif is a classic DNA-binding structural motif. Its primary biochemical activity is binding to specific DNA sequences (promoters, cont",,['GO:0008425'],[]
google/gemma-4-31b,Gemma-4 31B,O35153,BET1L,mouse,biological_process,P5_selection,complete_hallucination,high_hallucination,1.0,1,0,0,0.0,0.0,GO:0006810 | transport,,['GO:0006810'],[]
google/gemma-4-31b,Gemma-4 31B,P05201,AATC,mouse,biological_process,P1_zeroshot,complete_miss,high_hallucination,0.583,12,8,0,0.0,0.0,"Based on the provided functional description and the known biochemical role of cytoplasmic Aspartate Aminotransferase (GOT1/AATC) in *Mus musculus*, the following Gene Ontology (GO) Biological Process terms are the most accurate descriptors:

**Core Metabolic Functions**
GO:0006852 | amino acid bios",GO:0006532|aspartate biosynthetic process; GO:0055089|fatty acid homeostasis; GO:0006094|gluconeogenesis; GO:0006114|glycerol biosynthetic process; GO:0019550|L-glutamate catabolic process to aspartat,"['GO:0048130', 'GO:0006845', 'GO:0006844', 'GO:0006853', 'GO:0006578']","['GO:0007219', 'GO:0055089', 'GO:0019550', 'GO:0006107', 'GO:0006532']"
google/gemma-4-31b,Gemma-4 31B,P53549,PRS10,yeast,biological_process,P2_constrained,complete_miss,high_hallucination,0.75,4,6,0,0.0,0.0,"GO:0006526 | ubiquitin-dependent protein catabolic process
GO:0006507 | protein catabolic process
GO:0043022 | regulation of protein metabolic process
GO:0006488 | protein targeting to endoplasmic reticulum",GO:0036503|ERAD pathway; GO:0006289|nucleotide-excision repair; GO:0045899|positive regulation of RNA polymerase II transcription preinitiation complex assembly; GO:0032968|positive regulation of tran,"['GO:0006507', 'GO:0006526', 'GO:0006488']","['GO:0036503', 'GO:0006289', 'GO:0032968', 'GO:0043161', 'GO:0045899']"
google/gemma-4-31b,Gemma-4 31B,Q64299,CCN3,mouse,molecular_function,P3_fewshot,complete_miss,high_hallucination,0.6,5,1,0,0.0,0.0,"GO:0005515 | protein binding
GO:0004872 | integrin binding
GO:0008034 | receptor binding
GO:0005506 | calcium ion binding
GO:0005198 | structural molecule activity",GO:0005179|hormone activity,"['GO:0005515', 'GO:0004872', 'GO:0008034']",['GO:0005179']
google/gemma-4-31b,Gemma-4 31B,O13034,RAG2,zebrafish,biological_process,P2_constrained,complete_miss,,0.0,3,7,0,0.0,0.0,"GO:0030198 | V(D)J recombination
GO:0006260 | DNA repair
GO:0003677 | DNA cleavage",GO:0048534|hematopoietic or lymphoid organ development; GO:0033152|immunoglobulin V(D)J recombination; GO:0030098|lymphocyte differentiation; GO:0065004|protein-DNA complex assembly; GO:0030217|T cell,[],"['GO:0048534', 'GO:0065004', 'GO:0048538', 'GO:0030217', 'GO:0030098']"
google/gemma-4-31b,Gemma-4 31B,P64534,RCNB,ecoli,molecular_function,P3_fewshot,complete_miss,partial_hallucination,0.5,2,1,0,0.0,0.0,"GO:0005515 | protein binding
GO:0003677 | DNA-binding",GO:0005507|copper ion binding,['GO:0005515'],['GO:0005507']
google/gemma-4-31b,Gemma-4 31B,P07017,MCP2,ecoli,cellular_component,P3_fewshot,partial_match_poor,partial_hallucination|low_recall|low_precision,0.5,4,3,1,0.25,0.333,"GO:0009986 | plasma membrane
GO:0005886 | plasma membrane part
GO:0009987 | cell surface
GO:0044583 | plasma membrane protein complex",GO:0051286|cell tip; GO:0098561|methyl accepting chemotaxis protein complex; GO:0005886|plasma membrane,"['GO:0044583', 'GO:0009987']","['GO:0098561', 'GO:0051286']"
google/gemma-4-31b,Gemma-4 31B,P77434,ALAC,ecoli,biological_process,P1_zeroshot,complete_miss,partial_hallucination,0.5,6,3,0,0.0,0.0,"Based on the provided protein function and its role in the metabolism of *Escherichia coli*, the following Gene Ontology (GO) Biological Process terms best describe ALAC:

GO:0006814 | amino acid biosynthetic process
GO:0006811 | amino acid metabolic process
GO:0006850 | alanine biosynthetic process",GO:0006523|alanine biosynthetic process; GO:0030632|D-alanine biosynthetic process; GO:0019272|L-alanine biosynthetic process from pyruvate,"['GO:0006850', 'GO:0006581', 'GO:0006091']","['GO:0030632', 'GO:0006523', 'GO:0019272']"
google/gemma-4-31b,Gemma-4 31B,P08294,SODE,human,molecular_function,P5_selection,complete_miss,,0.0,2,1,0,0.0,0.0,"GO:0046872 | metal ion binding
GO:0008270 | zinc ion binding",GO:0060090|molecular adaptor activity,[],['GO:0060090']
google/gemma-4-31b,Gemma-4 31B,P0CX39,RS8A,yeast,cellular_component,P5_selection,complete_miss,,0.0,4,2,0,0.0,0.0,"GO:0005829 | cytosol
GO:0005737 | cytoplasm
GO:0005634 | nucleus
GO:0005654 | nucleoplasm",GO:0030686|90S preribosome; GO:0022627|cytosolic small ribosomal subunit,[],"['GO:0022627', 'GO:0030686']"
google/gemma-4-31b,Gemma-4 31B,P47057,SNX4,yeast,cellular_component,P2_constrained,complete_miss,partial_hallucination,0.2,5,5,0,0.0,0.0,"GO:0005764 | endosome
GO:0005884 | Golgi apparatus
GO:0005779 | early endosome
GO:0005777 | late endosome
GO:0005783 | multivesicular body",GO:0010009|cytoplasmic side of endosome membrane; GO:0005829|cytosol; GO:0005769|early endosome; GO:0048471|perinuclear region of cytoplasm; GO:0000407|phagophore assembly site,['GO:0005779'],"['GO:0010009', 'GO:0048471', 'GO:0005829', 'GO:0005769', 'GO:0000407']"
google/gemma-4-31b,Gemma-4 31B,Q92963,RIT1,human,molecular_function,P2_constrained,complete_miss,partial_hallucination,0.5,2,2,0,0.0,0.0,"GO:0004872 | GTPase activity
GO:0005524 | GTP binding",GO:0005525|GTP binding; GO:0003924|GTPase activity,['GO:0004872'],"['GO:0003924', 'GO:0005525']"
google/gemma-4-31b,Gemma-4 31B,Q9Y2R5,RT17,human,cellular_component,P2_constrained,complete_miss,partial_hallucination,0.2,5,1,0,0.0,0.0,"GO:0005840 | cytoplasm
GO:0005815 | mitochondrial ribosome
GO:0005744 | mitochondrial part
GO:0005739 | mitochondrion
GO:0005822 | mitochondrial matrix",GO:0005763|mitochondrial small ribosomal subunit,['GO:0005822'],['GO:0005763']
google/gemma-4-31b,Gemma-4 31B,Q71MM5,DMRT1,zebrafish,biological_process,P2_constrained,complete_miss,partial_hallucination,0.4,5,4,0,0.0,0.0,"GO:0007588 | gonad development
GO:0007612 | sexual development
GO:0007613 | sex determination
GO:0006348 | regulation of transcription, DNA-templated
GO:0045893 | regulation of transcription from RNA polymerase II promoter",GO:0007281|germ cell development; GO:0002176|male germ cell proliferation; GO:0008584|male gonad development; GO:0030238|male sex determination,"['GO:0006348', 'GO:0007588']","['GO:0002176', 'GO:0008584', 'GO:0030238', 'GO:0007281']"
google/gemma-4-31b,Gemma-4 31B,Q7SZ56,TM218,zebrafish,molecular_function,P3_fewshot,complete_miss,partial_hallucination,0.333,3,0,0,0.0,0.0,"Based on the protein's identity as a transmembrane protein and its predicted involvement in ciliary biogenesis and function in *Danio rerio*, here are the predicted Gene Ontology Molecular Function terms:

GO:0005524 | ATP binding
GO:0005515 | protein binding
GO:0005886 | transmembrane transport",,['GO:0005515'],[]
google/gemma-4-31b,Gemma-4 31B,P53251,SLX9,yeast,cellular_component,P2_constrained,partial_match_poor,partial_hallucination|low_recall|low_precision,0.333,3,5,1,0.333,0.2,"GO:0005747 | ribosome biogenesis complex
GO:0005884 | nucleolus
GO:0005634 | nucleus","GO:0030686|90S preribosome; GO:0005730|nucleolus; GO:0005634|nucleus; GO:0030688|preribosome, small subunit precursor; GO:0032040|small-subunit processome",['GO:0005747'],"['GO:0005730', 'GO:0030688', 'GO:0032040', 'GO:0030686']"
google/gemma-4-31b,Gemma-4 31B,Q14BN4,SLMAP,human,cellular_component,P3_fewshot,partial_match_high_recall,partial_hallucination|low_precision,0.25,4,2,1,0.25,0.5,"Protein: SLMAP, Organism: Homo sapiens
GO Cellular Component terms:
GO:0005886 | plasma membrane
GO:0005737 | cytoplasm
GO:0005739 | mitochondrial inner membrane
GO:0005886 | sarcolemma
GO:0005779 | membrane-bounded organelle",GO:0005737|cytoplasm; GO:0090443|FAR/SIN/STRIPAK complex,['GO:0005779'],['GO:0090443']
google/gemma-4-31b,Gemma-4 31B,Q60989,XIAP,mouse,cellular_component,P3_fewshot,partial_match_high_recall,low_precision,0.0,5,1,1,0.2,1.0,"Protein: XIAP, Organism: Mus musculus
GO Cellular Component terms:
GO:0005829 | cytosol
GO:0005634 | nucleus
GO:0005737 | cytoplasm
GO:0005739 | mitochondrial nucleoid
GO:0005886 | mitochondrial outer membrane",GO:0005737|cytoplasm,[],[]
google/gemma-4-31b,Gemma-4 31B,Q86TV6,TTC7B,human,biological_process,P3_fewshot,complete_miss,high_hallucination,0.6,5,2,0,0.0,0.0,"GO:0005524 | phosphatidylinositol 4-phosphate metabolic process
GO:0016021 | integral component of membrane
GO:0005515 | protein localization
GO:0043237 | regulation of phosphatidylinositol 4-kinase activity
GO:0005886 | protein-protein interaction",GO:0046854|phosphatidylinositol phosphate biosynthetic process; GO:0072659|protein localization to plasma membrane,"['GO:0016021', 'GO:0043237', 'GO:0005515']","['GO:0046854', 'GO:0072659']"
google/gemma-4-31b,Gemma-4 31B,O89103,C1QR1,mouse,biological_process,P2_constrained,complete_miss,partial_hallucination,0.333,6,0,0,0.0,0.0,"GO:0006959 | inflammatory response
GO:0006909 | phagocytosis
GO:0007155 | cell adhesion
GO:0001525 | angiogenesis
GO:0007623 | cell migration
GO:0043547 | phagocytosis of apoptotic cells",,"['GO:0006909', 'GO:0006959']",[]
google/gemma-4-31b,Gemma-4 31B,Q2VPA4,CR1L,human,molecular_function,P5_selection,complete_miss,partial_hallucination,0.333,3,0,0,0.0,0.0,"GO:0005515 | protein binding
GO:0046872 | metal ion binding
GO:0008270 | zinc ion binding",,['GO:0005515'],[]
google/gemma-4-31b,Gemma-4 31B,Q9PVF8,CTNA1,zebrafish,molecular_function,P2_constrained,complete_hallucination,high_hallucination,1.0,2,2,0,0.0,0.0,"GO:0005515 | protein binding
GO:0004543 | actin binding",GO:0051015|actin filament binding; GO:0045296|cadherin binding,"['GO:0005515', 'GO:0004543']","['GO:0051015', 'GO:0045296']"
google/gemma-4-31b,Gemma-4 31B,Q6NZQ4,PAXI1,mouse,biological_process,P4_cot,empty_response,no_go_ids_extracted,0.0,0,10,0,0.0,0.0,"To determine the appropriate Gene Ontology (GO) Biological Process terms for PAXI1 (PAX-interacting protein 1), we analyze the provided functional data step-by-step.

### Step 1: What is the protein's primary biochemical activity?
PAXI1 acts primarily as a **scaffold or adapter protein**. It does no",GO:0060612|adipose tissue development; GO:0060717|chorion development; GO:0006974|DNA damage response; GO:0043542|endothelial cell migration; GO:0045830|positive regulation of isotype switching; GO:00,[],[]
google/gemma-4-31b,Gemma-4 31B,P54761,EPHB4,mouse,biological_process,P5_selection,complete_miss,,0.0,2,6,0,0.0,0.0,"GO:0006468 | protein phosphorylation
GO:0007165 | signal transduction",GO:0001525|angiogenesis; GO:0048013|ephrin receptor signaling pathway; GO:0003007|heart morphogenesis; GO:1903849|positive regulation of aorta morphogenesis; GO:2000525|positive regulation of T cell c,[],"['GO:0048013', 'GO:0003007', 'GO:0001525', 'GO:2000525', 'GO:0048845']"
google/gemma-4-31b,Gemma-4 31B,P97946,VEGFD,mouse,cellular_component,P4_cot,partial_match_good,partial_hallucination,0.333,3,2,2,0.667,1.0,"**Step 1: What is the protein's primary biochemical activity?**
VEGFD (Vascular endothelial growth factor D) is a secreted signaling protein. Its primary biochemical activity is acting as a ligand that binds to specific tyrosine kinase receptors, most notably VEGFR-3 (Flt4) and VEGFR-2. It functions",GO:0005576|extracellular region; GO:0005615|extracellular space,['GO:0030114'],[]
google/gemma-4-31b,Gemma-4 31B,P39401,OPGB,ecoli,biological_process,P4_cot,complete_hallucination,high_hallucination,1.0,4,0,0,0.0,0.0,"**Step 1: What is the protein's primary biochemical activity?**
OPGB (Phosphoglycerol transferase I) is an enzyme that catalyzes the transfer of a phosphoglycerol residue from phosphatidylglycerol (a phospholipid) to a membrane-bound nascent glucan backbone. Biochemically, it acts as a glycerophosph",,"['GO:0009274', 'GO:0006441', 'GO:0044244', 'GO:0006440']",[]
google/gemma-4-31b,Gemma-4 31B,P43555,EMP47,yeast,biological_process,P2_constrained,complete_miss,high_hallucination,0.645,31,1,0,0.0,0.0,"GO:0006488 | protein targeting to endoplasmic reticulum
GO:0006489 | protein targeting
GO:0005886 | protein secretion
GO:0006333 | protein transport
GO:0006331 | protein localization
GO:0006330 | protein sorting
GO:0006332 | protein trafficking
GO:0006335 | protein transport, intracellular
GO:000633",GO:0006888|endoplasmic reticulum to Golgi vesicle-mediated transport,"['GO:0006350', 'GO:0006348', 'GO:0006342', 'GO:0006335', 'GO:0006345']",['GO:0006888']
mistral:7b,Mistral 7B,P27896,NARQ,ecoli,biological_process,P5_selection,partial_match_poor,partial_hallucination|low_recall|low_precision,0.429,7,3,1,0.143,0.333," GO:0006468 | protein phosphorylation
GO:0007165 | signal transduction
GO:0006355 | regulation of DNA-templated transcription
GO:00045786 | negative regulation of cell cycle
GO:0006412 | translation (indirectly, as it is involved in regulating transcription)
GO:0006351 | DNA-templated transcription ",GO:0071249|cellular response to nitrate; GO:0071250|cellular response to nitrite; GO:0007165|signal transduction,"['GO:0004578', 'GO:0006412', 'GO:0006810']","['GO:0071249', 'GO:0071250']"
mistral:7b,Mistral 7B,P53076,VID30,yeast,cellular_component,P1_zeroshot,complete_miss,partial_hallucination,0.5,4,3,0,0.0,0.0," Based on the provided information, the following Gene Ontology (GO) Cellular Component terms can be assigned to the VID30 protein in Saccharomyces cerevisiae:

1. GO:0005829 | Proteasome complex
   The VID30 protein is part of the proteasome complex, which is responsible for protein degradation.

2",GO:0005737|cytoplasm; GO:0034657|GID complex; GO:0005634|nucleus,"['GO:0005828', 'GO:0005827']","['GO:0005634', 'GO:0005737', 'GO:0034657']"
mistral:7b,Mistral 7B,Q7T3Y0,NARPA,zebrafish,cellular_component,P3_fewshot,complete_miss,high_hallucination,0.667,6,0,0,0.0,0.0," Based on the known function of NARPA in regulating Wnt and Notch signaling, intersegmental vessel patterning during development, and its localization to the nucleus for LEF1 stabilization, I would predict the following Gene Ontology (GO) Cellular Component terms for NARPA in Danio rerio:

1. GO:000",,"['GO:0031974', 'GO:0032501', 'GO:0048869', 'GO:0005857']",[]
mistral:7b,Mistral 7B,O43909,EXTL3,human,biological_process,P3_fewshot,complete_hallucination,high_hallucination,1.0,9,5,0,0.0,0.0," Based on the provided information about EXTL3 (Exostosin-like 3), a glycosyltransferase that regulates the biosynthesis of heparan sulfate (HS) and plays an important role in skeletal development, hematopoiesis, pancreatic islet maturation, and insulin secretion, the following Gene Ontology Biologi",GO:0015012|heparan sulfate proteoglycan biosynthetic process; GO:0106015|negative regulation of inflammatory response to wounding; GO:0045617|negative regulation of keratinocyte differentiation; GO:00,"['GO:0032521', 'GO:0048511', 'GO:0032518', 'GO:0032519', 'GO:0032516']","['GO:0045617', 'GO:0010838', 'GO:0106015', 'GO:0015012', 'GO:0051897']"
mistral:7b,Mistral 7B,P01325,INS1,mouse,molecular_function,P1_zeroshot,complete_miss,high_hallucination,0.571,7,0,0,0.0,0.0," Based on the function of the INS1 protein, the following Gene Ontology (GO) Molecular Function terms can be assigned:

1. GO:0008297 | insulin receptor signaling pathway
2. GO:0003677 | insulin binding
3. GO:0005524 | protein serine/threonine kinase activity
4. GO:0016301 | glucose transport
5. GO:",,"['GO:0042272', 'GO:0004856', 'GO:0006091', 'GO:0008297']",[]
mistral:7b,Mistral 7B,P40167,ZC3HD,yeast,molecular_function,P2_constrained,complete_miss,partial_hallucination,0.5,10,0,0,0.0,0.0," Based on the provided information about ZC3HD (Sporulation-specific with a leucine zipper motif protein 1) from Saccharomyces cerevisiae, I will predict the following experimentally supported Gene Ontology Molecular Function (GO MO) terms:

1. GO:0008170 | N6-adenosine methyltransferase activity
2.",,"['GO:0008170', 'GO:0042545', 'GO:0005109', 'GO:0005508', 'GO:0005515']",[]
mistral:7b,Mistral 7B,Q9D2J4,VSIG1,mouse,molecular_function,P3_fewshot,complete_miss,high_hallucination,0.857,7,0,0,0.0,0.0," For the protein VSIG1 in Mus musculus (Mouse), some possible GO Molecular Function terms could be:

1. GO:0005209 | Immunoglobulin-like domain binding
2. GO:0005515 | Protein binding
3. GO:0004975 | Transmembrane receptor protein serine/threonine kinase activity (since VSIG1 is a type I transmembra",,"['GO:0005209', 'GO:0023405', 'GO:0005508', 'GO:0005515', 'GO:0005189']",[]
mistral:7b,Mistral 7B,P27814,KLRBC,mouse,molecular_function,P2_constrained,complete_miss,high_hallucination,0.778,9,2,0,0.0,0.0," GO:0003712 | binding
GO:0005515 | receptor activity
GO:0004931 | protein homodimerization activity
GO:0008067 | calcium ion binding
GO:0005125 | cytokine activity
GO:0005181 | cytokine receptor binding
GO:0042221 | immunoglobulin-like receptor binding
GO:0030528 | protein-activated receptor activit",GO:0042802|identical protein binding; GO:0038023|signaling receptor activity,"['GO:0008067', 'GO:0005181', 'GO:0004931', 'GO:0005515', 'GO:0042221']","['GO:0038023', 'GO:0042802']"
mistral:7b,Mistral 7B,Q9ET77,JPH3,mouse,cellular_component,P4_cot,complete_miss,high_hallucination,0.571,7,4,0,0.0,0.0," Step 1: The primary biochemical activity of protein JPH3 is to contribute to the formation and maintenance of junctional membrane complexes (JMCs). These complexes link the plasma membrane with the endoplasmic or sarcoplasmic reticulum in excitable cells.

Step 2: Protein JPH3 participates in molec",GO:0005783|endoplasmic reticulum; GO:0005789|endoplasmic reticulum membrane; GO:0030314|junctional membrane complex; GO:0005886|plasma membrane,"['GO:0071955', 'GO:0038993', 'GO:0030090', 'GO:0044426']","['GO:0005886', 'GO:0005783', 'GO:0005789', 'GO:0030314']"
mistral:7b,Mistral 7B,Q92786,PROX1,human,molecular_function,P1_zeroshot,partial_match_poor,partial_hallucination|low_recall|low_precision,0.5,4,8,1,0.25,0.125," Based on the provided information about PROX1, the following Gene Ontology (GO) Molecular Function terms appear to be most relevant:

1. GO:0003700 | DNA binding
2. GO:0003677 | Transcription factor activity, RNA polymerase II-specific
3. GO:0004895 | Transcriptional activator activity, RNA polymer","GO:0003677|DNA binding; GO:0050692|DNA binding domain binding; GO:0001228|DNA-binding transcription activator activity, RNA polymerase II-specific; GO:0001227|DNA-binding transcription repressor activ","['GO:0004895', 'GO:0004891']","['GO:0050693', 'GO:1990837', 'GO:0001227', 'GO:0000976', 'GO:0050692']"
mistral:7b,Mistral 7B,Q8NE86,MCU,human,molecular_function,P3_fewshot,complete_miss,partial_hallucination,0.444,9,3,0,0.0,0.0," Based on the provided information about the MCU protein, the following Gene Ontology (GO) Molecular Function terms can be predicted:

1. GO:0005200 | ion channel activity
2. GO:0003677 | calcium ion binding
3. GO:0005508 | ATP binding
4. GO:0005525 | calcium ion transmembrane transport activity
5. ",GO:0005262|calcium channel activity; GO:0042802|identical protein binding; GO:0015292|uniporter activity,"['GO:0004819', 'GO:0005176', 'GO:0005508', 'GO:0042226']","['GO:0005262', 'GO:0042802', 'GO:0015292']"
mistral:7b,Mistral 7B,P12242,UCP1,mouse,molecular_function,P2_constrained,complete_miss,high_hallucination,0.667,9,3,0,0.0,0.0," GO:0016705 | Mitochondrial proton transporter activity
GO:0022857 | Long-chain fatty acid transporter activity
GO:0043191 | Uncoupling protein activity
GO:0005505 | Proton-transporting ATPase activity
GO:0005506 | ATP synthase activity, proton-transporting F-type
GO:0005507 | ATP synthase activity,",GO:0036041|long-chain fatty acid binding; GO:0017077|oxidative phosphorylation uncoupler activity; GO:0032555|purine ribonucleotide binding,"['GO:0016704', 'GO:0016705', 'GO:0043191', 'GO:0022857', 'GO:0030289']","['GO:0036041', 'GO:0032555', 'GO:0017077']"
mistral:7b,Mistral 7B,Q91392,RARGA,zebrafish,cellular_component,P3_fewshot,complete_miss,partial_hallucination,0.4,5,0,0,0.0,0.0," Based on the known function of RARGA (Retinoic acid receptor gamma-A) as a nuclear receptor, it is likely to be localized in the nucleus where it regulates gene expression. Here are some possible GO Cellular Component terms for RARGA in Zebrafish:

Protein: RARGA, Organism: Danio rerio (Zebrafish)
",,"['GO:0031974', 'GO:0030528']",[]
mistral:7b,Mistral 7B,P38075,PDX3,yeast,molecular_function,P2_constrained,complete_miss,partial_hallucination,0.5,4,2,0,0.0,0.0," Based on the known function of PDX3 (Pyridoxamine 5'-phosphate oxidase) from Saccharomyces cerevisiae, the following experimentally supported Gene Ontology Molecular Function (GO MO) terms can be predicted:

1. GO:0004621 | Phosphate oxidase activity
2. GO:0003824 | Pyridoxal 5'-phosphate biosynthe",GO:0010181|FMN binding; GO:0004733|pyridoxamine phosphate oxidase activity,"['GO:0003720', 'GO:0003719']","['GO:0010181', 'GO:0004733']"
mistral:7b,Mistral 7B,P40167,ZC3HD,yeast,molecular_function,P1_zeroshot,complete_miss,partial_hallucination,0.444,9,0,0,0.0,0.0," Based on the provided information, the following Gene Ontology (GO) Molecular Function terms can be associated with the ZC3HD protein in Saccharomyces cerevisiae:

1. GO:0008170 | DNA binding
2. GO:0046905 | Nucleotide-binding
3. GO:0005515 | Leucine-rich repeat binding
4. GO:0005525 | Zinc ion bin",,"['GO:0046905', 'GO:0008170', 'GO:0005517', 'GO:0005515']",[]
mistral:7b,Mistral 7B,P23292,KC12,yeast,molecular_function,P4_cot,partial_match_high_recall,partial_hallucination|low_precision,0.286,7,2,1,0.143,0.5," Step 1: The primary biochemical activity of protein KC12 (Casein kinase I homolog 2) is protein serine/threonine kinase activity, as it phosphorylates proteins at serine and threonine residues.

Step 2: Protein KC12 participates in several molecular processes, including signal transduction (as it r",GO:0004672|protein kinase activity; GO:0004674|protein serine/threonine kinase activity,"['GO:0008170', 'GO:0008111']",['GO:0004674']
mistral:7b,Mistral 7B,P32891,DLD1,yeast,molecular_function,P5_selection,complete_miss,partial_hallucination,0.286,7,1,0,0.0,0.0," GO:0005515 | protein binding
GO:0003677 | DNA binding
GO:0004722 | protein serine/threonine phosphatase activity
GO:0016301 | kinase activity (for NAD+ as a cofactor)
GO:0004725 | protein tyrosine phosphatase activity (not applicable, DLD1 does not have this function)
GO:0008270 | zinc ion binding
",GO:0004458|D-lactate dehydrogenase (cytochrome) activity,"['GO:0004725', 'GO:0005515']",['GO:0004458']
mistral:7b,Mistral 7B,P0ACH5,MARA,ecoli,molecular_function,P5_selection,partial_match_high_recall,partial_hallucination|low_precision,0.167,6,1,1,0.167,1.0," Based on the information provided about MARA protein, the following GO Molecular Function terms apply to this protein:

GO:0003700 | DNA-binding transcription factor activity
GO:0005515 | protein binding
GO:0003677 | DNA binding
GO:0004722 | protein serine/threonine phosphatase activity (assuming i",GO:0003677|DNA binding,['GO:0005515'],[]
mistral:7b,Mistral 7B,Q7T322,NAA35,zebrafish,biological_process,P1_zeroshot,partial_match_poor,high_hallucination|low_recall|low_precision,0.75,4,5,1,0.25,0.2," Based on the provided information, the following Gene Ontology (GO) Biological Process terms can be associated with NAA35 from Danio rerio (Zebrafish):

1. GO:0042310 | Protein N-terminus acetylation
This term describes the process of adding an acetyl group to the amino terminus of a protein, which",GO:0048514|blood vessel morphogenesis; GO:0043066|negative regulation of apoptotic process; GO:0008284|positive regulation of cell population proliferation; GO:0032006|regulation of TOR signaling; GO:,"['GO:0031329', 'GO:0042310', 'GO:0030528']","['GO:0032006', 'GO:0048514', 'GO:0001756', 'GO:0008284']"
mistral:7b,Mistral 7B,O88708,ORC4,mouse,biological_process,P5_selection,complete_miss,partial_hallucination,0.125,8,3,0,0.0,0.0," Based on the provided information about ORC4, the following GO Biological Process terms apply to this protein:

GO:0007049 | cell cycle
GO:0006355 | regulation of DNA-templated transcription
GO:0008283 | cell population proliferation
GO:0006954 | inflammatory response (indirectly, as part of the ce",GO:0006260|DNA replication; GO:0040038|polar body extrusion after meiotic divisions; GO:0051258|protein polymerization,['GO:0007049'],"['GO:0040038', 'GO:0051258', 'GO:0006260']"
mistral:7b,Mistral 7B,P08246,ELNE,human,molecular_function,P3_fewshot,partial_match_poor,partial_hallucination|low_recall|low_precision,0.5,8,7,1,0.125,0.143," Based on the provided information about the protein ELNE (Neutrophil elastase) and its known functions, here are some predicted Gene Ontology (GO) Molecular Function terms:

1. GO:0004222 | Serine-type endopeptidase activity
2. GO:0008233 | Proteolytic activity acting on peptide bonds C-X-Y where X",GO:0019955|cytokine binding; GO:0004175|endopeptidase activity; GO:0008201|heparin binding; GO:0008233|peptidase activity; GO:0002020|protease binding; GO:0004252|serine-type endopeptidase activity; G,"['GO:0016781', 'GO:0005170', 'GO:0005508', 'GO:0004871']","['GO:0004252', 'GO:0002020', 'GO:0019955', 'GO:0008201', 'GO:0004175']"
mistral:7b,Mistral 7B,P10614,CP51,yeast,biological_process,P1_zeroshot,complete_miss,high_hallucination,0.571,7,1,0,0.0,0.0," Based on the provided information about CP51 (Lanosterol 14-alpha demethylase CYP51), I have identified several Gene Ontology (GO) Biological Process terms that best describe this protein. Here are the GO IDs and term names:

1. GO:0006437 | steroid biosynthetic process
2. GO:0009815 | ergosterol b",GO:0006696|ergosterol biosynthetic process,"['GO:0042592', 'GO:0009815', 'GO:0008152', 'GO:0006412']",['GO:0006696']
mistral:7b,Mistral 7B,Q2TB18,ASTE1,human,cellular_component,P5_selection,complete_miss,,0.0,7,0,0,0.0,0.0," GO:0005634 | nucleus
GO:0005829 | cytosol
GO:0005737 | cytoplasm
GO:0005615 | extracellular space (ASTE1 is not located in these areas, but it interacts with them)
GO:0005874 | microtubule (not directly associated, but the protein might be indirectly related through its role in DNA repair)
GO:00007",,[],[]
mistral:7b,Mistral 7B,P32454,APE2,yeast,biological_process,P2_constrained,complete_hallucination,high_hallucination,1.0,7,1,0,0.0,0.0," Based on the provided information about APE2 (Aminopeptidase 2) from Saccharomyces cerevisiae (Baker's yeast), I will predict the following experimentally supported Gene Ontology Biological Process (GO BP) terms:

1. GO:0043605 | peptide metabolic process
2. GO:0006519 | leucine biosynthetic proces",GO:0043171|peptide catabolic process,"['GO:0006519', 'GO:0006810', 'GO:0006517', 'GO:0006518', 'GO:0009034']",['GO:0043171']
mistral:7b,Mistral 7B,Q6L8Q7,PDE12,human,molecular_function,P5_selection,complete_miss,partial_hallucination,0.222,9,3,0,0.0,0.0," GO:0005524 | ATP binding
GO:0003677 | DNA binding
GO:0016787 | hydrolase activity
GO:0004722 | protein serine/threonine phosphatase activity
GO:0005515 | protein binding
GO:0003779 (not directly, but oligoadenylates can bind to actin) | actin binding
GO:0008270 (indirectly through metal ions involv",GO:0000175|3'-5'-RNA exonuclease activity; GO:0004527|exonuclease activity; GO:0004535|poly(A)-specific ribonuclease activity,"['GO:0003779', 'GO:0005515']","['GO:0000175', 'GO:0004527', 'GO:0004535']"
mistral:7b,Mistral 7B,O60682,MUSC,human,cellular_component,P1_zeroshot,complete_miss,high_hallucination,0.6,5,1,0,0.0,0.0," Based on the function of the MUSC protein, I have identified several relevant Gene Ontology (GO) Cellular Component terms for this protein in humans. Here are some of them:

1. GO:0005622 | nucleus
This term is related to the location where the MUSC protein functions as a transcription repressor, i",GO:0005654|nucleoplasm,"['GO:0005644', 'GO:0005827', 'GO:0005622']",['GO:0005654']
mistral:7b,Mistral 7B,P62918,RL8,mouse,molecular_function,P1_zeroshot,partial_match_high_recall,high_hallucination|low_precision,0.6,10,1,1,0.1,1.0," Based on the provided information about RL8 (RecName: Full=Large ribosomal subunit protein uL2 from Mus musculus), I have identified several Gene Ontology (GO) Molecular Function terms that best describe this protein. Here are some of them:

1. GO:0003735 | Ribosome biogenesis, large subunit riboso",GO:0003735|structural constituent of ribosome,"['GO:0005841', 'GO:0005843', 'GO:0003737', 'GO:0005842', 'GO:0005845']",[]
mistral:7b,Mistral 7B,P32607,RTG1,yeast,cellular_component,P1_zeroshot,partial_match_poor,low_recall|low_precision,0.0,5,3,1,0.2,0.333," Based on the provided information, the following Gene Ontology (GO) Cellular Component terms can be assigned to the RTG1 protein in Saccharomyces cerevisiae:

1. GO:0005737 | Nucleus
RTG1 functions as a transcription factor and binds to DNA in the nucleus, regulating CIT2 gene expression.

2. GO:00",GO:0005737|cytoplasm; GO:0005634|nucleus; GO:0005667|transcription regulator complex,[],"['GO:0005634', 'GO:0005667']"
mistral:7b,Mistral 7B,P18480,SNF5,yeast,cellular_component,P2_constrained,complete_miss,partial_hallucination,0.25,4,3,0,0.0,0.0," GO:0030528 | SWI/SNF chromatin-remodeling complex
GO:0003684 | nucleosome
GO:0005739 | chromatin
GO:0005654 | nucleus",GO:0005829|cytosol; GO:0005634|nucleus; GO:0016514|SWI/SNF complex,['GO:0030528'],"['GO:0005634', 'GO:0016514', 'GO:0005829']"
mistral:7b,Mistral 7B,P77218,EUTD,ecoli,molecular_function,P5_selection,complete_miss,partial_hallucination,0.2,15,2,0,0.0,0.0," GO:0005515 | protein binding
GO:0003677 | DNA binding
GO:0004722 | protein serine/threonine phosphatase activity
GO:0016787 | hydrolase activity
GO:0004725 | protein tyrosine phosphatase activity
GO:0004672 | protein kinase activity
GO:0003700 | DNA-binding transcription factor activity (This term ",GO:0008959|phosphate acetyltransferase activity; GO:0042803|protein homodimerization activity,"['GO:0004725', 'GO:0004734', 'GO:0005515']","['GO:0008959', 'GO:0042803']"
mistral:7b,Mistral 7B,Q14CS0,UBX2B,human,molecular_function,P5_selection,complete_miss,partial_hallucination,0.25,8,0,0,0.0,0.0," GO:0005524 | ATP binding
GO:0005515 | protein binding
GO:0003677 | DNA binding
GO:0004672 | protein kinase activity
GO:0016301 | kinase activity
GO:0004722 | protein serine/threonine phosphatase activity
GO:0008270 | zinc ion binding
GO:0004725 | protein tyrosine phosphatase activity (VCPIP1 is req",,"['GO:0004725', 'GO:0005515']",[]
mistral:7b,Mistral 7B,Q8IU81,I2BP1,human,cellular_component,P4_cot,partial_match_high_recall,partial_hallucination|low_precision,0.4,5,2,1,0.2,0.5," Step 1: The primary biochemical activity of I2BP1 is acting as a transcriptional corepressor and potentially an E3 ubiquitin-protein ligase.

Step 2: It participates in molecular processes such as transcription regulation, ubiquitination, and protein ubiquitination.

Step 3: Based on these activiti",GO:0005654|nucleoplasm; GO:0005634|nucleus,"['GO:0006327', 'GO:0030528']",['GO:0005654']
mistral:7b,Mistral 7B,Q9JMF7,DOPP1,mouse,cellular_component,P2_constrained,complete_miss,partial_hallucination,0.333,6,1,0,0.0,0.0," GO:0005737 | cytoplasm
GO:0005829 | endoplasmic reticulum
GO:0005840 | endoplasmic reticulum lumen
GO:0005861 | dolichol-linked oligosaccharide biosynthetic site
GO:0030297 | protein complex involved in N-glycosylation
GO:0030298 | protein complex involved in dolichyl pyrophosphate metabolism",GO:0005789|endoplasmic reticulum membrane,"['GO:0030297', 'GO:0005861']",['GO:0005789']
mistral:7b,Mistral 7B,Q01519,COX12,yeast,biological_process,P5_selection,complete_miss,partial_hallucination,0.25,4,3,0,0.0,0.0," Based on the provided information about COX12 from Saccharomyces cerevisiae, the following GO Biological Process terms that apply to this protein are:

GO:0006355 | regulation of DNA-templated transcription
GO:0008283 | cell population proliferation (indirectly, as part of the mitochondrial electro","GO:0045333|cellular respiration; GO:0006123|mitochondrial electron transport, cytochrome c to oxygen; GO:0033617|mitochondrial respiratory chain complex IV assembly",['GO:0006810'],"['GO:0006123', 'GO:0033617', 'GO:0045333']"
mistral:7b,Mistral 7B,P16678,PHNK,ecoli,cellular_component,P5_selection,complete_miss,,0.0,10,2,0,0.0,0.0," GO:0005829 | cytosol
GO:0005737 | cytoplasm
GO:0005634 | nucleus
GO:0005886 | plasma membrane
GO:0005739 | mitochondrion (This protein is not known to be associated with mitochondria)
GO:0005783 | endoplasmic reticulum (This protein is not known to be associated with endoplasmic reticulum)
GO:00056",GO:0061694|alpha-D-ribose 1-methylphosphonate 5-triphosphate synthase complex; GO:1904176|carbon phosphorus lyase complex,[],"['GO:1904176', 'GO:0061694']"
mistral:7b,Mistral 7B,P53011,SEH1,yeast,biological_process,P3_fewshot,complete_miss,partial_hallucination,0.429,7,2,0,0.0,0.0," Based on the known function of SEH1 in Saccharomyces cerevisiae, the following Gene Ontology (GO) Biological Process terms can be predicted:

Protein: SEH1, Organism: Saccharomyces cerevisiae
GO Biological Process terms:

1. GO:0006623 | nuclear pore complex organization
2. GO:0045879 | nuclear tra",GO:1904263|positive regulation of TORC1 signaling; GO:1903432|regulation of TORC1 signaling,"['GO:0006412', 'GO:0045918', 'GO:0007049']","['GO:1904263', 'GO:1903432']"
mistral:7b,Mistral 7B,P29466,CASP1,human,cellular_component,P5_selection,partial_match_poor,low_recall|low_precision,0.0,6,8,2,0.333,0.25," GO:0005829 | cytosol
GO:0005737 | cytoplasm
GO:0005615 | extracellular space
GO:0016020 | membrane (since it initiates pyroptosis, a process involving plasma membrane)
GO:0005874 | microtubule (not directly associated, but involved in cellular processes where CASP1 is active)
GO:0015629 | actin cyt",GO:0097169|AIM2 inflammasome complex; GO:0061702|canonical inflammasome complex; GO:0005737|cytoplasm; GO:0005829|cytosol; GO:0072558|NLRP1 inflammasome complex; GO:0072559|NLRP3 inflammasome complex;,[],"['GO:0061702', 'GO:0032991', 'GO:0097179', 'GO:0072558', 'GO:0097169']"
mistral:7b,Mistral 7B,Q16572,VACHT,human,molecular_function,P4_cot,complete_miss,high_hallucination,0.8,10,2,0,0.0,0.0," Step 1: The primary biochemical activity of protein VACHT is an electrogenic antiporter function, which exchanges one cholinergic neurotransmitter (acetylcholine or choline) with two intravesicular protons across the membrane of synaptic vesicles.

Step 2: It participates in the molecular process o",GO:0005278|acetylcholine:proton antiporter activity; GO:0015311|monoamine:proton antiporter activity,"['GO:0005203', 'GO:0005217', 'GO:0006818', 'GO:0005204', 'GO:0006815']","['GO:0015311', 'GO:0005278']"
mistral:7b,Mistral 7B,Q6QA32,DHB3,zebrafish,cellular_component,P3_fewshot,complete_miss,high_hallucination,0.857,7,1,0,0.0,0.0," Based on the known function and organism of DHB3 (RecName: Full=17-beta-hydroxysteroid dehydrogenase type 3; Organism: Danio rerio), it is likely that this protein will be localized in cellular components related to steroid metabolism, such as:

Example 4:
Protein: DHB3, Organism: Danio rerio (Zebr",GO:0005783|endoplasmic reticulum,"['GO:0032996', 'GO:0032997', 'GO:0044425', 'GO:0048017', 'GO:0032995']",['GO:0005783']
mistral:7b,Mistral 7B,Q9CTG6,AT132,mouse,biological_process,P3_fewshot,complete_miss,high_hallucination,0.769,13,9,0,0.0,0.0," Based on the provided information about AT132 (Polyamine-transporting ATPase 13A2) in Mus musculus, the following Gene Ontology (GO) Biological Process terms can be predicted:

1. GO:0051179 | polyamine transport
2. GO:0042202 | lysosome organization
3. GO:0048696 | mitochondrion organization
4. GO",GO:0061909|autophagosome-lysosome fusion; GO:0006914|autophagy; GO:0034599|cellular response to oxidative stress; GO:0006882|intracellular zinc ion homeostasis; GO:1903543|positive regulation of exoso,"['GO:0019216', 'GO:0071589', 'GO:0048696', 'GO:0033155', 'GO:0071355']","['GO:0061462', 'GO:0006882', 'GO:1905165', 'GO:0061909', 'GO:0034599']"
mistral:7b,Mistral 7B,P0AEZ1,METF,ecoli,cellular_component,P1_zeroshot,complete_miss,partial_hallucination,0.5,4,1,0,0.0,0.0," Based on the function of METF (5,10-methylenetetrahydrofolate reductase) in Escherichia coli, the following Gene Ontology (GO) Cellular Component terms can be assigned to this protein:

1. GO:0005737 | cytoplasm
This term is assigned because METF catalyzes reactions within the cytoplasm of E. coli ",GO:0032991|protein-containing complex,"['GO:0005826', 'GO:0005738']",['GO:0032991']
mistral:7b,Mistral 7B,Q0P5X1,LRIQ1,mouse,biological_process,P5_selection,complete_miss,,0.0,8,3,0,0.0,0.0," Based on the information available about LRIQ1 (Leucine-rich repeat- and IQ domain-containing protein 1) in Mus musculus (Mouse), the following GO Biological Process terms appear to be relevant:

1. GO:0006355 | regulation of DNA-templated transcription
2. GO:0008283 | cell population proliferation",GO:0006915|apoptotic process; GO:0010467|gene expression; GO:0007338|single fertilization,[],"['GO:0006915', 'GO:0010467', 'GO:0007338']"
mistral:7b,Mistral 7B,P0AES6,GYRB,ecoli,molecular_function,P5_selection,partial_match_poor,partial_hallucination|low_recall|low_precision,0.125,8,5,2,0.25,0.4," GO:0005515 | protein binding
GO:0003677 | DNA binding
GO:0004722 | metal ion binding
GO:0004672 | protein kinase activity
GO:0016301 | kinase activity
GO:0005524 | ATP binding
GO:0008270 | zinc ion binding
GO:0016787 | hydrolase activity (since gyrase has ATPase activity)","GO:0005524|ATP binding; GO:0008094|ATP-dependent activity, acting on DNA; GO:0003677|DNA binding; GO:0034335|DNA negative supercoiling activity; GO:0003918|DNA topoisomerase type II (double strand cut",['GO:0005515'],"['GO:0003918', 'GO:0008094', 'GO:0034335']"
mistral:7b,Mistral 7B,O88822,SC5D,mouse,cellular_component,P3_fewshot,complete_miss,high_hallucination,0.75,8,1,0,0.0,0.0," Based on the known function and location of SC5D (Lathosterol oxidase) in mammalian cells, I would predict the following Gene Ontology (GO) Cellular Component terms for this protein in Mus musculus (Mouse):

1. GO:0005739 | endoplasmic reticulum
2. GO:0005829 | cytosol
3. GO:0005924 | microsome
4. ",GO:0005789|endoplasmic reticulum membrane,"['GO:0005924', 'GO:0032996', 'GO:0032997', 'GO:0044425', 'GO:0016021']",['GO:0005789']
mistral:7b,Mistral 7B,F1Q7Z7,DAAF3,zebrafish,molecular_function,P4_cot,complete_miss,high_hallucination,0.6,5,0,0,0.0,0.0," Step 1: The primary biochemical activity of protein DAAF3 is related to its role in the assembly and preassembly of dyneins, specifically axonemal inner and outer dynein arms. This suggests that it has a structural function and may be involved in protein-protein interactions.

Step 2: Molecular pro",,"['GO:0005505', 'GO:0003779', 'GO:0005515']",[]
mistral:7b,Mistral 7B,A1L271,GNB5A,zebrafish,biological_process,P3_fewshot,complete_miss,partial_hallucination,0.286,7,3,0,0.0,0.0," Based on the known function of GNB5A as a GTPase-activating protein (GAP) that regulates G protein signaling, particularly in relation to GPCRs and dopamine receptors, I would predict the following Gene Ontology Biological Process terms for GNB5A in Zebrafish:

1. GO:0007165 | G protein-coupled rec",GO:0060047|heart contraction; GO:0007634|optokinetic behavior; GO:0036269|swimming behavior,"['GO:0030528', 'GO:0042983']","['GO:0007634', 'GO:0036269', 'GO:0060047']"
mistral:7b,Mistral 7B,Q9BSQ5,CCM2,human,cellular_component,P5_selection,partial_match_high_recall,low_precision,0.0,5,2,1,0.2,0.5," GO:0005829 | cytosol
GO:0005737 | cytoplasm
GO:0005615 | extracellular space
GO:0016020 | membrane (as it is a component of the plasma membrane, even though not directly located there)
GO:0005874 | endoplasmic reticulum (since it functions as a scaffold protein for MAP2K3-MAP3K3 signaling, which oc",GO:0005737|cytoplasm; GO:0005739|mitochondrion,[],['GO:0005739']
mistral:7b,Mistral 7B,P0DUW5,CIF,ecoli,biological_process,P2_constrained,complete_miss,high_hallucination,0.75,8,1,0,0.0,0.0," GO:0042310 | cell cycle arrest
GO:0051726 | regulation of actin cytoskeleton organization
GO:0032592 | negative regulation of programmed cell death
GO:0038155 | ubiquitin-protein ligase complex ubiquitination
GO:0042127 | positive regulation of cyclin-dependent protein kinase activity
GO:0031329 | ",GO:0044071|symbiont-mediated perturbation of host cell cycle progression,"['GO:0032592', 'GO:0031329', 'GO:0038155', 'GO:0031328', 'GO:0042310']",['GO:0044071']
mistral:7b,Mistral 7B,Q9H0R5,GBP3,human,cellular_component,P3_fewshot,partial_match_high_recall,partial_hallucination|low_precision,0.375,8,2,1,0.125,0.5," Based on the provided function and localization information of GBP3, I would predict the following Gene Ontology (GO) Cellular Component terms for this protein in Homo sapiens:

1. GO:0005739 | cytoplasm
2. GO:0005829 | cytosol
3. GO:0044426 | phagosome (since GBP3 is recruited to pathogen-containi",GO:0005737|cytoplasm; GO:0005829|cytosol,"['GO:0044426', 'GO:0032996', 'GO:0005622']",['GO:0005737']
mistral:7b,Mistral 7B,Q8JZL3,THTPA,mouse,molecular_function,P2_constrained,complete_miss,high_hallucination,0.8,10,2,0,0.0,0.0," Based on the provided information about THTPA (Thiamine-triphosphatase from Mus musculus), I will predict the following experimentally supported Gene Ontology Molecular Function (GO MO) terms:

1. GO:0004257 | Thiamine triphosphate hydrolase activity
2. GO:0008396 | Phosphohydrolase activity, actin",GO:0000287|magnesium ion binding; GO:0050333|thiamine triphosphate phosphatase activity,"['GO:0031327', 'GO:0008396', 'GO:0031326', 'GO:0030542', 'GO:0016805']","['GO:0000287', 'GO:0050333']"
qwen2.5:72b,Qwen2.5 72B,P52106,CSGD,ecoli,molecular_function,P1_zeroshot,complete_miss,partial_hallucination,0.2,5,5,0,0.0,0.0,"Certainly! Based on the provided information about the CsgD protein from Escherichia coli, the following Gene Ontology (GO) Molecular Function terms are likely to be the most relevant:

1. **GO:0003700 | transcription factor activity, sequence-specific DNA binding**
   - This term describes the abil",GO:0000987|cis-regulatory region sequence-specific DNA binding; GO:0001216|DNA-binding transcription activator activity; GO:0001217|DNA-binding transcription repressor activity; GO:0042802|identical p,['GO:0001071'],"['GO:0042802', 'GO:0001217', 'GO:0000987', 'GO:0001216', 'GO:0000976']"
qwen2.5:72b,Qwen2.5 72B,Q6P926,SPA24,mouse,cellular_component,P4_cot,partial_match_high_recall,low_precision,0.0,4,2,1,0.25,0.5,"### Step-by-Step Analysis for Cellular Component GO Terms of SPA24

#### Step 1: Primary Biochemical Activity
- **DNA Binding**: SPA24 binds DNA with high affinity but does not bind to TATA boxes. This suggests it has a role in DNA binding, but not specifically to TATA boxes.
- **Transcriptional Reg",GO:0005737|cytoplasm; GO:0005634|nucleus,[],['GO:0005737']
qwen2.5:72b,Qwen2.5 72B,Q6NZ07,NCLN,zebrafish,molecular_function,P4_cot,complete_miss,partial_hallucination,0.333,6,0,0,0.0,0.0,"### Step-by-Step Analysis for NCLN (Danio rerio)

#### Step 1: Primary Biochemical Activity
The primary biochemical activity of NCLN is its role in the insertion of multi-pass membrane proteins into the lipid bilayer. This involves interacting with the SEC61 complex to facilitate the insertion of su",,"['GO:0008565', 'GO:0005515']",[]
qwen2.5:72b,Qwen2.5 72B,Q7ZWG9,SGMR1,zebrafish,molecular_function,P5_selection,empty_response,no_go_ids_extracted,0.0,0,0,0,0.0,0.0,"NONE

The provided information about the protein SGMR1 (Sigma non-opioid intracellular receptor 1) from Danio rerio (Zebrafish) does not suggest that it has any of the molecular functions listed in the candidate GO terms. The known functions of SGMR1 are related to lipid transport, regulation of lip",,[],[]
qwen2.5:72b,Qwen2.5 72B,P0DOY1,DNM3C,mouse,cellular_component,P3_fewshot,partial_match_high_recall,low_precision,0.0,5,1,1,0.2,1.0,"Based on the known function of DNM3C as a DNA (cytosine-5)-methyltransferase that specifically methylates the promoters of evolutionarily young retrotransposons in the male germline, and considering the typical cellular locations of DNA methyltransferases, the following Gene Ontology (GO) Cellular C",GO:0005634|nucleus,[],[]
qwen2.5:72b,Qwen2.5 72B,Q8K352,SASH3,mouse,molecular_function,P4_cot,complete_miss,partial_hallucination,0.4,5,0,0,0.0,0.0,"Certainly! Let's break down the process of determining the Molecular Function GO terms for the protein SASH3 (SAM and SH3 domain-containing protein 3) in *Mus musculus* (Mouse).

### Step 1: What is the protein's primary biochemical activity?
SASH3 is described as a signaling adapter protein. Adapte",,"['GO:0005047', 'GO:0005515']",[]
qwen2.5:72b,Qwen2.5 72B,Q12184,ADRX,yeast,molecular_function,P3_fewshot,partial_match_high_recall,partial_hallucination|low_precision,0.25,8,2,1,0.125,0.5,"For the protein ADRX (Adrenodoxin homolog, mitochondrial) in Saccharomyces cerevisiae, based on its known functions and interactions, the following Gene Ontology (GO) Molecular Function terms can be predicted:

- **GO:0008134 | iron-sulfur cluster binding**
- **GO:0009055 | electron carrier activity","GO:0051536|iron-sulfur cluster binding; GO:0016653|oxidoreductase activity, acting on NAD(P)H, heme protein as acceptor","['GO:0008134', 'GO:0005515']",['GO:0016653']
qwen2.5:72b,Qwen2.5 72B,P0ADP0,YIGB,ecoli,molecular_function,P2_constrained,complete_hallucination,high_hallucination,1.0,4,3,0,0.0,0.0,"GO:0004553 | phosphatase activity
GO:0016788 | hydrolase activity, acting on phosphoric ester bonds
GO:0019105 | 5-amino-6-(5-phospho-D-ribitylamino)uracil phosphatase activity
GO:0016989 | flavin mononucleotide phosphatase activity",GO:0043726|5-amino-6-(5-phosphoribitylamino)uracil phosphatase activity; GO:0000287|magnesium ion binding; GO:0016791|phosphatase activity,"['GO:0019105', 'GO:0016788', 'GO:0016989', 'GO:0004553']","['GO:0000287', 'GO:0016791', 'GO:0043726']"
qwen2.5:72b,Qwen2.5 72B,Q7SZK7,OFD1,zebrafish,cellular_component,P3_fewshot,partial_match_high_recall,partial_hallucination|low_precision,0.4,5,3,2,0.4,0.667,"For the protein OFD1 in Danio rerio (Zebrafish), based on its known functions and localization, the following Gene Ontology (GO) Cellular Component terms can be predicted:

- GO:0005773 | cilium
- GO:0005813 | centriole
- GO:0034097 | centriolar satellite
- GO:0031968 | microtubule cytoskeleton
- GO",GO:0005813|centrosome; GO:0036064|ciliary basal body; GO:0005634|nucleus,"['GO:0005773', 'GO:0031968']",['GO:0036064']
qwen2.5:72b,Qwen2.5 72B,A2APA5,FA209,mouse,biological_process,P1_zeroshot,complete_miss,partial_hallucination,0.2,5,2,0,0.0,0.0,"Certainly! Based on the known function of Protein FAM209 in sperm acrosome biogenesis, the following Gene Ontology (GO) Biological Process terms are likely to be relevant:

1. GO:0007294 | spermatid development
2. GO:0030325 | acrosome biogenesis
3. GO:0048666 | spermatogenesis
4. GO:0048671 | male ",GO:0001675|acrosome assembly; GO:0007286|spermatid development,['GO:0007294'],"['GO:0001675', 'GO:0007286']"
qwen2.5:72b,Qwen2.5 72B,Q504J1,CASPB,zebrafish,cellular_component,P5_selection,complete_miss,,0.0,4,2,0,0.0,0.0,"GO:0005829 | cytosol
GO:0005737 | cytoplasm
GO:0005615 | extracellular space
GO:0070062 | extracellular exosome

Caspases, including CASPB, are typically found in the cytosol and cytoplasm where they can participate in the formation of the inflammasome and the processing of pro-inflammatory cytokine",GO:0061702|canonical inflammasome complex; GO:0072558|NLRP1 inflammasome complex,[],"['GO:0072558', 'GO:0061702']"
qwen2.5:72b,Qwen2.5 72B,Q8N257,H2B3B,human,cellular_component,P1_zeroshot,partial_match_poor,partial_hallucination|low_recall|low_precision,0.4,5,3,1,0.2,0.333,"Certainly! Here are the Gene Ontology (GO) Cellular Component terms that best describe the protein H2B3B (Histone H2B type 3-B):

1. **GO:0000786 | nucleosome**
2. **GO:0005634 | nucleus**
3. **GO:0000790 | chromatin**
4. **GO:0000785 | nucleosome core particle**
5. **GO:0030529 | chromatin complex*",GO:0005829|cytosol; GO:0005654|nucleoplasm; GO:0005634|nucleus,"['GO:0000790', 'GO:0030529']","['GO:0005654', 'GO:0005829']"
qwen2.5:72b,Qwen2.5 72B,P00425,COX5B,yeast,cellular_component,P3_fewshot,partial_match_high_recall,partial_hallucination|low_precision,0.4,5,2,1,0.2,0.5,"For the protein COX5B in Saccharomyces cerevisiae, based on its known function and localization, the following Gene Ontology (GO) Cellular Component terms can be predicted:

- **GO:0005739 | mitochondrion**
- **GO:0005743 | mitochondrial inner membrane**
- **GO:0005751 | mitochondrial respiratory ch",GO:0005739|mitochondrion; GO:0045277|respiratory chain complex IV,"['GO:0005751', 'GO:0005752']",['GO:0045277']
qwen2.5:72b,Qwen2.5 72B,Q8BKF1,RPOM,mouse,molecular_function,P3_fewshot,complete_miss,partial_hallucination,0.375,8,1,0,0.0,0.0,"Certainly! Based on the known function and the provided details for the protein RPOM (DNA-directed RNA polymerase, mitochondrial) in Mus musculus, here are the predicted Gene Ontology (GO) Molecular Function terms:

1. **GO:0003899 | DNA-directed RNA polymerase activity**
   - This term reflects the",GO:0043565|sequence-specific DNA binding,"['GO:0008134', 'GO:0003964', 'GO:0005515']",['GO:0043565']
qwen2.5:72b,Qwen2.5 72B,Q15746,MYLK,human,cellular_component,P4_cot,empty_response,no_go_ids_extracted,0.0,0,6,0,0.0,0.0,"### Step-by-Step Analysis for MYLK (Myosin Light Chain Kinase)

#### Step 1: Primary Biochemical Activity
MYLK is a kinase that phosphorylates myosin light chains (MLC). This activity is calcium/calmodulin-dependent. Additionally, it has non-kinase activities that regulate actin-myosin interactions.",GO:0015629|actin cytoskeleton; GO:0032154|cleavage furrow; GO:0005737|cytoplasm; GO:0030027|lamellipodium; GO:0005886|plasma membrane; GO:0001725|stress fiber,[],[]
qwen2.5:72b,Qwen2.5 72B,Q9CXU1,MED31,mouse,molecular_function,P2_constrained,complete_miss,,0.0,1,0,0,0.0,0.0,GO:0003712 | transcription cofactor activity,,[],[]
qwen2.5:72b,Qwen2.5 72B,O00481,BT3A1,human,molecular_function,P4_cot,complete_miss,high_hallucination,0.8,5,0,0,0.0,0.0,"### Step-by-Step Analysis of BT3A1 (Butyrophilin subfamily 3 member A1)

#### Step 1: Primary Biochemical Activity
The primary biochemical activity of BT3A1 involves its role in T-cell activation and regulation. Specifically, it influences the proliferation of activated T-cells and the release of cy",,"['GO:0005128', 'GO:0005127', 'GO:0005129', 'GO:0005126']",[]
qwen2.5:72b,Qwen2.5 72B,Q96CJ1,EAF2,human,biological_process,P2_constrained,complete_miss,high_hallucination,0.55,20,2,0,0.0,0.0,"GO:0006355 | regulation of transcription, DNA-templated  
GO:0006915 | apoptosis  
GO:0045449 | regulation of transcription from RNA polymerase II promoter  
GO:0008285 | negative regulation of cell proliferation  
GO:0010941 | regulation of cell death  
GO:0030335 | positive regulation of apoptosis",GO:0045944|positive regulation of transcription by RNA polymerase II; GO:0034243|regulation of transcription elongation by RNA polymerase II,"['GO:0051090', 'GO:0010941', 'GO:0051091', 'GO:0045728', 'GO:0097194']","['GO:0045944', 'GO:0034243']"
qwen2.5:72b,Qwen2.5 72B,P40475,QDR1,yeast,biological_process,P4_cot,complete_miss,partial_hallucination,0.429,7,2,0,0.0,0.0,"Certainly! Let's break down the process step by step for the protein QDR1 in Saccharomyces cerevisiae.

### Step 1: What is the protein's primary biochemical activity?
QDR1 is a multidrug resistance transporter. Its primary biochemical activity involves the transport of drugs, specifically quinidine",GO:0030476|ascospore wall assembly; GO:0055085|transmembrane transport,"['GO:0015911', 'GO:0006810', 'GO:0042493']","['GO:0030476', 'GO:0055085']"
qwen2.5:72b,Qwen2.5 72B,P0A9K9,SLYD,ecoli,molecular_function,P4_cot,partial_match_poor,partial_hallucination|low_recall|low_precision,0.286,7,6,2,0.286,0.333,"### Step-by-Step Analysis for Molecular Function GO Terms of SlyD

#### Step 1: Primary Biochemical Activity
The primary biochemical activities of SlyD are:
1. **Peptidyl-prolyl cis-trans isomerase (PPIase) activity**: Catalyzes the cis-trans isomerization of Xaa-Pro bonds in peptides.
2. **Chaperon",GO:0050897|cobalt ion binding; GO:0005507|copper ion binding; GO:0016151|nickel cation binding; GO:0003755|peptidyl-prolyl cis-trans isomerase activity; GO:0051082|unfolded protein binding; GO:0008270,"['GO:0004135', 'GO:0016988']","['GO:0005507', 'GO:0016151', 'GO:0050897', 'GO:0051082']"
qwen2.5:72b,Qwen2.5 72B,Q14BN4,SLMAP,human,cellular_component,P4_cot,complete_miss,partial_hallucination,0.2,5,2,0,0.0,0.0,"### Step-by-Step Analysis for SLMAP (Sarcolemmal Membrane-Associated Protein)

#### Step 1: Primary Biochemical Activity
SLMAP is primarily involved in forming and stabilizing the extended STRIPAK complex. This complex has a key biochemical activity of dephosphorylating STK3, which leads to the inhi",GO:0005737|cytoplasm; GO:0090443|FAR/SIN/STRIPAK complex,['GO:0031226'],"['GO:0005737', 'GO:0090443']"
qwen2.5:72b,Qwen2.5 72B,P53720,DUS2,yeast,cellular_component,P2_constrained,partial_match_good,,0.0,1,2,1,1.0,0.5,GO:0005737 | cytoplasm,GO:0005737|cytoplasm; GO:0005634|nucleus,[],['GO:0005634']
qwen2.5:72b,Qwen2.5 72B,P53251,SLX9,yeast,cellular_component,P5_selection,partial_match_high_precision,low_recall,0.0,2,5,1,0.5,0.2,"GO:0005654 | nucleoplasm
GO:0005634 | nucleus

These terms are selected based on the known function of SLX9, which is involved in ribosome biogenesis and pre-rRNA processing. These processes primarily occur in the nucleus, specifically within the nucleoplasm.","GO:0030686|90S preribosome; GO:0005730|nucleolus; GO:0005634|nucleus; GO:0030688|preribosome, small subunit precursor; GO:0032040|small-subunit processome",[],"['GO:0005730', 'GO:0030688', 'GO:0032040', 'GO:0030686']"
qwen2.5:72b,Qwen2.5 72B,F1QB30,AMFR,zebrafish,molecular_function,P2_constrained,complete_miss,,0.0,1,1,0,0.0,0.0,GO:0004842 | ubiquitin-protein ligase activity,GO:0061630|ubiquitin protein ligase activity,[],['GO:0061630']
qwen2.5:72b,Qwen2.5 72B,O43396,TXNL1,human,molecular_function,P1_zeroshot,complete_miss,high_hallucination,0.8,5,1,0,0.0,0.0,"Certainly! Here are the Gene Ontology (GO) Molecular Function terms that best describe the protein TXNL1 (Thioredoxin-like protein 1):

1. **GO:0004857 | oxidoreductase activity, acting on the CH-NH2 group of donors, NAD+ or NADP+ as acceptor**
2. **GO:0008134 | thioredoxin activity**
3. **GO:001620",GO:0015036|disulfide oxidoreductase activity,"['GO:0008134', 'GO:0016651', 'GO:0004857', 'GO:0016209']",['GO:0015036']
qwen2.5:72b,Qwen2.5 72B,P0AB87,FUCA,ecoli,cellular_component,P5_selection,complete_miss,,0.0,2,0,0,0.0,0.0,"GO:0005829 | cytosol
GO:0005737 | cytoplasm

The protein FUCA, or L-fuculose phosphate aldolase, is involved in metabolic pathways and is typically found in the cytoplasm of the cell where it can catalyze the reactions necessary for the degradation of L-fucose and D-arabinose. The cytosol is the par",,[],[]
qwen2.5:72b,Qwen2.5 72B,P23833,SCO1,yeast,biological_process,P3_fewshot,complete_hallucination,high_hallucination,1.0,8,3,0,0.0,0.0,"For the protein SCO1 in Saccharomyces cerevisiae, based on its known function as a copper metallochaperone essential for the maturation of cytochrome c oxidase subunit II (COX2) and its involvement in transporting copper to the Cu(A) site on COX2, the following Gene Ontology (GO) Biological Process ",GO:0045454|cell redox homeostasis; GO:0034599|cellular response to oxidative stress; GO:0033617|mitochondrial respiratory chain complex IV assembly,"['GO:0006125', 'GO:0006119', 'GO:0006139', 'GO:0006122', 'GO:0006127']","['GO:0034599', 'GO:0033617', 'GO:0045454']"
qwen2.5:72b,Qwen2.5 72B,Q99592,ZBT18,human,molecular_function,P4_cot,complete_miss,partial_hallucination,0.25,4,3,0,0.0,0.0,"### Step-by-Step Analysis for ZBT18 (Zinc finger and BTB domain-containing protein 18)

#### Step 1: Primary Biochemical Activity
The primary biochemical activity of ZBT18 is its ability to act as a transcriptional repressor. It binds to specific DNA sequences and recruits chromatin remodeling compl","GO:0001227|DNA-binding transcription repressor activity, RNA polymerase II-specific; GO:0043565|sequence-specific DNA binding; GO:1990837|sequence-specific double-stranded DNA binding",['GO:0032553'],"['GO:0043565', 'GO:1990837', 'GO:0001227']"
qwen2.5:72b,Qwen2.5 72B,P52095,LDCC,ecoli,biological_process,P3_fewshot,complete_miss,high_hallucination,0.667,6,1,0,0.0,0.0,"For the protein LDCC (Constitutive lysine decarboxylase) in Escherichia coli (strain K12), based on its known function as a lysine decarboxylase, the following Gene Ontology (GO) Biological Process terms can be predicted:

- **GO:0006091** | lysine catabolic process
- **GO:0006092** | lysine metabol",GO:0006554|lysine catabolic process,"['GO:0006091', 'GO:0009097', 'GO:0009118', 'GO:0006092']",['GO:0006554']
qwen2.5:72b,Qwen2.5 72B,P0DOY1,DNM3C,mouse,molecular_function,P5_selection,complete_miss,,0.0,3,2,0,0.0,0.0,"GO:0003677 | DNA binding
GO:0008270 | zinc ion binding
GO:0016740 | transferase activity","GO:0003886|DNA (cytosine-5-)-methyltransferase activity; GO:0051718|DNA (cytosine-5-)-methyltransferase activity, acting on CpG substrates",[],"['GO:0003886', 'GO:0051718']"
qwen2.5:72b,Qwen2.5 72B,P77467,PAAG,ecoli,molecular_function,P5_selection,empty_response,no_go_ids_extracted,0.0,0,2,0,0.0,0.0,"NONE

The protein PAAG, also known as 1,2-epoxyphenylacetyl-CoA isomerase, catalyzes the reversible conversion of an epoxide to 2-oxepin-2(3H)-ylideneacetyl-CoA (oxepin-CoA). Based on the provided information and the candidate GO Molecular Function terms, none of the listed terms directly describe t",GO:0042802|identical protein binding; GO:0016853|isomerase activity,[],[]
qwen2.5:72b,Qwen2.5 72B,P0AGD3,SODF,ecoli,molecular_function,P1_zeroshot,partial_match_poor,partial_hallucination|low_recall|low_precision,0.333,3,3,1,0.333,0.333,"Certainly! Here are the Gene Ontology (GO) Molecular Function terms that best describe the protein SODF (Superoxide dismutase [Fe]) from Escherichia coli (strain K12):

1. **GO:0004784 | superoxide dismutase activity**
2. **GO:0008199 | ferric iron binding**
3. **GO:0006979 | response to oxidative s",GO:0005506|iron ion binding; GO:0016491|oxidoreductase activity; GO:0004784|superoxide dismutase activity,['GO:0008199'],"['GO:0005506', 'GO:0016491']"
qwen2.5:72b,Qwen2.5 72B,Q9D8C3,ALG13,mouse,molecular_function,P4_cot,complete_miss,high_hallucination,0.75,4,0,0,0.0,0.0,"### Step-by-Step Analysis of ALG13 Molecular Function GO Terms

#### Step 1: Primary Biochemical Activity
The primary biochemical activity of ALG13 is the transfer of a beta1,4-linked N-acetylglucosamine (GlcNAc) from UDP-GlcNAc to GlcNAc-pyrophosphatedolichol (Gn-PDol) to produce N,N'-diacetylchito",,"['GO:0008154', 'GO:0008406', 'GO:0008152']",[]
qwen2.5:72b,Qwen2.5 72B,F1QG30,NSMA5,zebrafish,biological_process,P4_cot,complete_hallucination,high_hallucination,1.0,6,1,0,0.0,0.0,"Certainly! Let's break down the process step by step for the protein NSMA5 (Sphingomyelin phosphodiesterase 5) in Danio rerio (Zebrafish).

### Step 1: What is the protein's primary biochemical activity?
The primary biochemical activity of NSMA5 is the catalysis of the hydrolysis of sphingomyelin to",GO:0006687|glycosphingolipid metabolic process,"['GO:0006810', 'GO:0006650', 'GO:0006665', 'GO:0006649', 'GO:0006651']",['GO:0006687']
qwen2.5:72b,Qwen2.5 72B,P39742,SEC72,yeast,biological_process,P5_selection,empty_response,no_go_ids_extracted,0.0,0,1,0,0.0,0.0,"NONE

The provided information about SEC72 in Saccharomyces cerevisiae indicates that it is involved in the process of protein translocation across the endoplasmic reticulum (ER) and is part of the Sec62/63 complex. The functions described do not directly relate to the GO Biological Process terms li","GO:0031204|post-translational protein targeting to membrane, translocation",[],[]
qwen2.5:72b,Qwen2.5 72B,P32664,NUDC,ecoli,cellular_component,P5_selection,empty_response,no_go_ids_extracted,0.0,0,0,0,0.0,0.0,"NONE

The protein NUDC, as described, is an mRNA decapping enzyme found in Escherichia coli. Bacterial cells, like E. coli, do not have a nucleus, nucleoplasm, or other eukaryotic organelles such as mitochondria, endoplasmic reticulum, or a defined cytoskeleton. The cellular components listed in the",,[],[]
qwen2.5:72b,Qwen2.5 72B,Q6ZQR2,CFA77,human,cellular_component,P3_fewshot,complete_miss,high_hallucination,0.75,4,3,0,0.0,0.0,"For the protein CFA77 (Cilia- and flagella-associated protein 77) in Homo sapiens, based on its known function as a microtubule inner protein (MIP) part of the dynein-decorated doublet microtubules (DMTs) in cilia axoneme, which is required for motile cilia beating, the following Gene Ontology Cellu",GO:0005879|axonemal microtubule; GO:0005930|axoneme; GO:0005929|cilium,"['GO:0034754', 'GO:0031968', 'GO:0034752']","['GO:0005930', 'GO:0005879', 'GO:0005929']"
qwen2.5:72b,Qwen2.5 72B,Q16625,OCLN,human,molecular_function,P2_constrained,complete_hallucination,high_hallucination,1.0,2,1,0,0.0,0.0,"GO:0005515 | protein binding  
GO:0005298 | tight junction protein binding",GO:0019904|protein domain specific binding,"['GO:0005298', 'GO:0005515']",['GO:0019904']
qwen2.5:72b,Qwen2.5 72B,Q8N114,SHSA5,human,biological_process,P4_cot,complete_miss,partial_hallucination,0.4,5,5,0,0.0,0.0,"### Step-by-Step Analysis of SHSA5 (Protein shisa-5)

#### Step 1: Primary Biochemical Activity
The primary biochemical activity of SHSA5 is its ability to induce apoptosis in a caspase-dependent manner. Additionally, it plays a role in p53/TP53-dependent apoptosis.

#### Step 2: Molecular Processes",GO:0043123|positive regulation of canonical NF-kappaB signal transduction; GO:1900103|positive regulation of endoplasmic reticulum unfolded protein response; GO:1905898|positive regulation of response,"['GO:0008637', 'GO:0006977']","['GO:1900103', 'GO:0043123', 'GO:0060628', 'GO:1905898', 'GO:0090111']"
qwen2.5:72b,Qwen2.5 72B,F1Q7Z7,DAAF3,zebrafish,biological_process,P4_cot,complete_miss,high_hallucination,0.667,6,3,0,0.0,0.0,"Certainly! Let's break down the process step by step for the protein DAAF3 (Dynein axonemal assembly factor 3) in Danio rerio (Zebrafish).

### Step 1: What is the protein's primary biochemical activity?
DAAF3 is primarily involved in the assembly of axonemal inner and outer dynein arms. It facilita",GO:0070286|axonemal dynein complex assembly; GO:0003341|cilium movement; GO:0044458|motile cilium assembly,"['GO:0007018', 'GO:0030286', 'GO:0030289', 'GO:0030285']","['GO:0070286', 'GO:0003341', 'GO:0044458']"
qwen2.5:72b,Qwen2.5 72B,Q2QCI8,MED12,zebrafish,molecular_function,P3_fewshot,partial_match_poor,partial_hallucination|low_recall|low_precision,0.5,8,3,1,0.125,0.333,"For the protein MED12 in Danio rerio (Zebrafish), based on its known functions and interactions, the following Gene Ontology (GO) Molecular Function terms can be predicted:

- **GO:0003677 | DNA binding**
  - MED12 is a component of the Mediator complex, which is involved in the regulation of gene t",GO:0140587|chromatin loop anchoring activity; GO:0003700|DNA-binding transcription factor activity; GO:0140585|promoter-enhancer loop anchoring activity,"['GO:0008134', 'GO:0045546', 'GO:0045545', 'GO:0005515']","['GO:0140587', 'GO:0140585']"
qwen2.5:72b,Qwen2.5 72B,Q6L8Q7,PDE12,human,molecular_function,P5_selection,complete_miss,,0.0,4,3,0,0.0,0.0,"GO:0016787 | hydrolase activity
GO:0005524 | ATP binding
GO:0046872 | metal ion binding
GO:0008270 | zinc ion binding",GO:0000175|3'-5'-RNA exonuclease activity; GO:0004527|exonuclease activity; GO:0004535|poly(A)-specific ribonuclease activity,[],"['GO:0000175', 'GO:0004527', 'GO:0004535']"
qwen2.5:72b,Qwen2.5 72B,E7FF10,VWA1,zebrafish,molecular_function,P5_selection,empty_response,no_go_ids_extracted,0.0,0,0,0,0.0,0.0,"NONE

The provided information about VWA1 from Danio rerio (Zebrafish) does not specify any direct molecular functions that align with the candidate GO Molecular Function terms listed. The known function of VWA1 is related to promoting matrix assembly and being involved in the organization of skelet",,[],[]
qwen2.5:72b,Qwen2.5 72B,Q6ZVE7,GOT1A,human,cellular_component,P2_constrained,partial_match_poor,high_hallucination|low_recall|low_precision,0.667,3,4,1,0.333,0.25,"GO:0005749 | Golgi apparatus  
GO:0005783 | endoplasmic reticulum-Golgi intermediate compartment  
GO:0016021 | membrane",GO:0005783|endoplasmic reticulum; GO:0000137|Golgi cis cisterna; GO:0005635|nuclear envelope; GO:0005802|trans-Golgi network,"['GO:0016021', 'GO:0005749']","['GO:0000137', 'GO:0005635', 'GO:0005802']"
qwen2.5:72b,Qwen2.5 72B,Q9ULL8,SHRM4,human,molecular_function,P1_zeroshot,complete_miss,high_hallucination,0.714,7,0,0,0.0,0.0,"Certainly! Based on the known function of SHRM4 (Protein Shroom4), the following Gene Ontology (GO) Molecular Function terms are likely to be relevant:

1. **GO:0005515 | protein binding**
   - This term describes the ability of a protein to interact with other proteins, which is a common function f",,"['GO:0005101', 'GO:0005515', 'GO:0003778', 'GO:0003779', 'GO:0004871']",[]
qwen2.5:72b,Qwen2.5 72B,Q14CS0,UBX2B,human,molecular_function,P3_fewshot,complete_miss,partial_hallucination,0.375,8,0,0,0.0,0.0,"Based on the known functions and interactions of UBX2B (UBX domain-containing protein 2B), here are some predicted Gene Ontology (GO) Molecular Function terms:

- **GO:0005515** | protein binding
- **GO:0046983** | protein complex binding
- **GO:0008270** | zinc ion binding
- **GO:0005524** | ATP bi",,"['GO:0004871', 'GO:0003779', 'GO:0005515']",[]
qwen2.5:72b,Qwen2.5 72B,P07263,SYH,yeast,molecular_function,P1_zeroshot,complete_miss,partial_hallucination,0.4,5,3,0,0.0,0.0,"Certainly! Here are the Gene Ontology (GO) Molecular Function terms that best describe the protein SYH (Histidyl-tRNA synthetase, mitochondrial) in Saccharomyces cerevisiae:

1. **GO:0004182 | histidyl-tRNA synthetase activity**
   - This term describes the enzymatic activity of catalyzing the attac",GO:0004812|aminoacyl-tRNA ligase activity; GO:0003729|mRNA binding; GO:1990825|sequence-specific mRNA binding,"['GO:0004182', 'GO:0005515']","['GO:0003729', 'GO:0004812', 'GO:1990825']"
qwen2.5:72b,Qwen2.5 72B,P0ABG7,RODA,ecoli,cellular_component,P5_selection,partial_match_high_recall,low_precision,0.0,4,1,1,0.25,1.0,"GO:0005829 | cytosol
GO:0005737 | cytoplasm
GO:0005886 | plasma membrane
GO:0016020 | membrane",GO:0005886|plasma membrane,[],[]
qwen2.5:72b,Qwen2.5 72B,P11862,GAS2,mouse,biological_process,P4_cot,complete_miss,partial_hallucination,0.167,6,5,0,0.0,0.0,"Certainly! Let's break down the process step by step for the protein GAS2 (Growth arrest-specific protein 2) in Mus musculus (Mouse).

### Step 1: What is the protein's primary biochemical activity?
GAS2 is primarily involved in maintaining microtubule bundles in inner ear supporting cells. This sug",GO:0001547|antral ovarian follicle growth; GO:0071711|basement membrane organization; GO:0001544|initiation of primordial ovarian follicle growth; GO:0030728|ovulation; GO:0008593|regulation of Notch ,['GO:0006928'],"['GO:0001547', 'GO:0008593', 'GO:0030728', 'GO:0001544', 'GO:0071711']"
qwen2.5:72b,Qwen2.5 72B,Q8CJ69,BMPER,mouse,biological_process,P4_cot,complete_miss,,0.0,7,6,0,0.0,0.0,"Certainly! Let's break down the process of determining the Biological Process GO terms for BMPER (BMP-binding endothelial regulator protein) in *Mus musculus* (Mouse).

### Step 1: What is the protein's primary biochemical activity?
BMPER is primarily known as an inhibitor of bone morphogenetic prot",GO:0030509|BMP signaling pathway; GO:0048839|inner ear development; GO:0030514|negative regulation of BMP signaling pathway; GO:0032880|regulation of protein localization; GO:0060395|SMAD protein sign,[],"['GO:0030514', 'GO:0060395', 'GO:0001657', 'GO:0048839', 'GO:0030509']"
