accession,entry_name,gene_name,organism,organism_full,protein_name,function_text,n_go_terms_total,go_molecular_function,go_biological_process,go_cellular_component,go_terms_json
Q9H3U1,UN45A_HUMAN,UN45A,human,Homo sapiens (Human).,RecName: Full=Protein unc-45 homolog A; Short=Unc-45A; AltName: Full=GCUNC-45; AltName: Full=Smooth muscle cell-associated protein 1; Short=SMAP-1;,"Acts as a co-chaperone for HSP90. Prevents the stimulation of HSP90AB1 ATPase activity by AHSA1. Positive factor in promoting PGR function in the cell. May be necessary for proper folding of myosin (Potential). Necessary for normal cell proliferation. Necessary for normal myotube formation and myosin accumulation during muscle cell development. May play a role in erythropoiesis in stroma cells in the spleen (By similarity). {ECO:0000250, ECO:0000269|PubMed:12119110, ECO:0000269|PubMed:16478993, ECO:0000305}.",4,GO:0045296|cadherin binding,,GO:0005829|cytosol; GO:0005794|Golgi apparatus; GO:0016607|nuclear speck,"[{""go_id"": ""GO:0005829"", ""term_name"": ""cytosol"", ""namespace"": ""cellular_component"", ""evidence"": ""IDA""}, {""go_id"": ""GO:0005794"", ""term_name"": ""Golgi apparatus"", ""namespace"": ""cellular_component"", ""evidence"": ""IDA""}, {""go_id"": ""GO:0016607"", ""term_name"": ""nuclear speck"", ""namespace"": ""cellular_component"", ""evidence"": ""IDA""}, {""go_id"": ""GO:0045296"", ""term_name"": ""cadherin binding"", ""namespace"": ""molecular_function"", ""evidence"": ""HDA""}]"
O75508,CLD11_HUMAN,CLD11,human,Homo sapiens (Human).,RecName: Full=Claudin-11; AltName: Full=Oligodendrocyte-specific protein;,"Plays a major role in tight junction-specific obliteration of the intercellular space, through calcium-independent cell-adhesion activity. {ECO:0000269|PubMed:30734065}.",8,GO:0042802|identical protein binding,GO:0120192|tight junction assembly,GO:0030424|axon; GO:0030054|cell junction; GO:0005811|lipid droplet; GO:0005883|neurofilament; GO:0005886|plasma membrane; GO:0070160|tight junction,"[{""go_id"": ""GO:0030424"", ""term_name"": ""axon"", ""namespace"": ""cellular_component"", ""evidence"": ""IDA""}, {""go_id"": ""GO:0030054"", ""term_name"": ""cell junction"", ""namespace"": ""cellular_component"", ""evidence"": ""IDA""}, {""go_id"": ""GO:0005811"", ""term_name"": ""lipid droplet"", ""namespace"": ""cellular_component"", ""evidence"": ""IDA""}, {""go_id"": ""GO:0005883"", ""term_name"": ""neurofilament"", ""namespace"": ""cellular_component"", ""evidence"": ""IDA""}, {""go_id"": ""GO:0005886"", ""term_name"": ""plasma membrane"", ""namespace"": ""cellular_component"", ""evidence"": ""IDA""}, {""go_id"": ""GO:0070160"", ""term_name"": ""tight junction"", ""namespace"": ""cellular_component"", ""evidence"": ""IDA""}, {""go_id"": ""GO:0042802"", ""term_name"": ""identical protein binding"", ""namespace"": ""molecular_function"", ""evidence"": ""IMP""}, {""go_id"": ""GO:0120192"", ""term_name"": ""tight junction assembly"", ""namespace"": ""biological_process"", ""evidence"": ""IDA""}]"
P05062,ALDOB_HUMAN,ALDOB,human,Homo sapiens (Human).,"RecName: Full=Fructose-bisphosphate aldolase B; EC=4.1.2.13 {ECO:0000269|PubMed:10970798, ECO:0000269|PubMed:12205126, ECO:0000269|PubMed:20848650}; AltName: Full=Liver-type aldolase;","Catalyzes the aldol cleavage of fructose 1,6-biphosphate to form two triosephosphates dihydroxyacetone phosphate and D- glyceraldehyde 3-phosphate in glycolysis as well as the reverse stereospecific aldol addition reaction in gluconeogenesis. In fructolysis, metabolizes fructose 1-phosphate derived from the phosphorylation of dietary fructose by fructokinase into dihydroxyacetone phosphate and D-glyceraldehyde (PubMed:10970798, PubMed:12205126, PubMed:20848650). Acts as an adapter independently of its enzymatic activity, exerts a tumor suppressor role by stabilizing the ternary complex with G6PD and TP53 to inhibit G6PD activity and keep oxidative pentose phosphate metabolism in check (PubMed:35122041). {ECO:0000269|PubMed:10970798, ECO:0000269|PubMed:12205126, ECO:0000269|PubMed:20848650, ECO:0000269|PubMed:35122041}.",16,GO:0051117|ATPase binding; GO:0008092|cytoskeletal protein binding; GO:0070061|fructose binding; GO:0061609|fructose-1-phosphate aldolase activity; GO:0004332|fructose-bisphosphate aldolase activity; GO:0042802|identical protein binding; GO:0060090|molecular adaptor activity,"GO:0030388|fructose 1,6-bisphosphate metabolic process; GO:0006000|fructose metabolic process; GO:0006096|glycolytic process; GO:1905856|negative regulation of pentose-phosphate shunt; GO:0070072|vacuolar proton-transporting V-type ATPase complex assembly",GO:0034451|centriolar satellite; GO:0005829|cytosol; GO:0070062|extracellular exosome; GO:0005815|microtubule organizing center,"[{""go_id"": ""GO:0034451"", ""term_name"": ""centriolar satellite"", ""namespace"": ""cellular_component"", ""evidence"": ""IDA""}, {""go_id"": ""GO:0005829"", ""term_name"": ""cytosol"", ""namespace"": ""cellular_component"", ""evidence"": ""IDA""}, {""go_id"": ""GO:0070062"", ""term_name"": ""extracellular exosome"", ""namespace"": ""cellular_component"", ""evidence"": ""HDA""}, {""go_id"": ""GO:0005815"", ""term_name"": ""microtubule organizing center"", ""namespace"": ""cellular_component"", ""evidence"": ""IDA""}, {""go_id"": ""GO:0051117"", ""term_name"": ""ATPase binding"", ""namespace"": ""molecular_function"", ""evidence"": ""IDA""}, {""go_id"": ""GO:0008092"", ""term_name"": ""cytoskeletal protein binding"", ""namespace"": ""molecular_function"", ""evidence"": ""IDA""}, {""go_id"": ""GO:0070061"", ""term_name"": ""fructose binding"", ""namespace"": ""molecular_function"", ""evidence"": ""IMP""}, {""go_id"": ""GO:0061609"", ""term_name"": ""fructose-1-phosphate aldolase activity"", ""namespace"": ""molecular_function"", ""evidence"": ""IDA""}, {""go_id"": ""GO:0004332"", ""term_name"": ""fructose-bisphosphate aldolase activity"", ""namespace"": ""molecular_function"", ""evidence"": ""IDA""}, {""go_id"": ""GO:0042802"", ""term_name"": ""identical protein binding"", ""namespace"": ""molecular_function"", ""evidence"": ""IPI""}, {""go_id"": ""GO:0060090"", ""term_name"": ""molecular adaptor activity"", ""namespace"": ""molecular_function"", ""evidence"": ""IDA""}, {""go_id"": ""GO:0030388"", ""term_name"": ""fructose 1,6-bisphosphate metabolic process"", ""namespace"": ""biological_process"", ""evidence"": ""IDA""}, {""go_id"": ""GO:0006000"", ""term_name"": ""fructose metabolic process"", ""namespace"": ""biological_process"", ""evidence"": ""IMP""}, {""go_id"": ""GO:0006096"", ""term_name"": ""glycolytic process"", ""namespace"": ""biological_process"", ""evidence"": ""IDA""}, {""go_id"": ""GO:1905856"", ""term_name"": ""negative regulation of pentose-phosphate shunt"", ""namespace"": ""biological_process"", ""evidence"": ""IMP""}, {""go_id"": ""GO:0070072"", ""term_name"": ""vacuolar proton-transporting V-type ATPase complex assembly"", ""namespace"": ""biological_process"", ""evidence"": ""IMP""}]"
O95760,IL33_HUMAN,IL33,human,Homo sapiens (Human).,RecName: Full=Interleukin-33; Short=IL-33; AltName: Full=Interleukin-1 family member 11; Short=IL-1F11; AltName: Full=Nuclear factor from high endothelial venules; Short=NF-HEV; Contains: RecName: Full=Interleukin-33 (95-270); Contains: RecName: Full=Interleukin-33 (99-270); Contains: RecName: Full=Interleukin-33 (109-270); Flags: Precursor;,"Cytokine that binds to and signals through the IL1RL1/ST2 receptor which in turn activates NF-kappa-B and MAPK signaling pathways in target cells (PubMed:16286016, PubMed:19841166). Involved in the maturation of Th2 cells inducing the secretion of T-helper type 2- associated cytokines (PubMed:17853410, PubMed:18836528). Also involved in activation of mast cells, basophils, eosinophils and natural killer cells (PubMed:17853410, PubMed:18836528). Acts as an enhancer of polarization of alternatively activated macrophages (PubMed:19841166). Acts as a chemoattractant for Th2 cells, and may function as an 'alarmin', that amplifies immune responses during tissue injury (PubMed:17853410, PubMed:18836528). Induces rapid UCP2-dependent mitochondrial rewiring that attenuates the generation of reactive oxygen species and preserves the integrity of Krebs cycle required for persistent production of itaconate and subsequent GATA3-dependent differentiation of inflammation-resolving alternatively activated macrophages (By similarity). {ECO:0000250|UniProtKB:Q8BVZ5, ECO:0000269|PubMed:16286016, ECO:0000269|PubMed:17853410, ECO:0000269|PubMed:18836528, ECO:0000269|PubMed:19841166}.",9,GO:0005125|cytokine activity,GO:0106015|negative regulation of inflammatory response to wounding; GO:0000122|negative regulation of transcription by RNA polymerase II; GO:0032722|positive regulation of chemokine production; GO:0043032|positive regulation of macrophage activation,GO:0005737|cytoplasm; GO:0005615|extracellular space; GO:0005654|nucleoplasm; GO:0005634|nucleus,"[{""go_id"": ""GO:0005737"", ""term_name"": ""cytoplasm"", ""namespace"": ""cellular_component"", ""evidence"": ""IDA""}, {""go_id"": ""GO:0005615"", ""term_name"": ""extracellular space"", ""namespace"": ""cellular_component"", ""evidence"": ""IDA""}, {""go_id"": ""GO:0005654"", ""term_name"": ""nucleoplasm"", ""namespace"": ""cellular_component"", ""evidence"": ""IDA""}, {""go_id"": ""GO:0005634"", ""term_name"": ""nucleus"", ""namespace"": ""cellular_component"", ""evidence"": ""IDA""}, {""go_id"": ""GO:0005125"", ""term_name"": ""cytokine activity"", ""namespace"": ""molecular_function"", ""evidence"": ""IDA""}, {""go_id"": ""GO:0106015"", ""term_name"": ""negative regulation of inflammatory response to wounding"", ""namespace"": ""biological_process"", ""evidence"": ""IDA""}, {""go_id"": ""GO:0000122"", ""term_name"": ""negative regulation of transcription by RNA polymerase II"", ""namespace"": ""biological_process"", ""evidence"": ""IMP""}, {""go_id"": ""GO:0032722"", ""term_name"": ""positive regulation of chemokine production"", ""namespace"": ""biological_process"", ""evidence"": ""IDA""}, {""go_id"": ""GO:0043032"", ""term_name"": ""positive regulation of macrophage activation"", ""namespace"": ""biological_process"", ""evidence"": ""IDA""}]"
Q7Z2G1,H2BWT_HUMAN,H2BWT,human,Homo sapiens (Human).,RecName: Full=Histone H2B type W-T {ECO:0000305}; AltName: Full=H2B histone family member W testis-specific; AltName: Full=H2B.W histone 1 {ECO:0000312|HGNC:HGNC:27252};,"Atypical histone H2B that can form nucleosomes structurally and dynamically indistinguishable from those containing conventional H2B. Nucleosomes wrap and compact DNA into chromatin, limiting DNA accessibility to the cellular machineries which require DNA as a template. Histones thereby play a central role in transcription regulation, DNA repair, DNA replication and chromosomal stability. DNA accessibility is regulated via a complex set of post-translational modifications of histones, also called histone code, and nucleosome remodeling (PubMed:15475252, PubMed:16449661). However, unlike conventional H2B, does not recruit chromosome condensation factors and does not participate in the assembly of mitotic chromosomes (PubMed:16449661). May be important for telomere function and play a role in spermatogenesis (PubMed:16449661, PubMed:19583817). {ECO:0000269|PubMed:15475252, ECO:0000269|PubMed:16449661, ECO:0000269|PubMed:19583817}.",4,GO:0030527|structural constituent of chromatin,,"GO:0000781|chromosome, telomeric region; GO:0000786|nucleosome; GO:0005634|nucleus","[{""go_id"": ""GO:0000781"", ""term_name"": ""chromosome, telomeric region"", ""namespace"": ""cellular_component"", ""evidence"": ""IDA""}, {""go_id"": ""GO:0000786"", ""term_name"": ""nucleosome"", ""namespace"": ""cellular_component"", ""evidence"": ""IDA""}, {""go_id"": ""GO:0005634"", ""term_name"": ""nucleus"", ""namespace"": ""cellular_component"", ""evidence"": ""IDA""}, {""go_id"": ""GO:0030527"", ""term_name"": ""structural constituent of chromatin"", ""namespace"": ""molecular_function"", ""evidence"": ""IDA""}]"
Q9UK05,GDF2_HUMAN,GDF2,human,Homo sapiens (Human).,RecName: Full=Growth/differentiation factor 2; Short=GDF-2; AltName: Full=Bone morphogenetic protein 9; Short=BMP-9; Flags: Precursor;,"Potent circulating inhibitor of angiogenesis. Signals through the type I activin receptor ACVRL1 but not other Alks. Signaling through SMAD1 in endothelial cells requires TGF-beta coreceptor endoglin/ENG. {ECO:0000269|PubMed:18309101, ECO:0000269|PubMed:21710321, ECO:0000269|PubMed:22799562, ECO:0000269|PubMed:23300529, ECO:0000269|PubMed:25237187}.",22,GO:0005125|cytokine activity; GO:0008083|growth factor activity,GO:0032924|activin receptor signaling pathway; GO:0001525|angiogenesis; GO:0048514|blood vessel morphogenesis; GO:0030509|BMP signaling pathway; GO:0001569|branching involved in blood vessel morphogenesis; GO:0071773|cellular response to BMP stimulus; GO:0030308|negative regulation of cell growth; GO:0010596|negative regulation of endothelial cell migration; GO:0001937|negative regulation of endothelial cell proliferation; GO:0045766|positive regulation of angiogenesis; GO:1903348|positive regulation of bicellular tight junction assembly; GO:0045893|positive regulation of DNA-templated transcription; GO:0001938|positive regulation of endothelial cell proliferation; GO:0030858|positive regulation of epithelial cell differentiation; GO:0032757|positive regulation of interleukin-8 production; GO:0045747|positive regulation of Notch signaling pathway; GO:0060391|positive regulation of SMAD protein signal transduction; GO:0045944|positive regulation of transcription by RNA polymerase II,GO:0070062|extracellular exosome; GO:0005615|extracellular space,"[{""go_id"": ""GO:0070062"", ""term_name"": ""extracellular exosome"", ""namespace"": ""cellular_component"", ""evidence"": ""HDA""}, {""go_id"": ""GO:0005615"", ""term_name"": ""extracellular space"", ""namespace"": ""cellular_component"", ""evidence"": ""IDA""}, {""go_id"": ""GO:0005125"", ""term_name"": ""cytokine activity"", ""namespace"": ""molecular_function"", ""evidence"": ""IGI""}, {""go_id"": ""GO:0008083"", ""term_name"": ""growth factor activity"", ""namespace"": ""molecular_function"", ""evidence"": ""IDA""}, {""go_id"": ""GO:0032924"", ""term_name"": ""activin receptor signaling pathway"", ""namespace"": ""biological_process"", ""evidence"": ""IDA""}, {""go_id"": ""GO:0001525"", ""term_name"": ""angiogenesis"", ""namespace"": ""biological_process"", ""evidence"": ""IMP""}, {""go_id"": ""GO:0048514"", ""term_name"": ""blood vessel morphogenesis"", ""namespace"": ""biological_process"", ""evidence"": ""IDA""}, {""go_id"": ""GO:0030509"", ""term_name"": ""BMP signaling pathway"", ""namespace"": ""biological_process"", ""evidence"": ""IDA""}, {""go_id"": ""GO:0001569"", ""term_name"": ""branching involved in blood vessel morphogenesis"", ""namespace"": ""biological_process"", ""evidence"": ""IDA""}, {""go_id"": ""GO:0071773"", ""term_name"": ""cellular response to BMP stimulus"", ""namespace"": ""biological_process"", ""evidence"": ""IDA""}, {""go_id"": ""GO:0030308"", ""term_name"": ""negative regulation of cell growth"", ""namespace"": ""biological_process"", ""evidence"": ""IDA""}, {""go_id"": ""GO:0010596"", ""term_name"": ""negative regulation of endothelial cell migration"", ""namespace"": ""biological_process"", ""evidence"": ""IDA""}, {""go_id"": ""GO:0001937"", ""term_name"": ""negative regulation of endothelial cell proliferation"", ""namespace"": ""biological_process"", ""evidence"": ""IDA""}, {""go_id"": ""GO:0045766"", ""term_name"": ""positive regulation of angiogenesis"", ""namespace"": ""biological_process"", ""evidence"": ""IDA""}, {""go_id"": ""GO:1903348"", ""term_name"": ""positive regulation of bicellular tight junction assembly"", ""namespace"": ""biological_process"", ""evidence"": ""IDA""}, {""go_id"": ""GO:0045893"", ""term_name"": ""positive regulation of DNA-templated transcription"", ""namespace"": ""biological_process"", ""evidence"": ""IDA""}, {""go_id"": ""GO:0001938"", ""term_name"": ""positive regulation of endothelial cell proliferation"", ""namespace"": ""biological_process"", ""evidence"": ""IDA""}, {""go_id"": ""GO:0030858"", ""term_name"": ""positive regulation of epithelial cell differentiation"", ""namespace"": ""biological_process"", ""evidence"": ""IDA""}, {""go_id"": ""GO:0032757"", ""term_name"": ""positive regulation of interleukin-8 production"", ""namespace"": ""biological_process"", ""evidence"": ""IDA""}, {""go_id"": ""GO:0045747"", ""term_name"": ""positive regulation of Notch signaling pathway"", ""namespace"": ""biological_process"", ""evidence"": ""IDA""}, {""go_id"": ""GO:0060391"", ""term_name"": ""positive regulation of SMAD protein signal transduction"", ""namespace"": ""biological_process"", ""evidence"": ""IDA""}, {""go_id"": ""GO:0045944"", ""term_name"": ""positive regulation of transcription by RNA polymerase II"", ""namespace"": ""biological_process"", ""evidence"": ""IDA""}]"
Q96F07,CYFP2_HUMAN,CYFP2,human,Homo sapiens (Human).,RecName: Full=Cytoplasmic FMR1-interacting protein 2; AltName: Full=p53-inducible protein 121;,"Involved in T-cell adhesion and p53/TP53-dependent induction of apoptosis. Does not bind RNA. As component of the WAVE1 complex, required for BDNF-NTRK2 endocytic trafficking and signaling from early endosomes (By similarity). {ECO:0000250|UniProtKB:Q5SQX6, ECO:0000269|PubMed:10449408, ECO:0000269|PubMed:15048733, ECO:0000269|PubMed:17245118}.",10,,GO:0006915|apoptotic process; GO:0098609|cell-cell adhesion; GO:0045862|positive regulation of proteolysis; GO:0150052|regulation of postsynapse assembly,GO:0005737|cytoplasm; GO:0070062|extracellular exosome; GO:0016020|membrane; GO:0048471|perinuclear region of cytoplasm; GO:0031209|SCAR complex; GO:0045202|synapse,"[{""go_id"": ""GO:0005737"", ""term_name"": ""cytoplasm"", ""namespace"": ""cellular_component"", ""evidence"": ""IDA""}, {""go_id"": ""GO:0070062"", ""term_name"": ""extracellular exosome"", ""namespace"": ""cellular_component"", ""evidence"": ""HDA""}, {""go_id"": ""GO:0016020"", ""term_name"": ""membrane"", ""namespace"": ""cellular_component"", ""evidence"": ""HDA""}, {""go_id"": ""GO:0048471"", ""term_name"": ""perinuclear region of cytoplasm"", ""namespace"": ""cellular_component"", ""evidence"": ""IDA""}, {""go_id"": ""GO:0031209"", ""term_name"": ""SCAR complex"", ""namespace"": ""cellular_component"", ""evidence"": ""IDA""}, {""go_id"": ""GO:0045202"", ""term_name"": ""synapse"", ""namespace"": ""cellular_component"", ""evidence"": ""IDA""}, {""go_id"": ""GO:0006915"", ""term_name"": ""apoptotic process"", ""namespace"": ""biological_process"", ""evidence"": ""IDA""}, {""go_id"": ""GO:0098609"", ""term_name"": ""cell-cell adhesion"", ""namespace"": ""biological_process"", ""evidence"": ""IDA""}, {""go_id"": ""GO:0045862"", ""term_name"": ""positive regulation of proteolysis"", ""namespace"": ""biological_process"", ""evidence"": ""IDA""}, {""go_id"": ""GO:0150052"", ""term_name"": ""regulation of postsynapse assembly"", ""namespace"": ""biological_process"", ""evidence"": ""IDA""}]"
P08603,CFAH_HUMAN,CFAH,human,Homo sapiens (Human).,RecName: Full=Complement factor H; AltName: Full=H factor 1; Flags: Precursor;,"Glycoprotein that plays an essential role in maintaining a well-balanced immune response by modulating complement activation. Acts as a soluble inhibitor of complement, where its binding to self markers such as glycan structures prevents complement activation and amplification on cell surfaces (PubMed:21285368, PubMed:21317894, PubMed:25402769). Accelerates the decay of the complement alternative pathway (AP) C3 convertase C3bBb, thus preventing local formation of more C3b, the central player of the complement amplification loop (PubMed:19503104, PubMed:21317894, PubMed:26700768). As a cofactor of the serine protease factor I, CFH also regulates proteolytic degradation of already-deposited C3b (PubMed:18252712, PubMed:23332154, PubMed:28671664). In addition, mediates several cellular responses through interaction with specific receptors. For example, interacts with CR3/ITGAM receptor and thereby mediates the adhesion of human neutrophils to different pathogens. In turn, these pathogens are phagocytosed and destroyed (PubMed:20008295, PubMed:9558116). {ECO:0000269|PubMed:18252712, ECO:0000269|PubMed:19503104, ECO:0000269|PubMed:20008295, ECO:0000269|PubMed:21285368, ECO:0000269|PubMed:21317894, ECO:0000269|PubMed:23332154, ECO:0000269|PubMed:25402769, ECO:0000269|PubMed:26700768, ECO:0000269|PubMed:28671664, ECO:0000269|PubMed:9558116}.",15,GO:0043395|heparan sulfate proteoglycan binding; GO:0008201|heparin binding; GO:0042802|identical protein binding,"GO:0022010|central nervous system myelination; GO:0006956|complement activation; GO:0006957|complement activation, alternative pathway; GO:0006954|inflammatory response; GO:0006508|proteolysis; GO:0030449|regulation of complement activation; GO:0030451|regulation of complement activation, alternative pathway; GO:1903659|regulation of complement-dependent cytotoxicity",GO:0072562|blood microparticle; GO:0070062|extracellular exosome; GO:1905370|serine-type endopeptidase complex; GO:0106139|symbiont cell surface,"[{""go_id"": ""GO:0072562"", ""term_name"": ""blood microparticle"", ""namespace"": ""cellular_component"", ""evidence"": ""HDA""}, {""go_id"": ""GO:0070062"", ""term_name"": ""extracellular exosome"", ""namespace"": ""cellular_component"", ""evidence"": ""HDA""}, {""go_id"": ""GO:1905370"", ""term_name"": ""serine-type endopeptidase complex"", ""namespace"": ""cellular_component"", ""evidence"": ""IPI""}, {""go_id"": ""GO:0106139"", ""term_name"": ""symbiont cell surface"", ""namespace"": ""cellular_component"", ""evidence"": ""IDA""}, {""go_id"": ""GO:0043395"", ""term_name"": ""heparan sulfate proteoglycan binding"", ""namespace"": ""molecular_function"", ""evidence"": ""IDA""}, {""go_id"": ""GO:0008201"", ""term_name"": ""heparin binding"", ""namespace"": ""molecular_function"", ""evidence"": ""IDA""}, {""go_id"": ""GO:0042802"", ""term_name"": ""identical protein binding"", ""namespace"": ""molecular_function"", ""evidence"": ""IPI""}, {""go_id"": ""GO:0022010"", ""term_name"": ""central nervous system myelination"", ""namespace"": ""biological_process"", ""evidence"": ""IDA""}, {""go_id"": ""GO:0006956"", ""term_name"": ""complement activation"", ""namespace"": ""biological_process"", ""evidence"": ""IDA""}, {""go_id"": ""GO:0006957"", ""term_name"": ""complement activation, alternative pathway"", ""namespace"": ""biological_process"", ""evidence"": ""IDA""}, {""go_id"": ""GO:0006954"", ""term_name"": ""inflammatory response"", ""namespace"": ""biological_process"", ""evidence"": ""IDA""}, {""go_id"": ""GO:0006508"", ""term_name"": ""proteolysis"", ""namespace"": ""biological_process"", ""evidence"": ""IDA""}, {""go_id"": ""GO:0030449"", ""term_name"": ""regulation of complement activation"", ""namespace"": ""biological_process"", ""evidence"": ""IDA""}, {""go_id"": ""GO:0030451"", ""term_name"": ""regulation of complement activation, alternative pathway"", ""namespace"": ""biological_process"", ""evidence"": ""IDA""}, {""go_id"": ""GO:1903659"", ""term_name"": ""regulation of complement-dependent cytotoxicity"", ""namespace"": ""biological_process"", ""evidence"": ""IDA""}]"
O95391,SLU7_HUMAN,SLU7,human,Homo sapiens (Human).,RecName: Full=Pre-mRNA-splicing factor SLU7; Short=hSlu7;,"Required for pre-mRNA splicing as component of the spliceosome (PubMed:10197984, PubMed:28502770, PubMed:30705154). Participates in the second catalytic step of pre-mRNA splicing, when the free hydroxyl group of exon I attacks the 3'-splice site to generate spliced mRNA and the excised lariat intron. Required for holding exon 1 properly in the spliceosome and for correct AG identification when more than one possible AG exists in 3'-splicing site region. May be involved in the activation of proximal AG. Probably also involved in alternative splicing regulation. {ECO:0000269|PubMed:10197984, ECO:0000269|PubMed:10647016, ECO:0000269|PubMed:12764196, ECO:0000269|PubMed:15181151, ECO:0000269|PubMed:15728250, ECO:0000269|PubMed:28502770, ECO:0000269|PubMed:30705154}.",17,GO:0030628|pre-mRNA 3'-splice site binding; GO:0000386|second spliceosomal transesterification activity; GO:0008270|zinc ion binding,"GO:0000380|alternative mRNA splicing, via spliceosome; GO:0034605|cellular response to heat; GO:0006886|intracellular protein transport; GO:0000389|mRNA 3'-splice site recognition; GO:0000375|RNA splicing, via transesterification reactions",GO:0071013|catalytic step 2 spliceosome; GO:0005737|cytoplasm; GO:0005829|cytosol; GO:0016020|membrane; GO:0016607|nuclear speck; GO:0005654|nucleoplasm; GO:0005634|nucleus; GO:0030532|small nuclear ribonucleoprotein complex; GO:0005681|spliceosomal complex,"[{""go_id"": ""GO:0071013"", ""term_name"": ""catalytic step 2 spliceosome"", ""namespace"": ""cellular_component"", ""evidence"": ""IDA""}, {""go_id"": ""GO:0005737"", ""term_name"": ""cytoplasm"", ""namespace"": ""cellular_component"", ""evidence"": ""IDA""}, {""go_id"": ""GO:0005829"", ""term_name"": ""cytosol"", ""namespace"": ""cellular_component"", ""evidence"": ""IDA""}, {""go_id"": ""GO:0016020"", ""term_name"": ""membrane"", ""namespace"": ""cellular_component"", ""evidence"": ""HDA""}, {""go_id"": ""GO:0016607"", ""term_name"": ""nuclear speck"", ""namespace"": ""cellular_component"", ""evidence"": ""IDA""}, {""go_id"": ""GO:0005654"", ""term_name"": ""nucleoplasm"", ""namespace"": ""cellular_component"", ""evidence"": ""IDA""}, {""go_id"": ""GO:0005634"", ""term_name"": ""nucleus"", ""namespace"": ""cellular_component"", ""evidence"": ""IDA""}, {""go_id"": ""GO:0030532"", ""term_name"": ""small nuclear ribonucleoprotein complex"", ""namespace"": ""cellular_component"", ""evidence"": ""IDA""}, {""go_id"": ""GO:0005681"", ""term_name"": ""spliceosomal complex"", ""namespace"": ""cellular_component"", ""evidence"": ""IDA""}, {""go_id"": ""GO:0030628"", ""term_name"": ""pre-mRNA 3'-splice site binding"", ""namespace"": ""molecular_function"", ""evidence"": ""IDA""}, {""go_id"": ""GO:0000386"", ""term_name"": ""second spliceosomal transesterification activity"", ""namespace"": ""molecular_function"", ""evidence"": ""IDA""}, {""go_id"": ""GO:0008270"", ""term_name"": ""zinc ion binding"", ""namespace"": ""molecular_function"", ""evidence"": ""IDA""}, {""go_id"": ""GO:0000380"", ""term_name"": ""alternative mRNA splicing, via spliceosome"", ""namespace"": ""biological_process"", ""evidence"": ""IDA""}, {""go_id"": ""GO:0034605"", ""term_name"": ""cellular response to heat"", ""namespace"": ""biological_process"", ""evidence"": ""IDA""}, {""go_id"": ""GO:0006886"", ""term_name"": ""intracellular protein transport"", ""namespace"": ""biological_process"", ""evidence"": ""IDA""}, {""go_id"": ""GO:0000389"", ""term_name"": ""mRNA 3'-splice site recognition"", ""namespace"": ""biological_process"", ""evidence"": ""IDA""}, {""go_id"": ""GO:0000375"", ""term_name"": ""RNA splicing, via transesterification reactions"", ""namespace"": ""biological_process"", ""evidence"": ""IDA""}]"
Q9BSQ5,CCM2_HUMAN,CCM2,human,Homo sapiens (Human).,RecName: Full=Cerebral cavernous malformations 2 protein; AltName: Full=Malcavernin {ECO:0000303|PubMed:12853948};,Component of the CCM signaling pathway which is a crucial regulator of heart and vessel formation and integrity. May act through the stabilization of endothelial cell junctions (By similarity). May function as a scaffold protein for MAP2K3-MAP3K3 signaling. Seems to play a major role in the modulation of MAP3K3-dependent p38 activation induced by hyperosmotic shock (By similarity). {ECO:0000250}.,4,,GO:0061154|endothelial tube morphogenesis; GO:0001570|vasculogenesis,GO:0005737|cytoplasm; GO:0005739|mitochondrion,"[{""go_id"": ""GO:0005737"", ""term_name"": ""cytoplasm"", ""namespace"": ""cellular_component"", ""evidence"": ""IDA""}, {""go_id"": ""GO:0005739"", ""term_name"": ""mitochondrion"", ""namespace"": ""cellular_component"", ""evidence"": ""IDA""}, {""go_id"": ""GO:0061154"", ""term_name"": ""endothelial tube morphogenesis"", ""namespace"": ""biological_process"", ""evidence"": ""IMP""}, {""go_id"": ""GO:0001570"", ""term_name"": ""vasculogenesis"", ""namespace"": ""biological_process"", ""evidence"": ""IMP""}]"
Q9BXF9,TEKT3_HUMAN,TEKT3,human,Homo sapiens (Human).,RecName: Full=Tektin-3;,"Microtubule inner protein (MIP) part of the dynein-decorated doublet microtubules (DMTs) in cilia and flagellar axoneme (PubMed:36191189). Forms filamentous polymers in the walls of ciliary and flagellar microtubules (By similarity). Required for normal sperm mobility (By similarity). {ECO:0000250|UniProtKB:A6H782, ECO:0000250|UniProtKB:Q6X6Z7, ECO:0000269|PubMed:36191189}.",3,,,GO:0005879|axonemal microtubule; GO:0070062|extracellular exosome; GO:0005634|nucleus,"[{""go_id"": ""GO:0005879"", ""term_name"": ""axonemal microtubule"", ""namespace"": ""cellular_component"", ""evidence"": ""IDA""}, {""go_id"": ""GO:0070062"", ""term_name"": ""extracellular exosome"", ""namespace"": ""cellular_component"", ""evidence"": ""HDA""}, {""go_id"": ""GO:0005634"", ""term_name"": ""nucleus"", ""namespace"": ""cellular_component"", ""evidence"": ""HDA""}]"
Q6L8Q7,PDE12_HUMAN,PDE12,human,Homo sapiens (Human).,"RecName: Full=2',5'-phosphodiesterase 12; Short=2'-PDE; Short=2-PDE; EC=3.1.4.- {ECO:0000269|PubMed:26055709}; AltName: Full=Mitochondrial deadenylase; EC=3.1.13.4 {ECO:0000269|PubMed:21666256, ECO:0000269|PubMed:26055709, ECO:0000269|PubMed:30389976}; Flags: Precursor;","Enzyme that cleaves 2',5'-phosphodiester bond linking adenosines of the 5'-triphosphorylated oligoadenylates, triphosphorylated oligoadenylates referred as 2-5A modulates the 2-5A system. Degrades triphosphorylated 2-5A to produce AMP and ATP (PubMed:26055709). Also cleaves 3',5'-phosphodiester bond of oligoadenylates (PubMed:21666256, PubMed:26055709, PubMed:30389976). Plays a role as a negative regulator of the 2-5A system that is one of the major pathways for antiviral and antitumor functions induced by interferons (IFNs). Suppression of this enzyme increases cellular 2-5A levels and decreases viral replication in cultured small-airway epithelial cells and Hela cells (PubMed:26055709). {ECO:0000269|PubMed:15231837, ECO:0000269|PubMed:21245038, ECO:0000269|PubMed:21666256, ECO:0000269|PubMed:22285541, ECO:0000269|PubMed:26055709, ECO:0000269|PubMed:30389976}.",13,GO:0000175|3'-5'-RNA exonuclease activity; GO:0004527|exonuclease activity; GO:0004535|poly(A)-specific ribonuclease activity,"GO:0140374|antiviral innate immune response; GO:0071359|cellular response to dsRNA; GO:0035457|cellular response to interferon-alpha; GO:0071346|cellular response to type II interferon; GO:0000958|mitochondrial mRNA catabolic process; GO:0000288|nuclear-transcribed mRNA catabolic process, deadenylation-dependent decay; GO:0090304|nucleic acid metabolic process; GO:0045070|positive regulation of viral genome replication; GO:0044528|regulation of mitochondrial mRNA stability",GO:0005759|mitochondrial matrix,"[{""go_id"": ""GO:0005759"", ""term_name"": ""mitochondrial matrix"", ""namespace"": ""cellular_component"", ""evidence"": ""IDA""}, {""go_id"": ""GO:0000175"", ""term_name"": ""3'-5'-RNA exonuclease activity"", ""namespace"": ""molecular_function"", ""evidence"": ""IMP""}, {""go_id"": ""GO:0004527"", ""term_name"": ""exonuclease activity"", ""namespace"": ""molecular_function"", ""evidence"": ""IDA""}, {""go_id"": ""GO:0004535"", ""term_name"": ""poly(A)-specific ribonuclease activity"", ""namespace"": ""molecular_function"", ""evidence"": ""IMP""}, {""go_id"": ""GO:0140374"", ""term_name"": ""antiviral innate immune response"", ""namespace"": ""biological_process"", ""evidence"": ""IDA""}, {""go_id"": ""GO:0071359"", ""term_name"": ""cellular response to dsRNA"", ""namespace"": ""biological_process"", ""evidence"": ""IDA""}, {""go_id"": ""GO:0035457"", ""term_name"": ""cellular response to interferon-alpha"", ""namespace"": ""biological_process"", ""evidence"": ""IMP""}, {""go_id"": ""GO:0071346"", ""term_name"": ""cellular response to type II interferon"", ""namespace"": ""biological_process"", ""evidence"": ""IDA""}, {""go_id"": ""GO:0000958"", ""term_name"": ""mitochondrial mRNA catabolic process"", ""namespace"": ""biological_process"", ""evidence"": ""IMP""}, {""go_id"": ""GO:0000288"", ""term_name"": ""nuclear-transcribed mRNA catabolic process, deadenylation-dependent decay"", ""namespace"": ""biological_process"", ""evidence"": ""IMP""}, {""go_id"": ""GO:0090304"", ""term_name"": ""nucleic acid metabolic process"", ""namespace"": ""biological_process"", ""evidence"": ""IDA""}, {""go_id"": ""GO:0045070"", ""term_name"": ""positive regulation of viral genome replication"", ""namespace"": ""biological_process"", ""evidence"": ""IMP""}, {""go_id"": ""GO:0044528"", ""term_name"": ""regulation of mitochondrial mRNA stability"", ""namespace"": ""biological_process"", ""evidence"": ""IMP""}]"
A1A5B4,ANO9_HUMAN,ANO9,human,Homo sapiens (Human).,RecName: Full=Anoctamin-9; AltName: Full=Transmembrane protein 16J; AltName: Full=Tumor protein p53-inducible protein 5; AltName: Full=p53-induced gene 5 protein;,"PKA-activated nonselective cation channel (PubMed:29604966). Discriminates poorly among cations but is more permeable to Ca(2+) ions than to monovalent cations (By similarity). Acts as a calcium-activated calcium permeable channel which may operate as a endoplasmic reticulum (ER) Ca(2+)-leak channel, reducing the loading of the ER Ca(2+) store (PubMed:36520003). Regulates intracellular Ca2+ signals, ion channel activity, and cytokine release in the renal tissue (PubMed:36520003). Plays an important role in olfaction, amplifying cAMP-evoked cyclic nucleotide-gated (CNG) channel currents in the olfactory sensory neurons (By similarity). Has calcium-dependent phospholipid scramblase activity; scrambles phosphatidylserine, phosphatidylcholine and galactosylceramide (By similarity). Does not exhibit calcium-activated chloride channel (CaCC) activity (PubMed:22178883). Can inhibit the activity of ANO1 (PubMed:20056604, PubMed:22946059). {ECO:0000250|UniProtKB:P86044, ECO:0000269|PubMed:20056604, ECO:0000269|PubMed:22178883, ECO:0000269|PubMed:22946059, ECO:0000269|PubMed:29604966, ECO:0000269|PubMed:36520003}.",7,GO:0005262|calcium channel activity; GO:0015267|channel activity; GO:0019869|chloride channel inhibitor activity; GO:0005229|intracellularly calcium-gated chloride channel activity,GO:1902476|chloride transmembrane transport,GO:0005783|endoplasmic reticulum; GO:0005886|plasma membrane,"[{""go_id"": ""GO:0005783"", ""term_name"": ""endoplasmic reticulum"", ""namespace"": ""cellular_component"", ""evidence"": ""IDA""}, {""go_id"": ""GO:0005886"", ""term_name"": ""plasma membrane"", ""namespace"": ""cellular_component"", ""evidence"": ""IDA""}, {""go_id"": ""GO:0005262"", ""term_name"": ""calcium channel activity"", ""namespace"": ""molecular_function"", ""evidence"": ""IMP""}, {""go_id"": ""GO:0015267"", ""term_name"": ""channel activity"", ""namespace"": ""molecular_function"", ""evidence"": ""IDA""}, {""go_id"": ""GO:0019869"", ""term_name"": ""chloride channel inhibitor activity"", ""namespace"": ""molecular_function"", ""evidence"": ""IDA""}, {""go_id"": ""GO:0005229"", ""term_name"": ""intracellularly calcium-gated chloride channel activity"", ""namespace"": ""molecular_function"", ""evidence"": ""IMP""}, {""go_id"": ""GO:1902476"", ""term_name"": ""chloride transmembrane transport"", ""namespace"": ""biological_process"", ""evidence"": ""IMP""}]"
Q15389,ANGP1_HUMAN,ANGP1,human,Homo sapiens (Human).,RecName: Full=Angiopoietin-1; Short=ANG-1; Flags: Precursor;,"Binds and activates TEK/TIE2 receptor by inducing its dimerization and tyrosine phosphorylation. Plays an important role in the regulation of angiogenesis, endothelial cell survival, proliferation, migration, adhesion and cell spreading, reorganization of the actin cytoskeleton, but also maintenance of vascular quiescence. Required for normal angiogenesis and heart development during embryogenesis. After birth, activates or inhibits angiogenesis, depending on the context. Inhibits angiogenesis and promotes vascular stability in quiescent vessels, where endothelial cells have tight contacts. In quiescent vessels, ANGPT1 oligomers recruit TEK to cell- cell contacts, forming complexes with TEK molecules from adjoining cells, and this leads to preferential activation of phosphatidylinositol 3-kinase and the AKT1 signaling cascades. In migrating endothelial cells that lack cell-cell adhesions, ANGT1 recruits TEK to contacts with the extracellular matrix, leading to the formation of focal adhesion complexes, activation of PTK2/FAK and of the downstream kinases MAPK1/ERK2 and MAPK3/ERK1, and ultimately to the stimulation of sprouting angiogenesis. Mediates blood vessel maturation/stability. Implicated in endothelial developmental processes later and distinct from that of VEGF. Appears to play a crucial role in mediating reciprocal interactions between the endothelium and surrounding matrix and mesenchyme. {ECO:0000269|PubMed:15284220, ECO:0000269|PubMed:18425119, ECO:0000269|PubMed:18425120, ECO:0000269|PubMed:30689269, ECO:0000269|PubMed:9204896}.",31,GO:0042802|identical protein binding; GO:0048018|receptor ligand activity; GO:0030971|receptor tyrosine kinase binding,GO:0007171|activation of transmembrane receptor protein tyrosine kinase activity; GO:0001525|angiogenesis; GO:0030210|heparin proteoglycan biosynthetic process; GO:0043066|negative regulation of apoptotic process; GO:0007162|negative regulation of cell adhesion; GO:2000352|negative regulation of endothelial cell apoptotic process; GO:1900747|negative regulation of vascular endothelial growth factor signaling pathway; GO:0043116|negative regulation of vascular permeability; GO:0050918|positive chemotaxis; GO:0043536|positive regulation of blood vessel endothelial cell migration; GO:1905605|positive regulation of blood-brain barrier permeability; GO:0050820|positive regulation of coagulation; GO:0010595|positive regulation of endothelial cell migration; GO:0070374|positive regulation of ERK1 and ERK2 cascade; GO:0010628|positive regulation of gene expression; GO:0050731|positive regulation of peptidyl-tyrosine phosphorylation; GO:0051897|positive regulation of phosphatidylinositol 3-kinase/protein kinase B signal transduction; GO:0031398|positive regulation of protein ubiquitination; GO:0002092|positive regulation of receptor internalization; GO:0034394|protein localization to cell surface; GO:0014842|regulation of skeletal muscle satellite cell proliferation; GO:0002040|sprouting angiogenesis; GO:0048014|Tie signaling pathway,GO:0070062|extracellular exosome; GO:0005615|extracellular space; GO:0045121|membrane raft; GO:0005902|microvillus; GO:0005886|plasma membrane,"[{""go_id"": ""GO:0070062"", ""term_name"": ""extracellular exosome"", ""namespace"": ""cellular_component"", ""evidence"": ""HDA""}, {""go_id"": ""GO:0005615"", ""term_name"": ""extracellular space"", ""namespace"": ""cellular_component"", ""evidence"": ""IDA""}, {""go_id"": ""GO:0045121"", ""term_name"": ""membrane raft"", ""namespace"": ""cellular_component"", ""evidence"": ""IDA""}, {""go_id"": ""GO:0005902"", ""term_name"": ""microvillus"", ""namespace"": ""cellular_component"", ""evidence"": ""IDA""}, {""go_id"": ""GO:0005886"", ""term_name"": ""plasma membrane"", ""namespace"": ""cellular_component"", ""evidence"": ""IDA""}, {""go_id"": ""GO:0042802"", ""term_name"": ""identical protein binding"", ""namespace"": ""molecular_function"", ""evidence"": ""IPI""}, {""go_id"": ""GO:0048018"", ""term_name"": ""receptor ligand activity"", ""namespace"": ""molecular_function"", ""evidence"": ""IDA""}, {""go_id"": ""GO:0030971"", ""term_name"": ""receptor tyrosine kinase binding"", ""namespace"": ""molecular_function"", ""evidence"": ""IPI""}, {""go_id"": ""GO:0007171"", ""term_name"": ""activation of transmembrane receptor protein tyrosine kinase activity"", ""namespace"": ""biological_process"", ""evidence"": ""IDA""}, {""go_id"": ""GO:0001525"", ""term_name"": ""angiogenesis"", ""namespace"": ""biological_process"", ""evidence"": ""IDA""}, {""go_id"": ""GO:0030210"", ""term_name"": ""heparin proteoglycan biosynthetic process"", ""namespace"": ""biological_process"", ""evidence"": ""IDA""}, {""go_id"": ""GO:0043066"", ""term_name"": ""negative regulation of apoptotic process"", ""namespace"": ""biological_process"", ""evidence"": ""IDA""}, {""go_id"": ""GO:0007162"", ""term_name"": ""negative regulation of cell adhesion"", ""namespace"": ""biological_process"", ""evidence"": ""IDA""}, {""go_id"": ""GO:2000352"", ""term_name"": ""negative regulation of endothelial cell apoptotic process"", ""namespace"": ""biological_process"", ""evidence"": ""IDA""}, {""go_id"": ""GO:1900747"", ""term_name"": ""negative regulation of vascular endothelial growth factor signaling pathway"", ""namespace"": ""biological_process"", ""evidence"": ""IMP""}, {""go_id"": ""GO:0043116"", ""term_name"": ""negative regulation of vascular permeability"", ""namespace"": ""biological_process"", ""evidence"": ""IDA""}, {""go_id"": ""GO:0050918"", ""term_name"": ""positive chemotaxis"", ""namespace"": ""biological_process"", ""evidence"": ""IDA""}, {""go_id"": ""GO:0043536"", ""term_name"": ""positive regulation of blood vessel endothelial cell migration"", ""namespace"": ""biological_process"", ""evidence"": ""IDA""}, {""go_id"": ""GO:1905605"", ""term_name"": ""positive regulation of blood-brain barrier permeability"", ""namespace"": ""biological_process"", ""evidence"": ""IMP""}, {""go_id"": ""GO:0050820"", ""term_name"": ""positive regulation of coagulation"", ""namespace"": ""biological_process"", ""evidence"": ""IDA""}, {""go_id"": ""GO:0010595"", ""term_name"": ""positive regulation of endothelial cell migration"", ""namespace"": ""biological_process"", ""evidence"": ""IDA""}, {""go_id"": ""GO:0070374"", ""term_name"": ""positive regulation of ERK1 and ERK2 cascade"", ""namespace"": ""biological_process"", ""evidence"": ""IDA""}, {""go_id"": ""GO:0010628"", ""term_name"": ""positive regulation of gene expression"", ""namespace"": ""biological_process"", ""evidence"": ""IMP""}, {""go_id"": ""GO:0050731"", ""term_name"": ""positive regulation of peptidyl-tyrosine phosphorylation"", ""namespace"": ""biological_process"", ""evidence"": ""IDA""}, {""go_id"": ""GO:0051897"", ""term_name"": ""positive regulation of phosphatidylinositol 3-kinase/protein kinase B signal transduction"", ""namespace"": ""biological_process"", ""evidence"": ""IDA""}, {""go_id"": ""GO:0031398"", ""term_name"": ""positive regulation of protein ubiquitination"", ""namespace"": ""biological_process"", ""evidence"": ""IDA""}, {""go_id"": ""GO:0002092"", ""term_name"": ""positive regulation of receptor internalization"", ""namespace"": ""biological_process"", ""evidence"": ""IDA""}, {""go_id"": ""GO:0034394"", ""term_name"": ""protein localization to cell surface"", ""namespace"": ""biological_process"", ""evidence"": ""IDA""}, {""go_id"": ""GO:0014842"", ""term_name"": ""regulation of skeletal muscle satellite cell proliferation"", ""namespace"": ""biological_process"", ""evidence"": ""IDA""}, {""go_id"": ""GO:0002040"", ""term_name"": ""sprouting angiogenesis"", ""namespace"": ""biological_process"", ""evidence"": ""IDA""}, {""go_id"": ""GO:0048014"", ""term_name"": ""Tie signaling pathway"", ""namespace"": ""biological_process"", ""evidence"": ""IDA""}]"
Q96JP9,CDHR1_HUMAN,CDHR1,human,Homo sapiens (Human).,RecName: Full=Cadherin-related family member 1 {ECO:0000305}; AltName: Full=Photoreceptor cadherin; Short=prCAD; AltName: Full=Protocadherin-21; Flags: Precursor;,Potential calcium-dependent cell-adhesion protein. May be required for the structural integrity of the outer segment (OS) of photoreceptor cells (By similarity). {ECO:0000250}.,3,,GO:0045494|photoreceptor cell maintenance; GO:0008594|photoreceptor cell morphogenesis; GO:0035845|photoreceptor cell outer segment organization,,"[{""go_id"": ""GO:0045494"", ""term_name"": ""photoreceptor cell maintenance"", ""namespace"": ""biological_process"", ""evidence"": ""IMP""}, {""go_id"": ""GO:0008594"", ""term_name"": ""photoreceptor cell morphogenesis"", ""namespace"": ""biological_process"", ""evidence"": ""IMP""}, {""go_id"": ""GO:0035845"", ""term_name"": ""photoreceptor cell outer segment organization"", ""namespace"": ""biological_process"", ""evidence"": ""IMP""}]"
P41250,GARS_HUMAN,GARS,human,Homo sapiens (Human).,"RecName: Full=Glycine--tRNA ligase; EC=6.1.1.14 {ECO:0000269|PubMed:17544401, ECO:0000269|PubMed:24898252, ECO:0000269|PubMed:28675565}; AltName: Full=Diadenosine tetraphosphate synthetase {ECO:0000305|PubMed:19710017}; Short=Ap4A synthetase {ECO:0000305|PubMed:19710017}; EC=2.7.7.- {ECO:0000269|PubMed:19710017}; AltName: Full=Glycyl-tRNA synthetase {ECO:0000303|PubMed:19710017}; Short=GlyRS {ECO:0000303|PubMed:19710017}; AltName: Full=Glycyl-tRNA synthetase 1 {ECO:0000312|HGNC:HGNC:4162}; Flags: Precursor;","Catalyzes the ATP-dependent ligation of glycine to the 3'-end of its cognate tRNA, via the formation of an aminoacyl-adenylate intermediate (Gly-AMP) (PubMed:17544401, PubMed:24898252, PubMed:28675565). Also produces diadenosine tetraphosphate (Ap4A), a universal pleiotropic signaling molecule needed for cell regulation pathways, by direct condensation of 2 ATPs. Thereby, may play a special role in Ap4A homeostasis (PubMed:19710017). {ECO:0000269|PubMed:17544401, ECO:0000269|PubMed:19710017, ECO:0000269|PubMed:24898252, ECO:0000269|PubMed:28675565}.",8,GO:0004081|bis(5'-nucleosyl)-tetraphosphatase (asymmetrical) activity; GO:0004820|glycine-tRNA ligase activity; GO:0042802|identical protein binding; GO:0046983|protein dimerization activity,GO:0015966|diadenosine tetraphosphate biosynthetic process; GO:0006418|tRNA aminoacylation for protein translation,GO:0030424|axon; GO:0005829|cytosol,"[{""go_id"": ""GO:0030424"", ""term_name"": ""axon"", ""namespace"": ""cellular_component"", ""evidence"": ""IDA""}, {""go_id"": ""GO:0005829"", ""term_name"": ""cytosol"", ""namespace"": ""cellular_component"", ""evidence"": ""IDA""}, {""go_id"": ""GO:0004081"", ""term_name"": ""bis(5'-nucleosyl)-tetraphosphatase (asymmetrical) activity"", ""namespace"": ""molecular_function"", ""evidence"": ""IDA""}, {""go_id"": ""GO:0004820"", ""term_name"": ""glycine-tRNA ligase activity"", ""namespace"": ""molecular_function"", ""evidence"": ""IDA""}, {""go_id"": ""GO:0042802"", ""term_name"": ""identical protein binding"", ""namespace"": ""molecular_function"", ""evidence"": ""IPI""}, {""go_id"": ""GO:0046983"", ""term_name"": ""protein dimerization activity"", ""namespace"": ""molecular_function"", ""evidence"": ""IDA""}, {""go_id"": ""GO:0015966"", ""term_name"": ""diadenosine tetraphosphate biosynthetic process"", ""namespace"": ""biological_process"", ""evidence"": ""IDA""}, {""go_id"": ""GO:0006418"", ""term_name"": ""tRNA aminoacylation for protein translation"", ""namespace"": ""biological_process"", ""evidence"": ""IMP""}]"
Q6ZVE7,GOT1A_HUMAN,GOT1A,human,Homo sapiens (Human).,RecName: Full=Vesicle transport protein GOT1A; AltName: Full=Golgi transport 1 homolog A; AltName: Full=hGOT1b;,May be involved in fusion of ER-derived transport vesicles with the Golgi complex. {ECO:0000269|PubMed:10406798}.,4,,,GO:0005783|endoplasmic reticulum; GO:0000137|Golgi cis cisterna; GO:0005635|nuclear envelope; GO:0005802|trans-Golgi network,"[{""go_id"": ""GO:0005783"", ""term_name"": ""endoplasmic reticulum"", ""namespace"": ""cellular_component"", ""evidence"": ""IDA""}, {""go_id"": ""GO:0000137"", ""term_name"": ""Golgi cis cisterna"", ""namespace"": ""cellular_component"", ""evidence"": ""IDA""}, {""go_id"": ""GO:0005635"", ""term_name"": ""nuclear envelope"", ""namespace"": ""cellular_component"", ""evidence"": ""IDA""}, {""go_id"": ""GO:0005802"", ""term_name"": ""trans-Golgi network"", ""namespace"": ""cellular_component"", ""evidence"": ""IDA""}]"
P62847,RS24_HUMAN,RS24,human,Homo sapiens (Human).,RecName: Full=Small ribosomal subunit protein eS24 {ECO:0000303|PubMed:24524803}; AltName: Full=40S ribosomal protein S24;,"Component of the small ribosomal subunit (PubMed:23636399). The ribosome is a large ribonucleoprotein complex responsible for the synthesis of proteins in the cell (PubMed:23636399). Required for processing of pre-rRNA and maturation of 40S ribosomal subunits (PubMed:18230666). Part of the small subunit (SSU) processome, first precursor of the small eukaryotic ribosomal subunit. During the assembly of the SSU processome in the nucleolus, many ribosome biogenesis factors, an RNA chaperone and ribosomal proteins associate with the nascent pre-rRNA and work in concert to generate RNA folding, modifications, rearrangements and cleavage as well as targeted degradation of pre-ribosomal RNA by the RNA exosome (PubMed:34516797). {ECO:0000269|PubMed:18230666, ECO:0000269|PubMed:23636399, ECO:0000269|PubMed:34516797}.",13,GO:0003723|RNA binding; GO:0003735|structural constituent of ribosome,GO:0034101|erythrocyte homeostasis; GO:0042274|ribosomal small subunit biogenesis; GO:0006364|rRNA processing,GO:0005829|cytosol; GO:0022626|cytosolic ribosome; GO:0022627|cytosolic small ribosomal subunit; GO:0005783|endoplasmic reticulum; GO:0016020|membrane; GO:0005634|nucleus; GO:0015935|small ribosomal subunit; GO:0032040|small-subunit processome,"[{""go_id"": ""GO:0005829"", ""term_name"": ""cytosol"", ""namespace"": ""cellular_component"", ""evidence"": ""IDA""}, {""go_id"": ""GO:0022626"", ""term_name"": ""cytosolic ribosome"", ""namespace"": ""cellular_component"", ""evidence"": ""IDA""}, {""go_id"": ""GO:0022627"", ""term_name"": ""cytosolic small ribosomal subunit"", ""namespace"": ""cellular_component"", ""evidence"": ""IDA""}, {""go_id"": ""GO:0005783"", ""term_name"": ""endoplasmic reticulum"", ""namespace"": ""cellular_component"", ""evidence"": ""IDA""}, {""go_id"": ""GO:0016020"", ""term_name"": ""membrane"", ""namespace"": ""cellular_component"", ""evidence"": ""HDA""}, {""go_id"": ""GO:0005634"", ""term_name"": ""nucleus"", ""namespace"": ""cellular_component"", ""evidence"": ""HDA""}, {""go_id"": ""GO:0015935"", ""term_name"": ""small ribosomal subunit"", ""namespace"": ""cellular_component"", ""evidence"": ""HDA""}, {""go_id"": ""GO:0032040"", ""term_name"": ""small-subunit processome"", ""namespace"": ""cellular_component"", ""evidence"": ""IDA""}, {""go_id"": ""GO:0003723"", ""term_name"": ""RNA binding"", ""namespace"": ""molecular_function"", ""evidence"": ""HDA""}, {""go_id"": ""GO:0003735"", ""term_name"": ""structural constituent of ribosome"", ""namespace"": ""molecular_function"", ""evidence"": ""IDA""}, {""go_id"": ""GO:0034101"", ""term_name"": ""erythrocyte homeostasis"", ""namespace"": ""biological_process"", ""evidence"": ""IMP""}, {""go_id"": ""GO:0042274"", ""term_name"": ""ribosomal small subunit biogenesis"", ""namespace"": ""biological_process"", ""evidence"": ""IDA""}, {""go_id"": ""GO:0006364"", ""term_name"": ""rRNA processing"", ""namespace"": ""biological_process"", ""evidence"": ""IMP""}]"
Q9H0C3,TM117_HUMAN,TM117,human,Homo sapiens (Human).,RecName: Full=Transmembrane protein 117;,Involved in endoplasmic reticulum (ER) stress-induced cell death pathway. {ECO:0000269|PubMed:28285135}.,3,,GO:0070059|intrinsic apoptotic signaling pathway in response to endoplasmic reticulum stress,GO:0005783|endoplasmic reticulum; GO:0005886|plasma membrane,"[{""go_id"": ""GO:0005783"", ""term_name"": ""endoplasmic reticulum"", ""namespace"": ""cellular_component"", ""evidence"": ""IDA""}, {""go_id"": ""GO:0005886"", ""term_name"": ""plasma membrane"", ""namespace"": ""cellular_component"", ""evidence"": ""IDA""}, {""go_id"": ""GO:0070059"", ""term_name"": ""intrinsic apoptotic signaling pathway in response to endoplasmic reticulum stress"", ""namespace"": ""biological_process"", ""evidence"": ""IMP""}]"
Q6ZNB7,ALKMO_HUMAN,ALKMO,human,Homo sapiens (Human).,RecName: Full=Alkylglycerol monooxygenase; EC=1.14.16.5 {ECO:0000269|PubMed:20643956}; AltName: Full=Transmembrane protein 195;,Glyceryl-ether monooxygenase that cleaves the O-alkyl bond of ether lipids. Ether lipids are essential components of brain membranes. {ECO:0000269|PubMed:20643956}.,5,GO:0050479|glyceryl-ether monooxygenase activity; GO:0005506|iron ion binding,GO:0046485|ether lipid metabolic process; GO:0006643|membrane lipid metabolic process,GO:0005783|endoplasmic reticulum,"[{""go_id"": ""GO:0005783"", ""term_name"": ""endoplasmic reticulum"", ""namespace"": ""cellular_component"", ""evidence"": ""IDA""}, {""go_id"": ""GO:0050479"", ""term_name"": ""glyceryl-ether monooxygenase activity"", ""namespace"": ""molecular_function"", ""evidence"": ""IDA""}, {""go_id"": ""GO:0005506"", ""term_name"": ""iron ion binding"", ""namespace"": ""molecular_function"", ""evidence"": ""IMP""}, {""go_id"": ""GO:0046485"", ""term_name"": ""ether lipid metabolic process"", ""namespace"": ""biological_process"", ""evidence"": ""IDA""}, {""go_id"": ""GO:0006643"", ""term_name"": ""membrane lipid metabolic process"", ""namespace"": ""biological_process"", ""evidence"": ""IDA""}]"
O43609,SPY1_HUMAN,SPY1,human,Homo sapiens (Human).,RecName: Full=Protein sprouty homolog 1; Short=Spry-1;,"Inhibits fibroblast growth factor (FGF)-induced retinal lens fiber differentiation, probably by inhibiting FGF-mediated phosphorylation of ERK1/2 (By similarity). Inhibits TGFB-induced epithelial-to-mesenchymal transition in lens epithelial cells (By similarity). {ECO:0000250|UniProtKB:Q9QXV9}.",4,,GO:0040037|negative regulation of fibroblast growth factor receptor signaling pathway,GO:0005829|cytosol; GO:0005794|Golgi apparatus; GO:0005654|nucleoplasm,"[{""go_id"": ""GO:0005829"", ""term_name"": ""cytosol"", ""namespace"": ""cellular_component"", ""evidence"": ""IDA""}, {""go_id"": ""GO:0005794"", ""term_name"": ""Golgi apparatus"", ""namespace"": ""cellular_component"", ""evidence"": ""IDA""}, {""go_id"": ""GO:0005654"", ""term_name"": ""nucleoplasm"", ""namespace"": ""cellular_component"", ""evidence"": ""IDA""}, {""go_id"": ""GO:0040037"", ""term_name"": ""negative regulation of fibroblast growth factor receptor signaling pathway"", ""namespace"": ""biological_process"", ""evidence"": ""IMP""}]"
P0C2W1,FBSP1_HUMAN,FBSP1,human,Homo sapiens (Human).,RecName: Full=F-box/SPRY domain-containing protein 1; AltName: Full=F-box only protein 45; Short=hFbxo45;,"Component of E3 ubiquitin ligase complex consisting of FBXO45, MYCBP2 and SKP1 (PubMed:29997255). Functions in substrate recognition but also plays an important role in assembly of the complex (PubMed:29997255). Required for normal neuromuscular synaptogenesis, axon pathfinding and neuronal migration (By similarity). Regulates neuron migration during brain development through interaction with N- cadherin/CDH2 after secretion via a non-classical mechanism (By similarity). Plays a role in the regulation of neurotransmission at mature neurons (By similarity). May control synaptic activity by controlling UNC13A via ubiquitin dependent pathway (By similarity). Specifically recognizes TP73, promoting its ubiquitination and degradation. Polyubiquitinates NMNAT2, an adenylyltransferase that acts as an axon maintenance factor, and regulates its stability and degradation by the proteasome (PubMed:29997255). Also acts by ubiquitinating FBXW7 during prolonged mitotic arrest and promotes FBXW7 proteasomal degradation (PubMed:31285543). Induces subsequently an increase in mitotic slippage and prevents mitotic cell death (PubMed:31285543). In response to influenza infection, mediates interferon-lambda receptor IFNLR1 polyubiquitination and degradation through the ubiquitin-proteasome system by docking with its intracellular receptor domain (PubMed:36379255). {ECO:0000250|UniProtKB:P0CH38, ECO:0000250|UniProtKB:Q8K3B1, ECO:0000269|PubMed:19581926, ECO:0000269|PubMed:29997255, ECO:0000269|PubMed:31285543, ECO:0000269|PubMed:36379255}.",8,GO:1990756|ubiquitin-like ligase-substrate adaptor activity,GO:0006974|DNA damage response; GO:0070936|protein K48-linked ubiquitination; GO:0016567|protein ubiquitination; GO:0006511|ubiquitin-dependent protein catabolic process,GO:0005829|cytosol; GO:0005654|nucleoplasm; GO:0005886|plasma membrane,"[{""go_id"": ""GO:0005829"", ""term_name"": ""cytosol"", ""namespace"": ""cellular_component"", ""evidence"": ""IDA""}, {""go_id"": ""GO:0005654"", ""term_name"": ""nucleoplasm"", ""namespace"": ""cellular_component"", ""evidence"": ""IDA""}, {""go_id"": ""GO:0005886"", ""term_name"": ""plasma membrane"", ""namespace"": ""cellular_component"", ""evidence"": ""IDA""}, {""go_id"": ""GO:1990756"", ""term_name"": ""ubiquitin-like ligase-substrate adaptor activity"", ""namespace"": ""molecular_function"", ""evidence"": ""IDA""}, {""go_id"": ""GO:0006974"", ""term_name"": ""DNA damage response"", ""namespace"": ""biological_process"", ""evidence"": ""IDA""}, {""go_id"": ""GO:0070936"", ""term_name"": ""protein K48-linked ubiquitination"", ""namespace"": ""biological_process"", ""evidence"": ""IDA""}, {""go_id"": ""GO:0016567"", ""term_name"": ""protein ubiquitination"", ""namespace"": ""biological_process"", ""evidence"": ""IDA""}, {""go_id"": ""GO:0006511"", ""term_name"": ""ubiquitin-dependent protein catabolic process"", ""namespace"": ""biological_process"", ""evidence"": ""IDA""}]"
P04004,VTNC_HUMAN,VTNC,human,Homo sapiens (Human).,RecName: Full=Vitronectin; Short=VN; AltName: Full=S-protein; AltName: Full=Serum-spreading factor; AltName: Full=V75; Contains: RecName: Full=Vitronectin V65 subunit; Contains: RecName: Full=Vitronectin V10 subunit; Contains: RecName: Full=Somatomedin-B; Flags: Precursor;,Vitronectin is a cell adhesion and spreading factor found in serum and tissues. Vitronectin interact with glycosaminoglycans and proteoglycans. Is recognized by certain members of the integrin family and serves as a cell-to-substrate adhesion molecule. Inhibitor of the membrane-damaging effect of the terminal cytolytic complement pathway.,22,GO:0005178|integrin binding,GO:0033627|cell adhesion mediated by integrin; GO:0016477|cell migration; GO:0007160|cell-matrix adhesion; GO:0035987|endodermal cell differentiation; GO:0007229|integrin-mediated signaling pathway; GO:0030195|negative regulation of blood coagulation; GO:0045861|negative regulation of proteolysis; GO:2001046|positive regulation of integrin-mediated signaling pathway; GO:0048260|positive regulation of receptor-mediated endocytosis; GO:0014911|positive regulation of smooth muscle cell migration; GO:1900748|positive regulation of vascular endothelial growth factor signaling pathway; GO:0030155|regulation of cell adhesion; GO:0061302|smooth muscle cell-matrix adhesion,GO:0072562|blood microparticle; GO:0005783|endoplasmic reticulum; GO:0070062|extracellular exosome; GO:0031012|extracellular matrix; GO:0005576|extracellular region; GO:0005615|extracellular space; GO:1904090|peptidase inhibitor complex; GO:0098637|protein complex involved in cell-matrix adhesion,"[{""go_id"": ""GO:0072562"", ""term_name"": ""blood microparticle"", ""namespace"": ""cellular_component"", ""evidence"": ""HDA""}, {""go_id"": ""GO:0005783"", ""term_name"": ""endoplasmic reticulum"", ""namespace"": ""cellular_component"", ""evidence"": ""IDA""}, {""go_id"": ""GO:0070062"", ""term_name"": ""extracellular exosome"", ""namespace"": ""cellular_component"", ""evidence"": ""HDA""}, {""go_id"": ""GO:0031012"", ""term_name"": ""extracellular matrix"", ""namespace"": ""cellular_component"", ""evidence"": ""IDA""}, {""go_id"": ""GO:0005576"", ""term_name"": ""extracellular region"", ""namespace"": ""cellular_component"", ""evidence"": ""HDA""}, {""go_id"": ""GO:0005615"", ""term_name"": ""extracellular space"", ""namespace"": ""cellular_component"", ""evidence"": ""IDA""}, {""go_id"": ""GO:1904090"", ""term_name"": ""peptidase inhibitor complex"", ""namespace"": ""cellular_component"", ""evidence"": ""IPI""}, {""go_id"": ""GO:0098637"", ""term_name"": ""protein complex involved in cell-matrix adhesion"", ""namespace"": ""cellular_component"", ""evidence"": ""IPI""}, {""go_id"": ""GO:0005178"", ""term_name"": ""integrin binding"", ""namespace"": ""molecular_function"", ""evidence"": ""IDA""}, {""go_id"": ""GO:0033627"", ""term_name"": ""cell adhesion mediated by integrin"", ""namespace"": ""biological_process"", ""evidence"": ""IDA""}, {""go_id"": ""GO:0016477"", ""term_name"": ""cell migration"", ""namespace"": ""biological_process"", ""evidence"": ""IGI""}, {""go_id"": ""GO:0007160"", ""term_name"": ""cell-matrix adhesion"", ""namespace"": ""biological_process"", ""evidence"": ""IDA""}, {""go_id"": ""GO:0035987"", ""term_name"": ""endodermal cell differentiation"", ""namespace"": ""biological_process"", ""evidence"": ""IDA""}, {""go_id"": ""GO:0007229"", ""term_name"": ""integrin-mediated signaling pathway"", ""namespace"": ""biological_process"", ""evidence"": ""IMP""}, {""go_id"": ""GO:0030195"", ""term_name"": ""negative regulation of blood coagulation"", ""namespace"": ""biological_process"", ""evidence"": ""IDA""}, {""go_id"": ""GO:0045861"", ""term_name"": ""negative regulation of proteolysis"", ""namespace"": ""biological_process"", ""evidence"": ""IDA""}, {""go_id"": ""GO:2001046"", ""term_name"": ""positive regulation of integrin-mediated signaling pathway"", ""namespace"": ""biological_process"", ""evidence"": ""IMP""}, {""go_id"": ""GO:0048260"", ""term_name"": ""positive regulation of receptor-mediated endocytosis"", ""namespace"": ""biological_process"", ""evidence"": ""IDA""}, {""go_id"": ""GO:0014911"", ""term_name"": ""positive regulation of smooth muscle cell migration"", ""namespace"": ""biological_process"", ""evidence"": ""IDA""}, {""go_id"": ""GO:1900748"", ""term_name"": ""positive regulation of vascular endothelial growth factor signaling pathway"", ""namespace"": ""biological_process"", ""evidence"": ""IDA""}, {""go_id"": ""GO:0030155"", ""term_name"": ""regulation of cell adhesion"", ""namespace"": ""biological_process"", ""evidence"": ""IDA""}, {""go_id"": ""GO:0061302"", ""term_name"": ""smooth muscle cell-matrix adhesion"", ""namespace"": ""biological_process"", ""evidence"": ""IDA""}]"
Q14BN4,SLMAP_HUMAN,SLMAP,human,Homo sapiens (Human).,RecName: Full=Sarcolemmal membrane-associated protein {ECO:0000305}; Short=Sarcolemmal-associated protein;,"Associates with the striatin-interacting phosphatase and kinase (STRIPAK) core complex, forming the extended (SIKE1:SLMAP)STRIPAK complex (PubMed:29063833, PubMed:30622739). The (SIKE1:SLMAP)STRIPAK complex dephosphorylates STK3 leading to the inhibition of Hippo signaling and the control of cell growth (PubMed:29063833, PubMed:30622739). May play a role during myoblast fusion (By similarity). {ECO:0000250|UniProtKB:Q3URD3, ECO:0000269|PubMed:29063833, ECO:0000269|PubMed:30622739}.",7,GO:0030674|protein-macromolecule adaptor activity,GO:0035331|negative regulation of hippo signaling; GO:0072659|protein localization to plasma membrane; GO:1900825|regulation of membrane depolarization during cardiac muscle cell action potential; GO:1902305|regulation of sodium ion transmembrane transport,GO:0005737|cytoplasm; GO:0090443|FAR/SIN/STRIPAK complex,"[{""go_id"": ""GO:0005737"", ""term_name"": ""cytoplasm"", ""namespace"": ""cellular_component"", ""evidence"": ""IDA""}, {""go_id"": ""GO:0090443"", ""term_name"": ""FAR/SIN/STRIPAK complex"", ""namespace"": ""cellular_component"", ""evidence"": ""IDA""}, {""go_id"": ""GO:0030674"", ""term_name"": ""protein-macromolecule adaptor activity"", ""namespace"": ""molecular_function"", ""evidence"": ""IDA""}, {""go_id"": ""GO:0035331"", ""term_name"": ""negative regulation of hippo signaling"", ""namespace"": ""biological_process"", ""evidence"": ""IDA""}, {""go_id"": ""GO:0072659"", ""term_name"": ""protein localization to plasma membrane"", ""namespace"": ""biological_process"", ""evidence"": ""IMP""}, {""go_id"": ""GO:1900825"", ""term_name"": ""regulation of membrane depolarization during cardiac muscle cell action potential"", ""namespace"": ""biological_process"", ""evidence"": ""IMP""}, {""go_id"": ""GO:1902305"", ""term_name"": ""regulation of sodium ion transmembrane transport"", ""namespace"": ""biological_process"", ""evidence"": ""IMP""}]"
Q96QU1,PCD15_HUMAN,PCD15,human,Homo sapiens (Human).,RecName: Full=Protocadherin-15; Flags: Precursor;,Calcium-dependent cell-adhesion protein. Essential for maintenance of normal retinal and cochlear function.,7,,GO:0050957|equilibrioception; GO:0045494|photoreceptor cell maintenance; GO:0050953|sensory perception of light stimulus; GO:0007605|sensory perception of sound,GO:0005615|extracellular space; GO:0001750|photoreceptor outer segment; GO:0045202|synapse,"[{""go_id"": ""GO:0005615"", ""term_name"": ""extracellular space"", ""namespace"": ""cellular_component"", ""evidence"": ""IDA""}, {""go_id"": ""GO:0001750"", ""term_name"": ""photoreceptor outer segment"", ""namespace"": ""cellular_component"", ""evidence"": ""IDA""}, {""go_id"": ""GO:0045202"", ""term_name"": ""synapse"", ""namespace"": ""cellular_component"", ""evidence"": ""IDA""}, {""go_id"": ""GO:0050957"", ""term_name"": ""equilibrioception"", ""namespace"": ""biological_process"", ""evidence"": ""IMP""}, {""go_id"": ""GO:0045494"", ""term_name"": ""photoreceptor cell maintenance"", ""namespace"": ""biological_process"", ""evidence"": ""IMP""}, {""go_id"": ""GO:0050953"", ""term_name"": ""sensory perception of light stimulus"", ""namespace"": ""biological_process"", ""evidence"": ""IMP""}, {""go_id"": ""GO:0007605"", ""term_name"": ""sensory perception of sound"", ""namespace"": ""biological_process"", ""evidence"": ""IMP""}]"
Q9H0R5,GBP3_HUMAN,GBP3,human,Homo sapiens (Human).,RecName: Full=Guanylate-binding protein 3; EC=3.6.5.- {ECO:0000250|UniProtKB:Q61107}; AltName: Full=GTP-binding protein 3; Short=GBP-3; AltName: Full=Guanine nucleotide-binding protein 3;,"Interferon (IFN)-inducible GTPase that plays important roles in innate immunity against a diverse range of bacterial, viral and protozoan pathogens (PubMed:22106366). Hydrolyzes GTP very efficiently; GDP rather than GMP is the major reaction product (By similarity). Following infection, recruited to the pathogen-containing vacuoles or vacuole-escaped bacteria and acts as a positive regulator of inflammasome assembly by promoting the release of inflammasome ligands from bacteria (By similarity). Acts by promoting lysis of pathogen- containing vacuoles, releasing pathogens into the cytosol (By similarity). Following pathogen release in the cytosol, promotes recruitment of proteins that mediate bacterial cytolysis: this liberates ligands that are detected by inflammasomes, such as lipopolysaccharide (LPS) that activates the non-canonical CASP4/CASP11 inflammasome or double-stranded DNA (dsDNA) that activates the AIM2 inflammasome (By similarity). Exhibits antiviral activity against influenza virus (PubMed:22106366). {ECO:0000250|UniProtKB:Q61107, ECO:0000269|PubMed:22106366}.",6,GO:0042802|identical protein binding; GO:0042803|protein homodimerization activity,GO:0071347|cellular response to interleukin-1; GO:0071356|cellular response to tumor necrosis factor,GO:0005737|cytoplasm; GO:0005829|cytosol,"[{""go_id"": ""GO:0005737"", ""term_name"": ""cytoplasm"", ""namespace"": ""cellular_component"", ""evidence"": ""IDA""}, {""go_id"": ""GO:0005829"", ""term_name"": ""cytosol"", ""namespace"": ""cellular_component"", ""evidence"": ""IDA""}, {""go_id"": ""GO:0042802"", ""term_name"": ""identical protein binding"", ""namespace"": ""molecular_function"", ""evidence"": ""IPI""}, {""go_id"": ""GO:0042803"", ""term_name"": ""protein homodimerization activity"", ""namespace"": ""molecular_function"", ""evidence"": ""IDA""}, {""go_id"": ""GO:0071347"", ""term_name"": ""cellular response to interleukin-1"", ""namespace"": ""biological_process"", ""evidence"": ""IEP""}, {""go_id"": ""GO:0071356"", ""term_name"": ""cellular response to tumor necrosis factor"", ""namespace"": ""biological_process"", ""evidence"": ""IEP""}]"
P50336,PPOX_HUMAN,PPOX,human,Homo sapiens (Human).,"RecName: Full=Protoporphyrinogen oxidase; Short=PPO; EC=1.3.3.4 {ECO:0000269|PubMed:21048046, ECO:0000269|PubMed:23467411};","Catalyzes the 6-electron oxidation of protoporphyrinogen-IX to form protoporphyrin-IX. {ECO:0000269|PubMed:21048046, ECO:0000269|PubMed:23467411, ECO:0000269|PubMed:7713909}.",5,GO:0004729|oxygen-dependent protoporphyrinogen oxidase activity,GO:0006785|heme B biosynthetic process; GO:0006783|heme biosynthetic process; GO:0006779|porphyrin-containing compound biosynthetic process,GO:0031966|mitochondrial membrane,"[{""go_id"": ""GO:0031966"", ""term_name"": ""mitochondrial membrane"", ""namespace"": ""cellular_component"", ""evidence"": ""IMP""}, {""go_id"": ""GO:0004729"", ""term_name"": ""oxygen-dependent protoporphyrinogen oxidase activity"", ""namespace"": ""molecular_function"", ""evidence"": ""IDA""}, {""go_id"": ""GO:0006785"", ""term_name"": ""heme B biosynthetic process"", ""namespace"": ""biological_process"", ""evidence"": ""IDA""}, {""go_id"": ""GO:0006783"", ""term_name"": ""heme biosynthetic process"", ""namespace"": ""biological_process"", ""evidence"": ""IDA""}, {""go_id"": ""GO:0006779"", ""term_name"": ""porphyrin-containing compound biosynthetic process"", ""namespace"": ""biological_process"", ""evidence"": ""IDA""}]"
Q13569,TDG_HUMAN,TDG,human,Homo sapiens (Human).,RecName: Full=G/T mismatch-specific thymine DNA glycosylase; EC=3.2.2.29; AltName: Full=Thymine-DNA glycosylase; Short=hTDG;,"DNA glycosylase that plays a key role in active DNA demethylation: specifically recognizes and binds 5-formylcytosine (5fC) and 5-carboxylcytosine (5caC) in the context of CpG sites and mediates their excision through base-excision repair (BER) to install an unmethylated cytosine. Cannot remove 5-hydroxymethylcytosine (5hmC). According to an alternative model, involved in DNA demethylation by mediating DNA glycolase activity toward 5-hydroxymethyluracil (5hmU) produced by deamination of 5hmC. Also involved in DNA repair by acting as a thymine-DNA glycosylase that mediates correction of G/T mispairs to G/C pairs: in the DNA of higher eukaryotes, hydrolytic deamination of 5-methylcytosine to thymine leads to the formation of G/T mismatches. Its role in the repair of canonical base damage is however minor compared to its role in DNA demethylation. It is capable of hydrolyzing the carbon-nitrogen bond between the sugar-phosphate backbone of the DNA and a mispaired thymine. In addition to the G/T, it can remove thymine also from C/T and T/T mispairs in the order G/T >> C/T > T/T. It has no detectable activity on apyrimidinic sites and does not catalyze the removal of thymine from A/T pairs or from single- stranded DNA. It can also remove uracil and 5-bromouracil from mispairs with guanine. {ECO:0000269|PubMed:21862836, ECO:0000269|PubMed:22327402, ECO:0000269|PubMed:22573813, ECO:0000269|PubMed:22962365, ECO:0000269|PubMed:8127859, ECO:0000269|PubMed:8407958, ECO:0000269|PubMed:8662714}.",16,GO:0005524|ATP binding; GO:0031404|chloride ion binding; GO:0019104|DNA N-glycosylase activity; GO:0003690|double-stranded DNA binding; GO:0043739|G/U mismatch-specific uracil-DNA glycosylase activity; GO:0000287|magnesium ion binding; GO:0030983|mismatched DNA binding; GO:0003676|nucleic acid binding; GO:0008263|pyrimidine-specific mismatch base pair DNA N-glycosylase activity; GO:0031402|sodium ion binding; GO:0032183|SUMO binding; GO:0004844|uracil DNA N-glycosylase activity,GO:0006284|base-excision repair,GO:0005654|nucleoplasm; GO:0005634|nucleus; GO:0005886|plasma membrane,"[{""go_id"": ""GO:0005654"", ""term_name"": ""nucleoplasm"", ""namespace"": ""cellular_component"", ""evidence"": ""IDA""}, {""go_id"": ""GO:0005634"", ""term_name"": ""nucleus"", ""namespace"": ""cellular_component"", ""evidence"": ""IDA""}, {""go_id"": ""GO:0005886"", ""term_name"": ""plasma membrane"", ""namespace"": ""cellular_component"", ""evidence"": ""IDA""}, {""go_id"": ""GO:0005524"", ""term_name"": ""ATP binding"", ""namespace"": ""molecular_function"", ""evidence"": ""IDA""}, {""go_id"": ""GO:0031404"", ""term_name"": ""chloride ion binding"", ""namespace"": ""molecular_function"", ""evidence"": ""IDA""}, {""go_id"": ""GO:0019104"", ""term_name"": ""DNA N-glycosylase activity"", ""namespace"": ""molecular_function"", ""evidence"": ""IDA""}, {""go_id"": ""GO:0003690"", ""term_name"": ""double-stranded DNA binding"", ""namespace"": ""molecular_function"", ""evidence"": ""IDA""}, {""go_id"": ""GO:0043739"", ""term_name"": ""G/U mismatch-specific uracil-DNA glycosylase activity"", ""namespace"": ""molecular_function"", ""evidence"": ""IMP""}, {""go_id"": ""GO:0000287"", ""term_name"": ""magnesium ion binding"", ""namespace"": ""molecular_function"", ""evidence"": ""IDA""}, {""go_id"": ""GO:0030983"", ""term_name"": ""mismatched DNA binding"", ""namespace"": ""molecular_function"", ""evidence"": ""IDA""}, {""go_id"": ""GO:0003676"", ""term_name"": ""nucleic acid binding"", ""namespace"": ""molecular_function"", ""evidence"": ""EXP""}, {""go_id"": ""GO:0008263"", ""term_name"": ""pyrimidine-specific mismatch base pair DNA N-glycosylase activity"", ""namespace"": ""molecular_function"", ""evidence"": ""IDA""}, {""go_id"": ""GO:0031402"", ""term_name"": ""sodium ion binding"", ""namespace"": ""molecular_function"", ""evidence"": ""IDA""}, {""go_id"": ""GO:0032183"", ""term_name"": ""SUMO binding"", ""namespace"": ""molecular_function"", ""evidence"": ""IPI""}, {""go_id"": ""GO:0004844"", ""term_name"": ""uracil DNA N-glycosylase activity"", ""namespace"": ""molecular_function"", ""evidence"": ""IDA""}, {""go_id"": ""GO:0006284"", ""term_name"": ""base-excision repair"", ""namespace"": ""biological_process"", ""evidence"": ""IDA""}]"
Q9NXR8,ING3_HUMAN,ING3,human,Homo sapiens (Human).,RecName: Full=Inhibitor of growth protein 3; AltName: Full=p47ING3;,"Component of the NuA4 histone acetyltransferase (HAT) complex which is involved in transcriptional activation of select genes principally by acetylation of nucleosomal histones H4 and H2A. This modification may both alter nucleosome - DNA interactions and promote interaction of the modified histones with other proteins which positively regulate transcription. This complex may be required for the activation of transcriptional programs associated with oncogene and proto-oncogene mediated growth induction, tumor suppressor mediated growth arrest and replicative senescence, apoptosis, and DNA repair. NuA4 may also play a direct role in DNA repair when directly recruited to sites of DNA damage. Component of a SWR1-like complex that specifically mediates the removal of histone H2A.Z/H2AZ1 from the nucleosome. {ECO:0000269|PubMed:12545155, ECO:0000269|PubMed:14966270, ECO:0000269|PubMed:24463511}.",12,GO:0140002|histone H3K4me3 reader activity; GO:0043997|histone H4K12 acetyltransferase activity; GO:0046972|histone H4K16 acetyltransferase activity; GO:0043995|histone H4K5 acetyltransferase activity; GO:0043996|histone H4K8 acetyltransferase activity,GO:1905168|positive regulation of double-strand break repair via homologous recombination; GO:0051726|regulation of cell cycle,GO:0035267|NuA4 histone acetyltransferase complex; GO:0005654|nucleoplasm; GO:0000786|nucleosome; GO:0032777|piccolo histone acetyltransferase complex; GO:0000812|Swr1 complex,"[{""go_id"": ""GO:0035267"", ""term_name"": ""NuA4 histone acetyltransferase complex"", ""namespace"": ""cellular_component"", ""evidence"": ""IDA""}, {""go_id"": ""GO:0005654"", ""term_name"": ""nucleoplasm"", ""namespace"": ""cellular_component"", ""evidence"": ""IDA""}, {""go_id"": ""GO:0000786"", ""term_name"": ""nucleosome"", ""namespace"": ""cellular_component"", ""evidence"": ""IDA""}, {""go_id"": ""GO:0032777"", ""term_name"": ""piccolo histone acetyltransferase complex"", ""namespace"": ""cellular_component"", ""evidence"": ""IDA""}, {""go_id"": ""GO:0000812"", ""term_name"": ""Swr1 complex"", ""namespace"": ""cellular_component"", ""evidence"": ""IDA""}, {""go_id"": ""GO:0140002"", ""term_name"": ""histone H3K4me3 reader activity"", ""namespace"": ""molecular_function"", ""evidence"": ""IDA""}, {""go_id"": ""GO:0043997"", ""term_name"": ""histone H4K12 acetyltransferase activity"", ""namespace"": ""molecular_function"", ""evidence"": ""IDA""}, {""go_id"": ""GO:0046972"", ""term_name"": ""histone H4K16 acetyltransferase activity"", ""namespace"": ""molecular_function"", ""evidence"": ""IDA""}, {""go_id"": ""GO:0043995"", ""term_name"": ""histone H4K5 acetyltransferase activity"", ""namespace"": ""molecular_function"", ""evidence"": ""IDA""}, {""go_id"": ""GO:0043996"", ""term_name"": ""histone H4K8 acetyltransferase activity"", ""namespace"": ""molecular_function"", ""evidence"": ""IDA""}, {""go_id"": ""GO:1905168"", ""term_name"": ""positive regulation of double-strand break repair via homologous recombination"", ""namespace"": ""biological_process"", ""evidence"": ""IDA""}, {""go_id"": ""GO:0051726"", ""term_name"": ""regulation of cell cycle"", ""namespace"": ""biological_process"", ""evidence"": ""IMP""}]"
Q09428,ABCC8_HUMAN,ABCC8,human,Homo sapiens (Human).,RecName: Full=ATP-binding cassette sub-family C member 8; AltName: Full=Sulfonylurea receptor 1;,"Regulator subunit of pancreatic ATP-sensitive potassium channel (KATP), playing a major role in the regulation of insulin release. In pancreatic cells, it forms KATP channels with KCNJ11; KCNJ11 forms the channel pore while ABCC8 is required for activation and regulation. {ECO:0000269|PubMed:24814349, ECO:0000269|PubMed:25720052, ECO:0000269|PubMed:29286281, ECO:0000269|PubMed:34815345}.",4,GO:0019829|ATPase-coupled monoatomic cation transmembrane transporter activity; GO:0005267|potassium channel activity; GO:0044325|transmembrane transporter binding,,GO:0008282|inward rectifying potassium channel,"[{""go_id"": ""GO:0008282"", ""term_name"": ""inward rectifying potassium channel"", ""namespace"": ""cellular_component"", ""evidence"": ""IDA""}, {""go_id"": ""GO:0019829"", ""term_name"": ""ATPase-coupled monoatomic cation transmembrane transporter activity"", ""namespace"": ""molecular_function"", ""evidence"": ""IDA""}, {""go_id"": ""GO:0005267"", ""term_name"": ""potassium channel activity"", ""namespace"": ""molecular_function"", ""evidence"": ""IMP""}, {""go_id"": ""GO:0044325"", ""term_name"": ""transmembrane transporter binding"", ""namespace"": ""molecular_function"", ""evidence"": ""IPI""}]"
Q9UJW3,DNM3L_HUMAN,DNM3L,human,Homo sapiens (Human).,RecName: Full=DNA (cytosine-5)-methyltransferase 3-like;,"Catalytically inactive regulatory factor of DNA methyltransferases that can either promote or inhibit DNA methylation depending on the context (By similarity). Essential for the function of DNMT3A and DNMT3B: activates DNMT3A and DNMT3B by binding to their catalytic domain (PubMed:17687327). Acts by accelerating the binding of DNA and S-adenosyl-L-methionine (AdoMet) to the methyltransferases and dissociates from the complex after DNA binding to the methyltransferases (PubMed:17687327). Recognizes unmethylated histone H3 lysine 4 (H3K4me0) and induces de novo DNA methylation by recruitment or activation of DNMT3 (PubMed:17687327). Plays a key role in embryonic stem cells and germ cells (By similarity). In germ cells, required for the methylation of imprinted loci together with DNMT3A (By similarity). In male germ cells, specifically required to methylate retrotransposons, preventing their mobilization (By similarity). Plays a key role in embryonic stem cells (ESCs) by acting both as an positive and negative regulator of DNA methylation (By similarity). While it promotes DNA methylation of housekeeping genes together with DNMT3A and DNMT3B, it also acts as an inhibitor of DNA methylation at the promoter of bivalent genes (By similarity). Interacts with the EZH2 component of the PRC2/EED-EZH2 complex, preventing interaction of DNMT3A and DNMT3B with the PRC2/EED-EZH2 complex, leading to maintain low methylation levels at the promoters of bivalent genes (By similarity). Promotes differentiation of ESCs into primordial germ cells by inhibiting DNA methylation at the promoter of RHOX5, thereby activating its expression (By similarity). {ECO:0000250|UniProtKB:Q9CWR8, ECO:0000269|PubMed:17687327}.",6,GO:0008047|enzyme activator activity; GO:0019899|enzyme binding,"GO:0045814|negative regulation of gene expression, epigenetic",GO:1902494|catalytic complex; GO:0005829|cytosol; GO:0005634|nucleus,"[{""go_id"": ""GO:1902494"", ""term_name"": ""catalytic complex"", ""namespace"": ""cellular_component"", ""evidence"": ""IPI""}, {""go_id"": ""GO:0005829"", ""term_name"": ""cytosol"", ""namespace"": ""cellular_component"", ""evidence"": ""HDA""}, {""go_id"": ""GO:0005634"", ""term_name"": ""nucleus"", ""namespace"": ""cellular_component"", ""evidence"": ""HDA""}, {""go_id"": ""GO:0008047"", ""term_name"": ""enzyme activator activity"", ""namespace"": ""molecular_function"", ""evidence"": ""IDA""}, {""go_id"": ""GO:0019899"", ""term_name"": ""enzyme binding"", ""namespace"": ""molecular_function"", ""evidence"": ""IPI""}, {""go_id"": ""GO:0045814"", ""term_name"": ""negative regulation of gene expression, epigenetic"", ""namespace"": ""biological_process"", ""evidence"": ""IDA""}]"
P04085,PDGFA_HUMAN,PDGFA,human,Homo sapiens (Human).,RecName: Full=Platelet-derived growth factor subunit A; Short=PDGF subunit A; AltName: Full=PDGF-1; AltName: Full=Platelet-derived growth factor A chain; AltName: Full=Platelet-derived growth factor alpha polypeptide; Flags: Precursor;,"Growth factor that plays an essential role in the regulation of embryonic development, cell proliferation, cell migration, survival and chemotaxis. Potent mitogen for cells of mesenchymal origin. Required for normal lung alveolar septum formation during embryogenesis, normal development of the gastrointestinal tract, normal development of Leydig cells and spermatogenesis. Required for normal oligodendrocyte development and normal myelination in the spinal cord and cerebellum. Plays an important role in wound healing. Signaling is modulated by the formation of heterodimers with PDGFB (By similarity). {ECO:0000250}.",24,GO:0005518|collagen binding; GO:0008083|growth factor activity; GO:0042802|identical protein binding; GO:0048407|platelet-derived growth factor binding; GO:0005161|platelet-derived growth factor receptor binding; GO:0046982|protein heterodimerization activity; GO:0042803|protein homodimerization activity,GO:0050919|negative chemotaxis; GO:0010512|negative regulation of phosphatidylinositol biosynthetic process; GO:0010544|negative regulation of platelet activation; GO:0048008|platelet-derived growth factor receptor signaling pathway; GO:0030335|positive regulation of cell migration; GO:0008284|positive regulation of cell population proliferation; GO:0070374|positive regulation of ERK1 and ERK2 cascade; GO:0048146|positive regulation of fibroblast proliferation; GO:0043410|positive regulation of MAPK cascade; GO:0035793|positive regulation of metanephric mesenchymal cell migration by platelet-derived growth factor receptor-beta signaling pathway; GO:0051897|positive regulation of phosphatidylinositol 3-kinase/protein kinase B signal transduction; GO:0014910|regulation of smooth muscle cell migration; GO:0009611|response to wounding,GO:0009986|cell surface; GO:0005615|extracellular space; GO:1990265|platelet-derived growth factor complex; GO:1990270|platelet-derived growth factor receptor-ligand complex,"[{""go_id"": ""GO:0009986"", ""term_name"": ""cell surface"", ""namespace"": ""cellular_component"", ""evidence"": ""IDA""}, {""go_id"": ""GO:0005615"", ""term_name"": ""extracellular space"", ""namespace"": ""cellular_component"", ""evidence"": ""IDA""}, {""go_id"": ""GO:1990265"", ""term_name"": ""platelet-derived growth factor complex"", ""namespace"": ""cellular_component"", ""evidence"": ""IPI""}, {""go_id"": ""GO:1990270"", ""term_name"": ""platelet-derived growth factor receptor-ligand complex"", ""namespace"": ""cellular_component"", ""evidence"": ""IPI""}, {""go_id"": ""GO:0005518"", ""term_name"": ""collagen binding"", ""namespace"": ""molecular_function"", ""evidence"": ""IDA""}, {""go_id"": ""GO:0008083"", ""term_name"": ""growth factor activity"", ""namespace"": ""molecular_function"", ""evidence"": ""IDA""}, {""go_id"": ""GO:0042802"", ""term_name"": ""identical protein binding"", ""namespace"": ""molecular_function"", ""evidence"": ""IPI""}, {""go_id"": ""GO:0048407"", ""term_name"": ""platelet-derived growth factor binding"", ""namespace"": ""molecular_function"", ""evidence"": ""IPI""}, {""go_id"": ""GO:0005161"", ""term_name"": ""platelet-derived growth factor receptor binding"", ""namespace"": ""molecular_function"", ""evidence"": ""IDA""}, {""go_id"": ""GO:0046982"", ""term_name"": ""protein heterodimerization activity"", ""namespace"": ""molecular_function"", ""evidence"": ""IPI""}, {""go_id"": ""GO:0042803"", ""term_name"": ""protein homodimerization activity"", ""namespace"": ""molecular_function"", ""evidence"": ""IDA""}, {""go_id"": ""GO:0050919"", ""term_name"": ""negative chemotaxis"", ""namespace"": ""biological_process"", ""evidence"": ""IDA""}, {""go_id"": ""GO:0010512"", ""term_name"": ""negative regulation of phosphatidylinositol biosynthetic process"", ""namespace"": ""biological_process"", ""evidence"": ""IDA""}, {""go_id"": ""GO:0010544"", ""term_name"": ""negative regulation of platelet activation"", ""namespace"": ""biological_process"", ""evidence"": ""IDA""}, {""go_id"": ""GO:0048008"", ""term_name"": ""platelet-derived growth factor receptor signaling pathway"", ""namespace"": ""biological_process"", ""evidence"": ""IDA""}, {""go_id"": ""GO:0030335"", ""term_name"": ""positive regulation of cell migration"", ""namespace"": ""biological_process"", ""evidence"": ""IDA""}, {""go_id"": ""GO:0008284"", ""term_name"": ""positive regulation of cell population proliferation"", ""namespace"": ""biological_process"", ""evidence"": ""IDA""}, {""go_id"": ""GO:0070374"", ""term_name"": ""positive regulation of ERK1 and ERK2 cascade"", ""namespace"": ""biological_process"", ""evidence"": ""IDA""}, {""go_id"": ""GO:0048146"", ""term_name"": ""positive regulation of fibroblast proliferation"", ""namespace"": ""biological_process"", ""evidence"": ""IDA""}, {""go_id"": ""GO:0043410"", ""term_name"": ""positive regulation of MAPK cascade"", ""namespace"": ""biological_process"", ""evidence"": ""IMP""}, {""go_id"": ""GO:0035793"", ""term_name"": ""positive regulation of metanephric mesenchymal cell migration by platelet-derived growth factor receptor-beta signaling pathway"", ""namespace"": ""biological_process"", ""evidence"": ""IDA""}, {""go_id"": ""GO:0051897"", ""term_name"": ""positive regulation of phosphatidylinositol 3-kinase/protein kinase B signal transduction"", ""namespace"": ""biological_process"", ""evidence"": ""IDA""}, {""go_id"": ""GO:0014910"", ""term_name"": ""regulation of smooth muscle cell migration"", ""namespace"": ""biological_process"", ""evidence"": ""IDA""}, {""go_id"": ""GO:0009611"", ""term_name"": ""response to wounding"", ""namespace"": ""biological_process"", ""evidence"": ""IDA""}]"
Q9BQA1,MEP50_HUMAN,MEP50,human,Homo sapiens (Human).,RecName: Full=Methylosome protein WDR77 {ECO:0000305}; AltName: Full=Androgen receptor cofactor p44 {ECO:0000303|PubMed:17437848}; AltName: Full=Methylosome protein 50 {ECO:0000312|HGNC:HGNC:29652}; Short=MEP-50 {ECO:0000305}; AltName: Full=WD repeat-containing protein 77 {ECO:0000312|HGNC:HGNC:29652}; AltName: Full=p44/Mep50 {ECO:0000303|PubMed:12972618};,"Non-catalytic component of the methylosome complex, composed of PRMT5, WDR77 and CLNS1A, which modifies specific arginines to dimethylarginines in several spliceosomal Sm proteins and histones (PubMed:11756452). This modification targets Sm proteins to the survival of motor neurons (SMN) complex for assembly into small nuclear ribonucleoprotein core particles. Might play a role in transcription regulation. The methylosome complex also methylates the Piwi proteins (PIWIL1, PIWIL2 and PIWIL4), methylation of Piwi proteins being required for the interaction with Tudor domain-containing proteins and subsequent localization to the meiotic nuage (PubMed:23071334). {ECO:0000269|PubMed:11756452, ECO:0000269|PubMed:23071334}.",8,GO:0008327|methyl-CpG binding; GO:0003713|transcription coactivator activity,,GO:0005737|cytoplasm; GO:0005829|cytosol; GO:0005794|Golgi apparatus; GO:0034709|methylosome; GO:0005654|nucleoplasm; GO:0005634|nucleus,"[{""go_id"": ""GO:0005737"", ""term_name"": ""cytoplasm"", ""namespace"": ""cellular_component"", ""evidence"": ""IDA""}, {""go_id"": ""GO:0005829"", ""term_name"": ""cytosol"", ""namespace"": ""cellular_component"", ""evidence"": ""IDA""}, {""go_id"": ""GO:0005794"", ""term_name"": ""Golgi apparatus"", ""namespace"": ""cellular_component"", ""evidence"": ""IDA""}, {""go_id"": ""GO:0034709"", ""term_name"": ""methylosome"", ""namespace"": ""cellular_component"", ""evidence"": ""IDA""}, {""go_id"": ""GO:0005654"", ""term_name"": ""nucleoplasm"", ""namespace"": ""cellular_component"", ""evidence"": ""IDA""}, {""go_id"": ""GO:0005634"", ""term_name"": ""nucleus"", ""namespace"": ""cellular_component"", ""evidence"": ""IDA""}, {""go_id"": ""GO:0008327"", ""term_name"": ""methyl-CpG binding"", ""namespace"": ""molecular_function"", ""evidence"": ""IDA""}, {""go_id"": ""GO:0003713"", ""term_name"": ""transcription coactivator activity"", ""namespace"": ""molecular_function"", ""evidence"": ""IGI""}]"
P48551,INAR2_HUMAN,INAR2,human,Homo sapiens (Human).,RecName: Full=Interferon alpha/beta receptor 2; Short=IFN-R-2; Short=IFN-alpha binding protein; Short=IFN-alpha/beta receptor 2; AltName: Full=Interferon alpha binding protein; AltName: Full=Type I interferon receptor 2; Flags: Precursor;,"Together with IFNAR1, forms the heterodimeric receptor for type I interferons (including interferons alpha, beta, epsilon, omega and kappa) (PubMed:10049744, PubMed:10556041, PubMed:21854986, PubMed:26424569, PubMed:28165510, PubMed:32972995, PubMed:7665574, PubMed:7759950, PubMed:8181059, PubMed:8798579, PubMed:8969169). Type I interferon binding activates the JAK-STAT signaling cascade, resulting in transcriptional activation or repression of interferon-regulated genes that encode the effectors of the interferon response (PubMed:10049744, PubMed:17517919, PubMed:21854986, PubMed:26424569, PubMed:28165510, PubMed:32972995, PubMed:7665574, PubMed:7759950, PubMed:8181059, PubMed:8798579, PubMed:8969169). Mechanistically, type I interferon-binding brings the IFNAR1 and IFNAR2 subunits into close proximity with one another, driving their associated Janus kinases (JAKs) (TYK2 bound to IFNAR1 and JAK1 bound to IFNAR2) to cross- phosphorylate one another (PubMed:10556041, PubMed:11682488, PubMed:12105218, PubMed:21854986, PubMed:32972995). The activated kinases phosphorylate specific tyrosine residues on the intracellular domains of IFNAR1 and IFNAR2, forming docking sites for the STAT transcription factors (STAT1, STAT2 and STAT) (PubMed:11682488, PubMed:12105218, PubMed:21854986, PubMed:32972995). STAT proteins are then phosphorylated by the JAKs, promoting their translocation into the nucleus to regulate expression of interferon-regulated genes (PubMed:12105218, PubMed:28165510, PubMed:9121453). {ECO:0000269|PubMed:10049744, ECO:0000269|PubMed:10556041, ECO:0000269|PubMed:11682488, ECO:0000269|PubMed:12105218, ECO:0000269|PubMed:17517919, ECO:0000269|PubMed:21854986, ECO:0000269|PubMed:26424569, ECO:0000269|PubMed:28165510, ECO:0000269|PubMed:32972995, ECO:0000269|PubMed:7665574, ECO:0000269|PubMed:7759950, ECO:0000269|PubMed:8181059, ECO:0000269|PubMed:8798579, ECO:0000269|PubMed:8969169, ECO:0000269|PubMed:9121453}.",13,GO:0019955|cytokine binding; GO:0019901|protein kinase binding; GO:0019962|type I interferon binding; GO:0004905|type I interferon receptor activity,GO:0007259|cell surface receptor signaling pathway via JAK-STAT; GO:0035458|cellular response to interferon-beta; GO:0051607|defense response to virus; GO:0035455|response to interferon-alpha; GO:0035456|response to interferon-beta; GO:0060337|type I interferon-mediated signaling pathway,GO:0005615|extracellular space; GO:0005886|plasma membrane; GO:0043235|receptor complex,"[{""go_id"": ""GO:0005615"", ""term_name"": ""extracellular space"", ""namespace"": ""cellular_component"", ""evidence"": ""IDA""}, {""go_id"": ""GO:0005886"", ""term_name"": ""plasma membrane"", ""namespace"": ""cellular_component"", ""evidence"": ""IDA""}, {""go_id"": ""GO:0043235"", ""term_name"": ""receptor complex"", ""namespace"": ""cellular_component"", ""evidence"": ""IPI""}, {""go_id"": ""GO:0019955"", ""term_name"": ""cytokine binding"", ""namespace"": ""molecular_function"", ""evidence"": ""IPI""}, {""go_id"": ""GO:0019901"", ""term_name"": ""protein kinase binding"", ""namespace"": ""molecular_function"", ""evidence"": ""IPI""}, {""go_id"": ""GO:0019962"", ""term_name"": ""type I interferon binding"", ""namespace"": ""molecular_function"", ""evidence"": ""IPI""}, {""go_id"": ""GO:0004905"", ""term_name"": ""type I interferon receptor activity"", ""namespace"": ""molecular_function"", ""evidence"": ""IDA""}, {""go_id"": ""GO:0007259"", ""term_name"": ""cell surface receptor signaling pathway via JAK-STAT"", ""namespace"": ""biological_process"", ""evidence"": ""IDA""}, {""go_id"": ""GO:0035458"", ""term_name"": ""cellular response to interferon-beta"", ""namespace"": ""biological_process"", ""evidence"": ""IDA""}, {""go_id"": ""GO:0051607"", ""term_name"": ""defense response to virus"", ""namespace"": ""biological_process"", ""evidence"": ""IMP""}, {""go_id"": ""GO:0035455"", ""term_name"": ""response to interferon-alpha"", ""namespace"": ""biological_process"", ""evidence"": ""IDA""}, {""go_id"": ""GO:0035456"", ""term_name"": ""response to interferon-beta"", ""namespace"": ""biological_process"", ""evidence"": ""IDA""}, {""go_id"": ""GO:0060337"", ""term_name"": ""type I interferon-mediated signaling pathway"", ""namespace"": ""biological_process"", ""evidence"": ""IDA""}]"
P59910,DJB13_HUMAN,DJB13,human,Homo sapiens (Human).,RecName: Full=DnaJ homolog subfamily B member 13; AltName: Full=Testis and spermatogenesis cell-related protein 6; AltName: Full=Testis spermatocyte apoptosis-related gene 6 protein; AltName: Full=Testis spermatogenesis apoptosis-related gene 3 protein; AltName: Full=Testis spermatogenesis apoptosis-related gene 6 protein;,Functions as part of axonemal radial spoke complexes that play an important part in the motility of sperm and cilia. {ECO:0000269|PubMed:27486783}.,3,,GO:1904158|axonemal central apparatus assembly,GO:0031514|motile cilium; GO:0036126|sperm flagellum,"[{""go_id"": ""GO:0031514"", ""term_name"": ""motile cilium"", ""namespace"": ""cellular_component"", ""evidence"": ""IDA""}, {""go_id"": ""GO:0036126"", ""term_name"": ""sperm flagellum"", ""namespace"": ""cellular_component"", ""evidence"": ""IDA""}, {""go_id"": ""GO:1904158"", ""term_name"": ""axonemal central apparatus assembly"", ""namespace"": ""biological_process"", ""evidence"": ""IMP""}]"
O60883,G37L1_HUMAN,G37L1,human,Homo sapiens (Human).,RecName: Full=G-protein coupled receptor 37-like 1; AltName: Full=Endothelin B receptor-like protein 2; Short=ETBR-LP-2; Flags: Precursor;,"G-protein coupled receptor (PubMed:27072655). Has been shown to bind the neuroprotective and glioprotective factor prosaposin (PSAP), leading to endocytosis followed by an ERK phosphorylation cascade (PubMed:23690594). However, other studies have shown that prosaposin does not increase activity (PubMed:27072655, PubMed:28688853). It has been suggested that GPR37L1 is a constitutively active receptor which signals through the guanine nucleotide-binding protein G(s) subunit alpha (PubMed:27072655). Participates in the regulation of postnatal cerebellar development by modulating the Shh pathway (By similarity). Regulates baseline blood pressure in females and protects against cardiovascular stress in males (By similarity). Mediates inhibition of astrocyte glutamate transporters and reduction in neuronal N-methyl-D-aspartate receptor activity (By similarity). {ECO:0000250|UniProtKB:Q99JG2, ECO:0000269|PubMed:23690594, ECO:0000269|PubMed:27072655, ECO:0000269|PubMed:28688853}.",8,GO:0008528|G protein-coupled peptide receptor activity; GO:0004930|G protein-coupled receptor activity; GO:0042277|peptide binding; GO:0036505|prosaposin receptor activity,GO:0007193|adenylate cyclase-inhibiting G protein-coupled receptor signaling pathway; GO:0043410|positive regulation of MAPK cascade,GO:0005886|plasma membrane; GO:0043235|receptor complex,"[{""go_id"": ""GO:0005886"", ""term_name"": ""plasma membrane"", ""namespace"": ""cellular_component"", ""evidence"": ""IDA""}, {""go_id"": ""GO:0043235"", ""term_name"": ""receptor complex"", ""namespace"": ""cellular_component"", ""evidence"": ""IDA""}, {""go_id"": ""GO:0008528"", ""term_name"": ""G protein-coupled peptide receptor activity"", ""namespace"": ""molecular_function"", ""evidence"": ""IDA""}, {""go_id"": ""GO:0004930"", ""term_name"": ""G protein-coupled receptor activity"", ""namespace"": ""molecular_function"", ""evidence"": ""IDA""}, {""go_id"": ""GO:0042277"", ""term_name"": ""peptide binding"", ""namespace"": ""molecular_function"", ""evidence"": ""IPI""}, {""go_id"": ""GO:0036505"", ""term_name"": ""prosaposin receptor activity"", ""namespace"": ""molecular_function"", ""evidence"": ""IDA""}, {""go_id"": ""GO:0007193"", ""term_name"": ""adenylate cyclase-inhibiting G protein-coupled receptor signaling pathway"", ""namespace"": ""biological_process"", ""evidence"": ""IDA""}, {""go_id"": ""GO:0043410"", ""term_name"": ""positive regulation of MAPK cascade"", ""namespace"": ""biological_process"", ""evidence"": ""IDA""}]"
Q8NE86,MCU_HUMAN,MCU,human,Homo sapiens (Human).,"RecName: Full=Calcium uniporter protein, mitochondrial {ECO:0000303|PubMed:21685886}; Short=HsMCU {ECO:0000303|PubMed:27135929}; AltName: Full=Coiled-coil domain-containing protein 109A {ECO:0000305}; Flags: Precursor;","Channel-forming and calcium-conducting subunit of the mitochondrial inner membrane calcium uniporter complex (uniplex), which mediates calcium uptake into the mitochondrial matrix (PubMed:21685886, PubMed:21685888, PubMed:22822213, PubMed:22829870, PubMed:22904319, PubMed:23101630, PubMed:23178883, PubMed:23755363, PubMed:24332854, PubMed:24560927, PubMed:26341627, PubMed:29954988, PubMed:29995857, PubMed:30454562, PubMed:30638448, PubMed:31080062, PubMed:32494073, PubMed:32762847, PubMed:33296646, PubMed:37036971, PubMed:37126688). MCU channel activity is regulated by the calcium-sensor subunits of the uniplex MICU1 and MICU2 (or MICU3) (PubMed:24560927, PubMed:26903221, PubMed:30454562, PubMed:30638448, PubMed:32494073, PubMed:32762847, PubMed:37036971, PubMed:37126688). Mitochondrial calcium homeostasis plays key roles in cellular physiology and regulates ATP production, cytoplasmic calcium signals and activation of cell death pathways (PubMed:21685886, PubMed:21685888, PubMed:22822213, PubMed:22829870, PubMed:22904319, PubMed:23101630, PubMed:23178883, PubMed:23755363, PubMed:24332854, PubMed:24560927, PubMed:26341627, PubMed:29954988, PubMed:32494073, PubMed:32762847). Involved in buffering the amplitude of systolic calcium rises in cardiomyocytes (PubMed:22822213). While dispensable for baseline homeostatic cardiac function, acts as a key regulator of short-term mitochondrial calcium loading underlying a 'fight-or-flight' response during acute stress: acts by mediating a rapid increase of mitochondrial calcium in pacemaker cells (PubMed:25603276). Participates in mitochondrial permeability transition during ischemia-reperfusion injury (By similarity). Mitochondrial calcium uptake in skeletal muscle cells is involved in muscle size in adults (By similarity). Regulates synaptic vesicle endocytosis kinetics in central nerve terminal (By similarity). Regulates glucose-dependent insulin secretion in pancreatic beta-cells by regulating mitochondrial calcium uptake (PubMed:22829870, PubMed:22904319). Involved in antigen processing and presentation (By similarity). {ECO:0000250|UniProtKB:Q3UMR5, ECO:0000269|PubMed:21685886, ECO:0000269|PubMed:21685888, ECO:0000269|PubMed:22822213, ECO:0000269|PubMed:22829870, ECO:0000269|PubMed:22904319, ECO:0000269|PubMed:23101630, ECO:0000269|PubMed:23178883, ECO:0000269|PubMed:23755363, ECO:0000269|PubMed:24332854, ECO:0000269|PubMed:24560927, ECO:0000269|PubMed:25603276, ECO:0000269|PubMed:26341627, ECO:0000269|PubMed:26903221, ECO:0000269|PubMed:29954988, ECO:0000269|PubMed:29995857, ECO:0000269|PubMed:30454562, ECO:0000269|PubMed:30638448, ECO:0000269|PubMed:31080062, ECO:0000269|PubMed:32494073, ECO:0000269|PubMed:32762847, ECO:0000269|PubMed:33296646, ECO:0000269|PubMed:37036971, ECO:0000269|PubMed:37126688}.",18,GO:0005262|calcium channel activity; GO:0042802|identical protein binding; GO:0015292|uniporter activity,GO:0036444|calcium import into the mitochondrion; GO:0019722|calcium-mediated signaling; GO:0072732|cellular response to calcium ion starvation; GO:0042593|glucose homeostasis; GO:0051560|mitochondrial calcium ion homeostasis; GO:0006851|mitochondrial calcium ion transmembrane transport; GO:0032024|positive regulation of insulin secretion; GO:0051561|positive regulation of mitochondrial calcium ion concentration; GO:0090141|positive regulation of mitochondrial fission; GO:0090023|positive regulation of neutrophil chemotaxis; GO:0051259|protein complex oligomerization,GO:0034704|calcium channel complex; GO:0005743|mitochondrial inner membrane; GO:0005739|mitochondrion; GO:1990246|uniplex complex,"[{""go_id"": ""GO:0034704"", ""term_name"": ""calcium channel complex"", ""namespace"": ""cellular_component"", ""evidence"": ""IDA""}, {""go_id"": ""GO:0005743"", ""term_name"": ""mitochondrial inner membrane"", ""namespace"": ""cellular_component"", ""evidence"": ""IDA""}, {""go_id"": ""GO:0005739"", ""term_name"": ""mitochondrion"", ""namespace"": ""cellular_component"", ""evidence"": ""IDA""}, {""go_id"": ""GO:1990246"", ""term_name"": ""uniplex complex"", ""namespace"": ""cellular_component"", ""evidence"": ""IDA""}, {""go_id"": ""GO:0005262"", ""term_name"": ""calcium channel activity"", ""namespace"": ""molecular_function"", ""evidence"": ""IDA""}, {""go_id"": ""GO:0042802"", ""term_name"": ""identical protein binding"", ""namespace"": ""molecular_function"", ""evidence"": ""IPI""}, {""go_id"": ""GO:0015292"", ""term_name"": ""uniporter activity"", ""namespace"": ""molecular_function"", ""evidence"": ""IDA""}, {""go_id"": ""GO:0036444"", ""term_name"": ""calcium import into the mitochondrion"", ""namespace"": ""biological_process"", ""evidence"": ""IDA""}, {""go_id"": ""GO:0019722"", ""term_name"": ""calcium-mediated signaling"", ""namespace"": ""biological_process"", ""evidence"": ""IDA""}, {""go_id"": ""GO:0072732"", ""term_name"": ""cellular response to calcium ion starvation"", ""namespace"": ""biological_process"", ""evidence"": ""IMP""}, {""go_id"": ""GO:0042593"", ""term_name"": ""glucose homeostasis"", ""namespace"": ""biological_process"", ""evidence"": ""IMP""}, {""go_id"": ""GO:0051560"", ""term_name"": ""mitochondrial calcium ion homeostasis"", ""namespace"": ""biological_process"", ""evidence"": ""IDA""}, {""go_id"": ""GO:0006851"", ""term_name"": ""mitochondrial calcium ion transmembrane transport"", ""namespace"": ""biological_process"", ""evidence"": ""IDA""}, {""go_id"": ""GO:0032024"", ""term_name"": ""positive regulation of insulin secretion"", ""namespace"": ""biological_process"", ""evidence"": ""IMP""}, {""go_id"": ""GO:0051561"", ""term_name"": ""positive regulation of mitochondrial calcium ion concentration"", ""namespace"": ""biological_process"", ""evidence"": ""IDA""}, {""go_id"": ""GO:0090141"", ""term_name"": ""positive regulation of mitochondrial fission"", ""namespace"": ""biological_process"", ""evidence"": ""IMP""}, {""go_id"": ""GO:0090023"", ""term_name"": ""positive regulation of neutrophil chemotaxis"", ""namespace"": ""biological_process"", ""evidence"": ""IMP""}, {""go_id"": ""GO:0051259"", ""term_name"": ""protein complex oligomerization"", ""namespace"": ""biological_process"", ""evidence"": ""IDA""}]"
Q6ZQR2,CFA77_HUMAN,CFA77,human,Homo sapiens (Human).,RecName: Full=Cilia- and flagella-associated protein 77 {ECO:0000305};,"Microtubule inner protein (MIP) part of the dynein-decorated doublet microtubules (DMTs) in cilia axoneme, which is required for motile cilia beating. {ECO:0000269|PubMed:36191189}.",3,,,GO:0005879|axonemal microtubule; GO:0005930|axoneme; GO:0005929|cilium,"[{""go_id"": ""GO:0005879"", ""term_name"": ""axonemal microtubule"", ""namespace"": ""cellular_component"", ""evidence"": ""IDA""}, {""go_id"": ""GO:0005930"", ""term_name"": ""axoneme"", ""namespace"": ""cellular_component"", ""evidence"": ""IDA""}, {""go_id"": ""GO:0005929"", ""term_name"": ""cilium"", ""namespace"": ""cellular_component"", ""evidence"": ""IDA""}]"
Q12834,CDC20_HUMAN,CDC20,human,Homo sapiens (Human).,RecName: Full=Cell division cycle protein 20 homolog; AltName: Full=p55CDC;,"Substrate-specific adapter of the anaphase promoting complex/cyclosome (APC/C) complex that confers substrate specificity by binding to substrates and targeting them to the APC/C complex for ubiquitination and degradation (PubMed:9734353, PubMed:27030811, PubMed:29343641). Recognizes and binds the destruction box (D box) on protein substrates (PubMed:29343641). Involved in the metaphase/anaphase transition of cell cycle (PubMed:32666501). Is regulated by MAD2L1: in metaphase the MAD2L1-CDC20-APC/C ternary complex is inactive and in anaphase the CDC20-APC/C binary complex is active in degrading substrates (PubMed:9811605, PubMed:9637688). The CDC20-APC/C complex positively regulates the formation of synaptic vesicle clustering at active zone to the presynaptic membrane in postmitotic neurons (By similarity). CDC20-APC/C-induced degradation of NEUROD2 induces presynaptic differentiation (By similarity). The CDC20- APC/C complex promotes proper dilation formation and radial migration by degrading CCDC41 (By similarity). {ECO:0000250|UniProtKB:Q9JJ66, ECO:0000269|PubMed:27030811, ECO:0000269|PubMed:29343641, ECO:0000269|PubMed:32666501, ECO:0000269|PubMed:9637688, ECO:0000269|PubMed:9734353, ECO:0000269|PubMed:9811605}.",10,GO:0010997|anaphase-promoting complex binding; GO:1990756|ubiquitin-like ligase-substrate adaptor activity,GO:0031145|anaphase-promoting complex-dependent catabolic process; GO:1990949|metaphase/anaphase transition of meiosis I; GO:0045842|positive regulation of mitotic metaphase/anaphase transition; GO:1904668|positive regulation of ubiquitin protein ligase activity,GO:0005680|anaphase-promoting complex; GO:0005829|cytosol; GO:0033597|mitotic checkpoint complex; GO:0005654|nucleoplasm,"[{""go_id"": ""GO:0005680"", ""term_name"": ""anaphase-promoting complex"", ""namespace"": ""cellular_component"", ""evidence"": ""IDA""}, {""go_id"": ""GO:0005829"", ""term_name"": ""cytosol"", ""namespace"": ""cellular_component"", ""evidence"": ""IDA""}, {""go_id"": ""GO:0033597"", ""term_name"": ""mitotic checkpoint complex"", ""namespace"": ""cellular_component"", ""evidence"": ""IPI""}, {""go_id"": ""GO:0005654"", ""term_name"": ""nucleoplasm"", ""namespace"": ""cellular_component"", ""evidence"": ""IDA""}, {""go_id"": ""GO:0010997"", ""term_name"": ""anaphase-promoting complex binding"", ""namespace"": ""molecular_function"", ""evidence"": ""IDA""}, {""go_id"": ""GO:1990756"", ""term_name"": ""ubiquitin-like ligase-substrate adaptor activity"", ""namespace"": ""molecular_function"", ""evidence"": ""IDA""}, {""go_id"": ""GO:0031145"", ""term_name"": ""anaphase-promoting complex-dependent catabolic process"", ""namespace"": ""biological_process"", ""evidence"": ""IDA""}, {""go_id"": ""GO:1990949"", ""term_name"": ""metaphase/anaphase transition of meiosis I"", ""namespace"": ""biological_process"", ""evidence"": ""IMP""}, {""go_id"": ""GO:0045842"", ""term_name"": ""positive regulation of mitotic metaphase/anaphase transition"", ""namespace"": ""biological_process"", ""evidence"": ""IDA""}, {""go_id"": ""GO:1904668"", ""term_name"": ""positive regulation of ubiquitin protein ligase activity"", ""namespace"": ""biological_process"", ""evidence"": ""IDA""}]"
Q16236,NF2L2_HUMAN,NF2L2,human,Homo sapiens (Human).,"RecName: Full=Nuclear factor erythroid 2-related factor 2 {ECO:0000303|PubMed:11035812}; Short=NF-E2-related factor 2 {ECO:0000303|PubMed:11035812}; Short=NFE2-related factor 2 {ECO:0000303|PubMed:11035812}; Short=Nrf-2 {ECO:0000303|PubMed:11256947}; AltName: Full=Nuclear factor, erythroid derived 2, like 2 {ECO:0000303|PubMed:33009401, ECO:0000303|PubMed:7937919};","Transcription factor that plays a key role in the response to oxidative stress: binds to antioxidant response (ARE) elements present in the promoter region of many cytoprotective genes, such as phase 2 detoxifying enzymes, and promotes their expression, thereby neutralizing reactive electrophiles (PubMed:11035812, PubMed:19489739, PubMed:29018201, PubMed:31398338). In normal conditions, ubiquitinated and degraded in the cytoplasm by the BCR(KEAP1) complex (PubMed:11035812, PubMed:15601839, PubMed:29018201). In response to oxidative stress, electrophile metabolites inhibit activity of the BCR(KEAP1) complex, promoting nuclear accumulation of NFE2L2/NRF2, heterodimerization with one of the small Maf proteins and binding to ARE elements of cytoprotective target genes (PubMed:19489739, PubMed:29590092). The NFE2L2/NRF2 pathway is also activated in response to selective autophagy: autophagy promotes interaction between KEAP1 and SQSTM1/p62 and subsequent inactivation of the BCR(KEAP1) complex, leading to NFE2L2/NRF2 nuclear accumulation and expression of cytoprotective genes (PubMed:20452972). The NFE2L2/NRF2 pathway is also activated during the unfolded protein response (UPR), contributing to redox homeostasis and cell survival following endoplasmic reticulum stress (By similarity). May also be involved in the transcriptional activation of genes of the beta-globin cluster by mediating enhancer activity of hypersensitive site 2 of the beta-globin locus control region (PubMed:7937919). Also plays an important role in the regulation of the innate immune response and antiviral cytosolic DNA sensing. It is a critical regulator of the innate immune response and survival during sepsis by maintaining redox homeostasis and restraint of the dysregulation of pro-inflammatory signaling pathways like MyD88- dependent and -independent and TNF signaling (By similarity). Suppresses macrophage inflammatory response by blocking pro- inflammatory cytokine transcription and the induction of IL6 (By similarity). Binds to the proximity of pro-inflammatory genes in macrophages and inhibits RNA Pol II recruitment. The inhibition is independent of the NRF2-binding motif and reactive oxygen species level (By similarity). Represses antiviral cytosolic DNA sensing by suppressing the expression of the adapter protein STING1 and decreasing responsiveness to STING1 agonists while increasing susceptibility to infection with DNA viruses (PubMed:30158636). Once activated, limits the release of pro-inflammatory cytokines in response to human coronavirus SARS-CoV-2 infection and to virus-derived ligands through a mechanism that involves inhibition of IRF3 dimerization. Also inhibits both SARS-CoV-2 replication, as well as the replication of several other pathogenic viruses including Herpes Simplex Virus-1 and-2, Vaccinia virus, and Zika virus through a type I interferon (IFN)- independent mechanism (PubMed:33009401). {ECO:0000250|UniProtKB:Q60795, ECO:0000269|PubMed:11035812, ECO:0000269|PubMed:15601839, ECO:0000269|PubMed:19489739, ECO:0000269|PubMed:20452972, ECO:0000269|PubMed:29018201, ECO:0000269|PubMed:29590092, ECO:0000269|PubMed:30158636, ECO:0000269|PubMed:31398338, ECO:0000269|PubMed:33009401, ECO:0000269|PubMed:7937919}.",37,"GO:0003677|DNA binding; GO:0001228|DNA-binding transcription activator activity, RNA polymerase II-specific; GO:0003700|DNA-binding transcription factor activity; GO:0140693|molecular condensate scaffold activity; GO:0019904|protein domain specific binding; GO:0061629|RNA polymerase II-specific DNA-binding transcription factor binding; GO:0043565|sequence-specific DNA binding; GO:0000976|transcription cis-regulatory region binding; GO:0031625|ubiquitin protein ligase binding",GO:0045454|cell redox homeostasis; GO:0071498|cellular response to fluid shear stress; GO:0070301|cellular response to hydrogen peroxide; GO:0071456|cellular response to hypoxia; GO:0071499|cellular response to laminar fluid shear stress; GO:0034599|cellular response to oxidative stress; GO:0071356|cellular response to tumor necrosis factor; GO:2000352|negative regulation of endothelial cell apoptotic process; GO:0110076|negative regulation of ferroptosis; GO:1902176|negative regulation of oxidative stress-induced intrinsic apoptotic signaling pathway; GO:0045893|positive regulation of DNA-templated transcription; GO:0010628|positive regulation of gene expression; GO:0045944|positive regulation of transcription by RNA polymerase II; GO:0010499|proteasomal ubiquitin-independent protein catabolic process; GO:0043161|proteasome-mediated ubiquitin-dependent protein catabolic process; GO:0016567|protein ubiquitination; GO:1900407|regulation of cellular response to oxidative stress; GO:0006979|response to oxidative stress,GO:0005813|centrosome; GO:0036064|ciliary basal body; GO:0005737|cytoplasm; GO:0005829|cytosol; GO:0005794|Golgi apparatus; GO:0016592|mediator complex; GO:0005654|nucleoplasm; GO:0005634|nucleus; GO:0005886|plasma membrane; GO:0090575|RNA polymerase II transcription regulator complex,"[{""go_id"": ""GO:0005813"", ""term_name"": ""centrosome"", ""namespace"": ""cellular_component"", ""evidence"": ""IDA""}, {""go_id"": ""GO:0036064"", ""term_name"": ""ciliary basal body"", ""namespace"": ""cellular_component"", ""evidence"": ""IDA""}, {""go_id"": ""GO:0005737"", ""term_name"": ""cytoplasm"", ""namespace"": ""cellular_component"", ""evidence"": ""IDA""}, {""go_id"": ""GO:0005829"", ""term_name"": ""cytosol"", ""namespace"": ""cellular_component"", ""evidence"": ""IDA""}, {""go_id"": ""GO:0005794"", ""term_name"": ""Golgi apparatus"", ""namespace"": ""cellular_component"", ""evidence"": ""IDA""}, {""go_id"": ""GO:0016592"", ""term_name"": ""mediator complex"", ""namespace"": ""cellular_component"", ""evidence"": ""EXP""}, {""go_id"": ""GO:0005654"", ""term_name"": ""nucleoplasm"", ""namespace"": ""cellular_component"", ""evidence"": ""IDA""}, {""go_id"": ""GO:0005634"", ""term_name"": ""nucleus"", ""namespace"": ""cellular_component"", ""evidence"": ""IDA""}, {""go_id"": ""GO:0005886"", ""term_name"": ""plasma membrane"", ""namespace"": ""cellular_component"", ""evidence"": ""IDA""}, {""go_id"": ""GO:0090575"", ""term_name"": ""RNA polymerase II transcription regulator complex"", ""namespace"": ""cellular_component"", ""evidence"": ""IPI""}, {""go_id"": ""GO:0003677"", ""term_name"": ""DNA binding"", ""namespace"": ""molecular_function"", ""evidence"": ""IDA""}, {""go_id"": ""GO:0001228"", ""term_name"": ""DNA-binding transcription activator activity, RNA polymerase II-specific"", ""namespace"": ""molecular_function"", ""evidence"": ""IDA""}, {""go_id"": ""GO:0003700"", ""term_name"": ""DNA-binding transcription factor activity"", ""namespace"": ""molecular_function"", ""evidence"": ""IDA""}, {""go_id"": ""GO:0140693"", ""term_name"": ""molecular condensate scaffold activity"", ""namespace"": ""molecular_function"", ""evidence"": ""IDA""}, {""go_id"": ""GO:0019904"", ""term_name"": ""protein domain specific binding"", ""namespace"": ""molecular_function"", ""evidence"": ""IPI""}, {""go_id"": ""GO:0061629"", ""term_name"": ""RNA polymerase II-specific DNA-binding transcription factor binding"", ""namespace"": ""molecular_function"", ""evidence"": ""IPI""}, {""go_id"": ""GO:0043565"", ""term_name"": ""sequence-specific DNA binding"", ""namespace"": ""molecular_function"", ""evidence"": ""IDA""}, {""go_id"": ""GO:0000976"", ""term_name"": ""transcription cis-regulatory region binding"", ""namespace"": ""molecular_function"", ""evidence"": ""IDA""}, {""go_id"": ""GO:0031625"", ""term_name"": ""ubiquitin protein ligase binding"", ""namespace"": ""molecular_function"", ""evidence"": ""IPI""}, {""go_id"": ""GO:0045454"", ""term_name"": ""cell redox homeostasis"", ""namespace"": ""biological_process"", ""evidence"": ""IMP""}, {""go_id"": ""GO:0071498"", ""term_name"": ""cellular response to fluid shear stress"", ""namespace"": ""biological_process"", ""evidence"": ""IDA""}, {""go_id"": ""GO:0070301"", ""term_name"": ""cellular response to hydrogen peroxide"", ""namespace"": ""biological_process"", ""evidence"": ""IMP""}, {""go_id"": ""GO:0071456"", ""term_name"": ""cellular response to hypoxia"", ""namespace"": ""biological_process"", ""evidence"": ""IMP""}, {""go_id"": ""GO:0071499"", ""term_name"": ""cellular response to laminar fluid shear stress"", ""namespace"": ""biological_process"", ""evidence"": ""IMP""}, {""go_id"": ""GO:0034599"", ""term_name"": ""cellular response to oxidative stress"", ""namespace"": ""biological_process"", ""evidence"": ""IDA""}, {""go_id"": ""GO:0071356"", ""term_name"": ""cellular response to tumor necrosis factor"", ""namespace"": ""biological_process"", ""evidence"": ""IMP""}, {""go_id"": ""GO:2000352"", ""term_name"": ""negative regulation of endothelial cell apoptotic process"", ""namespace"": ""biological_process"", ""evidence"": ""IMP""}, {""go_id"": ""GO:0110076"", ""term_name"": ""negative regulation of ferroptosis"", ""namespace"": ""biological_process"", ""evidence"": ""IMP""}, {""go_id"": ""GO:1902176"", ""term_name"": ""negative regulation of oxidative stress-induced intrinsic apoptotic signaling pathway"", ""namespace"": ""biological_process"", ""evidence"": ""IMP""}, {""go_id"": ""GO:0045893"", ""term_name"": ""positive regulation of DNA-templated transcription"", ""namespace"": ""biological_process"", ""evidence"": ""IMP""}, {""go_id"": ""GO:0010628"", ""term_name"": ""positive regulation of gene expression"", ""namespace"": ""biological_process"", ""evidence"": ""IMP""}, {""go_id"": ""GO:0045944"", ""term_name"": ""positive regulation of transcription by RNA polymerase II"", ""namespace"": ""biological_process"", ""evidence"": ""IDA""}, {""go_id"": ""GO:0010499"", ""term_name"": ""proteasomal ubiquitin-independent protein catabolic process"", ""namespace"": ""biological_process"", ""evidence"": ""IDA""}, {""go_id"": ""GO:0043161"", ""term_name"": ""proteasome-mediated ubiquitin-dependent protein catabolic process"", ""namespace"": ""biological_process"", ""evidence"": ""IDA""}, {""go_id"": ""GO:0016567"", ""term_name"": ""protein ubiquitination"", ""namespace"": ""biological_process"", ""evidence"": ""IDA""}, {""go_id"": ""GO:1900407"", ""term_name"": ""regulation of cellular response to oxidative stress"", ""namespace"": ""biological_process"", ""evidence"": ""EXP""}, {""go_id"": ""GO:0006979"", ""term_name"": ""response to oxidative stress"", ""namespace"": ""biological_process"", ""evidence"": ""IDA""}]"
Q5SW79,CE170_HUMAN,CE170,human,Homo sapiens (Human).,RecName: Full=Centrosomal protein of 170 kDa; Short=Cep170; AltName: Full=KARP-1-binding protein; Short=KARP1-binding protein;,"Plays a role in microtubule organization (PubMed:15616186). Required for centriole subdistal appendage assembly (PubMed:28422092). {ECO:0000269|PubMed:15616186, ECO:0000269|PubMed:28422092}.",5,,,GO:0120103|centriolar subdistal appendage; GO:0005814|centriole; GO:0005813|centrosome; GO:0036064|ciliary basal body; GO:0005829|cytosol,"[{""go_id"": ""GO:0120103"", ""term_name"": ""centriolar subdistal appendage"", ""namespace"": ""cellular_component"", ""evidence"": ""IDA""}, {""go_id"": ""GO:0005814"", ""term_name"": ""centriole"", ""namespace"": ""cellular_component"", ""evidence"": ""IDA""}, {""go_id"": ""GO:0005813"", ""term_name"": ""centrosome"", ""namespace"": ""cellular_component"", ""evidence"": ""IDA""}, {""go_id"": ""GO:0036064"", ""term_name"": ""ciliary basal body"", ""namespace"": ""cellular_component"", ""evidence"": ""IDA""}, {""go_id"": ""GO:0005829"", ""term_name"": ""cytosol"", ""namespace"": ""cellular_component"", ""evidence"": ""IDA""}]"
O75081,MTG16_HUMAN,MTG16,human,Homo sapiens (Human).,RecName: Full=Transcriptional corepressor CBFA2T3; AltName: Full=MTG8-related protein 2; AltName: Full=Myeloid translocation gene on chromosome 16 protein; Short=hMTG16; AltName: Full=Zinc finger MYND domain-containing protein 4;,"Transcriptional corepressor which facilitates transcriptional repression via its association with DNA-binding transcription factors and recruitment of other corepressors and histone-modifying enzymes (PubMed:12559562, PubMed:15203199, PubMed:16966434, PubMed:18456661). Can repress the expression of MMP7 in a ZBTB33-dependent manner (PubMed:23251453). Reduces the protein levels and stability of the transcriptinal regulator HIF1A; interacts with EGLN1 and promotes the HIF1A prolyl hydroxylation-dependent ubiquitination and proteasomal degradation pathway (PubMed:25974097). Contributes to inhibition of glycolysis and stimulation of mitochondrial respiration by down- regulating the expression of glycolytic genes including PFKFB3, PFKFB4, PDK1, PFKP, LDHA and HK1 which are direct targets of HIF1A (PubMed:23840896, PubMed:25974097). Regulates the proliferation and the differentiation of erythroid progenitors by repressing the expression of TAL1 target genes (By similarity). Plays a role in granulocyte differentiation (PubMed:15231665). {ECO:0000250|UniProtKB:O54972, ECO:0000269|PubMed:12183414, ECO:0000269|PubMed:15231665, ECO:0000269|PubMed:16966434, ECO:0000269|PubMed:18456661, ECO:0000269|PubMed:23251453, ECO:0000269|PubMed:23840896, ECO:0000269|PubMed:25974097, ECO:0000303|PubMed:12559562, ECO:0000303|PubMed:15203199}.",11,GO:0003714|transcription corepressor activity,GO:0030851|granulocyte differentiation; GO:0008285|negative regulation of cell population proliferation; GO:0045892|negative regulation of DNA-templated transcription; GO:0045820|negative regulation of glycolytic process; GO:0000122|negative regulation of transcription by RNA polymerase II; GO:0032436|positive regulation of proteasomal ubiquitin-dependent protein catabolic process; GO:1903715|regulation of aerobic respiration; GO:0001666|response to hypoxia,GO:0005654|nucleoplasm; GO:0005634|nucleus,"[{""go_id"": ""GO:0005654"", ""term_name"": ""nucleoplasm"", ""namespace"": ""cellular_component"", ""evidence"": ""IDA""}, {""go_id"": ""GO:0005634"", ""term_name"": ""nucleus"", ""namespace"": ""cellular_component"", ""evidence"": ""IDA""}, {""go_id"": ""GO:0003714"", ""term_name"": ""transcription corepressor activity"", ""namespace"": ""molecular_function"", ""evidence"": ""IDA""}, {""go_id"": ""GO:0030851"", ""term_name"": ""granulocyte differentiation"", ""namespace"": ""biological_process"", ""evidence"": ""IDA""}, {""go_id"": ""GO:0008285"", ""term_name"": ""negative regulation of cell population proliferation"", ""namespace"": ""biological_process"", ""evidence"": ""IDA""}, {""go_id"": ""GO:0045892"", ""term_name"": ""negative regulation of DNA-templated transcription"", ""namespace"": ""biological_process"", ""evidence"": ""IDA""}, {""go_id"": ""GO:0045820"", ""term_name"": ""negative regulation of glycolytic process"", ""namespace"": ""biological_process"", ""evidence"": ""IDA""}, {""go_id"": ""GO:0000122"", ""term_name"": ""negative regulation of transcription by RNA polymerase II"", ""namespace"": ""biological_process"", ""evidence"": ""IDA""}, {""go_id"": ""GO:0032436"", ""term_name"": ""positive regulation of proteasomal ubiquitin-dependent protein catabolic process"", ""namespace"": ""biological_process"", ""evidence"": ""IMP""}, {""go_id"": ""GO:1903715"", ""term_name"": ""regulation of aerobic respiration"", ""namespace"": ""biological_process"", ""evidence"": ""IDA""}, {""go_id"": ""GO:0001666"", ""term_name"": ""response to hypoxia"", ""namespace"": ""biological_process"", ""evidence"": ""IDA""}]"
Q5TGZ0,MIC10_HUMAN,MIC10,human,Homo sapiens (Human).,RecName: Full=MICOS complex subunit MIC10 {ECO:0000305}; AltName: Full=Mitochondrial inner membrane organizing system protein 1;,"Component of the MICOS complex, a large protein complex of the mitochondrial inner membrane that plays crucial roles in the maintenance of crista junctions, inner membrane architecture, and formation of contact sites to the outer membrane. {ECO:0000269|PubMed:22114354, ECO:0000269|PubMed:32567732, ECO:0000269|PubMed:33130824}.",5,,GO:0042407|cristae formation,GO:0140275|MIB complex; GO:0061617|MICOS complex; GO:0005739|mitochondrion; GO:0001401|SAM complex,"[{""go_id"": ""GO:0140275"", ""term_name"": ""MIB complex"", ""namespace"": ""cellular_component"", ""evidence"": ""HDA""}, {""go_id"": ""GO:0061617"", ""term_name"": ""MICOS complex"", ""namespace"": ""cellular_component"", ""evidence"": ""HDA""}, {""go_id"": ""GO:0005739"", ""term_name"": ""mitochondrion"", ""namespace"": ""cellular_component"", ""evidence"": ""IDA""}, {""go_id"": ""GO:0001401"", ""term_name"": ""SAM complex"", ""namespace"": ""cellular_component"", ""evidence"": ""HDA""}, {""go_id"": ""GO:0042407"", ""term_name"": ""cristae formation"", ""namespace"": ""biological_process"", ""evidence"": ""IMP""}]"
Q9NV64,TM39A_HUMAN,TM39A,human,Homo sapiens (Human).,RecName: Full=Transmembrane protein 39A;,Regulates autophagy by controlling the spatial distribution and levels of the intracellular phosphatidylinositol 4-phosphate (PtdIns(4)P) pools (PubMed:31806350). Modulates (PtdIns(4)P) levels by regulating the ER-to-Golgi trafficking of the phosphatidylinositide phosphatase SACM1L (PubMed:31806350). {ECO:0000269|PubMed:31806350}.,4,,GO:1902902|negative regulation of autophagosome assembly; GO:1901097|negative regulation of autophagosome maturation; GO:0045070|positive regulation of viral genome replication,GO:0005789|endoplasmic reticulum membrane,"[{""go_id"": ""GO:0005789"", ""term_name"": ""endoplasmic reticulum membrane"", ""namespace"": ""cellular_component"", ""evidence"": ""IDA""}, {""go_id"": ""GO:1902902"", ""term_name"": ""negative regulation of autophagosome assembly"", ""namespace"": ""biological_process"", ""evidence"": ""IMP""}, {""go_id"": ""GO:1901097"", ""term_name"": ""negative regulation of autophagosome maturation"", ""namespace"": ""biological_process"", ""evidence"": ""IMP""}, {""go_id"": ""GO:0045070"", ""term_name"": ""positive regulation of viral genome replication"", ""namespace"": ""biological_process"", ""evidence"": ""IDA""}]"
Q14626,I11RA_HUMAN,I11RA,human,Homo sapiens (Human).,RecName: Full=Interleukin-11 receptor subunit alpha {ECO:0000305}; Short=IL-11 receptor subunit alpha; Short=IL-11R subunit alpha; Short=IL-11R-alpha; Short=IL-11RA; Contains: RecName: Full=Soluble interleukin-11 receptor subunit alpha {ECO:0000305}; Short=sIL-11R {ECO:0000303|PubMed:26876177}; Short=sIL-11RA; Short=sIL11RA {ECO:0000305}; Flags: Precursor;,"Receptor for interleukin-11 (IL11). The receptor systems for IL6, LIF, OSM, CNTF, IL11 and CT1 can utilize IL6ST for initiating signal transmission. The IL11/IL11RA/IL6ST complex may be involved in the control of proliferation and/or differentiation of skeletogenic progenitor or other mesenchymal cells (Probable). Essential for the normal development of craniofacial bones and teeth. Restricts suture fusion and tooth number. {ECO:0000269|PubMed:21741611, ECO:0000305}.",4,GO:0004921|interleukin-11 receptor activity,GO:0032502|developmental process; GO:0060322|head development; GO:0038154|interleukin-11-mediated signaling pathway,,"[{""go_id"": ""GO:0004921"", ""term_name"": ""interleukin-11 receptor activity"", ""namespace"": ""molecular_function"", ""evidence"": ""IDA""}, {""go_id"": ""GO:0032502"", ""term_name"": ""developmental process"", ""namespace"": ""biological_process"", ""evidence"": ""IMP""}, {""go_id"": ""GO:0060322"", ""term_name"": ""head development"", ""namespace"": ""biological_process"", ""evidence"": ""IMP""}, {""go_id"": ""GO:0038154"", ""term_name"": ""interleukin-11-mediated signaling pathway"", ""namespace"": ""biological_process"", ""evidence"": ""IDA""}]"
P61158,ARP3_HUMAN,ARP3,human,Homo sapiens (Human).,RecName: Full=Actin-related protein 3; AltName: Full=Actin-like protein 3;,"ATP-binding component of the Arp2/3 complex, a multiprotein complex that mediates actin polymerization upon stimulation by nucleation-promoting factor (NPF) (PubMed:9000076). The Arp2/3 complex mediates the formation of branched actin networks in the cytoplasm, providing the force for cell motility (PubMed:9000076). Seems to contact the pointed end of the daughter actin filament (PubMed:9000076). In podocytes, required for the formation of lamellipodia downstream of AVIL and PLCE1 regulation (PubMed:29058690). In addition to its role in the cytoplasmic cytoskeleton, the Arp2/3 complex also promotes actin polymerization in the nucleus, thereby regulating gene transcription and repair of damaged DNA (PubMed:17220302, PubMed:29925947). The Arp2/3 complex promotes homologous recombination (HR) repair in response to DNA damage by promoting nuclear actin polymerization, leading to drive motility of double-strand breaks (DSBs) (PubMed:29925947). Plays a role in ciliogenesis (PubMed:20393563). {ECO:0000269|PubMed:17220302, ECO:0000269|PubMed:20393563, ECO:0000269|PubMed:29058690, ECO:0000269|PubMed:29925947, ECO:0000269|PubMed:9000076}.",12,GO:0005200|structural constituent of cytoskeleton,GO:0034314|Arp2/3 complex-mediated actin nucleation; GO:0060271|cilium assembly; GO:0010592|positive regulation of lamellipodium assembly; GO:0045944|positive regulation of transcription by RNA polymerase II,GO:0005885|Arp2/3 protein complex; GO:0005737|cytoplasm; GO:0070062|extracellular exosome; GO:0005925|focal adhesion; GO:0030027|lamellipodium; GO:0016020|membrane; GO:0005634|nucleus,"[{""go_id"": ""GO:0005885"", ""term_name"": ""Arp2/3 protein complex"", ""namespace"": ""cellular_component"", ""evidence"": ""IDA""}, {""go_id"": ""GO:0005737"", ""term_name"": ""cytoplasm"", ""namespace"": ""cellular_component"", ""evidence"": ""IDA""}, {""go_id"": ""GO:0070062"", ""term_name"": ""extracellular exosome"", ""namespace"": ""cellular_component"", ""evidence"": ""HDA""}, {""go_id"": ""GO:0005925"", ""term_name"": ""focal adhesion"", ""namespace"": ""cellular_component"", ""evidence"": ""HDA""}, {""go_id"": ""GO:0030027"", ""term_name"": ""lamellipodium"", ""namespace"": ""cellular_component"", ""evidence"": ""IDA""}, {""go_id"": ""GO:0016020"", ""term_name"": ""membrane"", ""namespace"": ""cellular_component"", ""evidence"": ""HDA""}, {""go_id"": ""GO:0005634"", ""term_name"": ""nucleus"", ""namespace"": ""cellular_component"", ""evidence"": ""IDA""}, {""go_id"": ""GO:0005200"", ""term_name"": ""structural constituent of cytoskeleton"", ""namespace"": ""molecular_function"", ""evidence"": ""IDA""}, {""go_id"": ""GO:0034314"", ""term_name"": ""Arp2/3 complex-mediated actin nucleation"", ""namespace"": ""biological_process"", ""evidence"": ""IDA""}, {""go_id"": ""GO:0060271"", ""term_name"": ""cilium assembly"", ""namespace"": ""biological_process"", ""evidence"": ""IMP""}, {""go_id"": ""GO:0010592"", ""term_name"": ""positive regulation of lamellipodium assembly"", ""namespace"": ""biological_process"", ""evidence"": ""IDA""}, {""go_id"": ""GO:0045944"", ""term_name"": ""positive regulation of transcription by RNA polymerase II"", ""namespace"": ""biological_process"", ""evidence"": ""IDA""}]"
P06454,PTMA_HUMAN,PTMA,human,Homo sapiens (Human).,"RecName: Full=Prothymosin alpha; Contains: RecName: Full=Prothymosin alpha, N-terminally processed; Contains: RecName: Full=Thymosin alpha-1;",Prothymosin alpha may mediate immune function by conferring resistance to certain opportunistic infections.,7,GO:0005509|calcium ion binding; GO:0140297|DNA-binding transcription factor binding; GO:0042393|histone binding,GO:0043066|negative regulation of apoptotic process,GO:0005829|cytosol; GO:0005654|nucleoplasm; GO:0005634|nucleus,"[{""go_id"": ""GO:0005829"", ""term_name"": ""cytosol"", ""namespace"": ""cellular_component"", ""evidence"": ""IDA""}, {""go_id"": ""GO:0005654"", ""term_name"": ""nucleoplasm"", ""namespace"": ""cellular_component"", ""evidence"": ""IDA""}, {""go_id"": ""GO:0005634"", ""term_name"": ""nucleus"", ""namespace"": ""cellular_component"", ""evidence"": ""IDA""}, {""go_id"": ""GO:0005509"", ""term_name"": ""calcium ion binding"", ""namespace"": ""molecular_function"", ""evidence"": ""EXP""}, {""go_id"": ""GO:0140297"", ""term_name"": ""DNA-binding transcription factor binding"", ""namespace"": ""molecular_function"", ""evidence"": ""IPI""}, {""go_id"": ""GO:0042393"", ""term_name"": ""histone binding"", ""namespace"": ""molecular_function"", ""evidence"": ""IPI""}, {""go_id"": ""GO:0043066"", ""term_name"": ""negative regulation of apoptotic process"", ""namespace"": ""biological_process"", ""evidence"": ""IMP""}]"
Q96ES7,SGF29_HUMAN,SGF29,human,Homo sapiens (Human).,RecName: Full=SAGA-associated factor 29 {ECO:0000305}; AltName: Full=Coiled-coil domain-containing protein 101; AltName: Full=SAGA complex-associated factor 29 {ECO:0000312|HGNC:HGNC:25156};,"Chromatin reader component of some histone acetyltransferase (HAT) SAGA-type complexes like the TFTC-HAT, ATAC or STAGA complexes (PubMed:19103755, PubMed:20850016, PubMed:21685874, PubMed:26421618, PubMed:26578293). SGF29 specifically recognizes and binds methylated 'Lys-4' of histone H3 (H3K4me), with a preference for trimethylated form (H3K4me3) (PubMed:20850016, PubMed:21685874, PubMed:26421618, PubMed:26578293). In the SAGA-type complexes, SGF29 is required to recruit complexes to H3K4me (PubMed:20850016). Involved in the response to endoplasmic reticulum (ER) stress by recruiting the SAGA complex to H3K4me, thereby promoting histone H3 acetylation and cell survival (PubMed:23894581). Also binds non-histone proteins that are methylated on Lys residues: specifically recognizes and binds CGAS monomethylated on 'Lys-506' (By similarity). {ECO:0000250|UniProtKB:Q9DA08, ECO:0000269|PubMed:19103755, ECO:0000269|PubMed:20850016, ECO:0000269|PubMed:21685874, ECO:0000269|PubMed:23894581, ECO:0000269|PubMed:26421618, ECO:0000269|PubMed:26578293}.",11,GO:0140003|histone H3K36me3 reader activity; GO:0140002|histone H3K4me3 reader activity,GO:0000122|negative regulation of transcription by RNA polymerase II; GO:0051726|regulation of cell cycle; GO:0051302|regulation of cell division; GO:0006355|regulation of DNA-templated transcription; GO:0006357|regulation of transcription by RNA polymerase II; GO:0034976|response to endoplasmic reticulum stress; GO:0045815|transcription initiation-coupled chromatin remodeling,GO:0140672|ATAC complex; GO:0070461|SAGA-type complex,"[{""go_id"": ""GO:0140672"", ""term_name"": ""ATAC complex"", ""namespace"": ""cellular_component"", ""evidence"": ""IDA""}, {""go_id"": ""GO:0070461"", ""term_name"": ""SAGA-type complex"", ""namespace"": ""cellular_component"", ""evidence"": ""IDA""}, {""go_id"": ""GO:0140003"", ""term_name"": ""histone H3K36me3 reader activity"", ""namespace"": ""molecular_function"", ""evidence"": ""IDA""}, {""go_id"": ""GO:0140002"", ""term_name"": ""histone H3K4me3 reader activity"", ""namespace"": ""molecular_function"", ""evidence"": ""IDA""}, {""go_id"": ""GO:0000122"", ""term_name"": ""negative regulation of transcription by RNA polymerase II"", ""namespace"": ""biological_process"", ""evidence"": ""IDA""}, {""go_id"": ""GO:0051726"", ""term_name"": ""regulation of cell cycle"", ""namespace"": ""biological_process"", ""evidence"": ""IMP""}, {""go_id"": ""GO:0051302"", ""term_name"": ""regulation of cell division"", ""namespace"": ""biological_process"", ""evidence"": ""IDA""}, {""go_id"": ""GO:0006355"", ""term_name"": ""regulation of DNA-templated transcription"", ""namespace"": ""biological_process"", ""evidence"": ""IMP""}, {""go_id"": ""GO:0006357"", ""term_name"": ""regulation of transcription by RNA polymerase II"", ""namespace"": ""biological_process"", ""evidence"": ""IDA""}, {""go_id"": ""GO:0034976"", ""term_name"": ""response to endoplasmic reticulum stress"", ""namespace"": ""biological_process"", ""evidence"": ""IMP""}, {""go_id"": ""GO:0045815"", ""term_name"": ""transcription initiation-coupled chromatin remodeling"", ""namespace"": ""biological_process"", ""evidence"": ""IMP""}]"
Q07973,CP24A_HUMAN,CP24A,human,Homo sapiens (Human).,"RecName: Full=1,25-dihydroxyvitamin D(3) 24-hydroxylase, mitochondrial {ECO:0000303|PubMed:8506296}; Short=24-OHase; Short=Vitamin D(3) 24-hydroxylase; EC=1.14.15.16 {ECO:0000269|PubMed:15574355, ECO:0000269|PubMed:16617161, ECO:0000269|PubMed:21675912, ECO:0000269|PubMed:24893882, ECO:0000269|PubMed:8679605}; AltName: Full=Cytochrome P450 24A1; AltName: Full=Cytochrome P450-CC24; Flags: Precursor;","A cytochrome P450 monooxygenase with a key role in vitamin D catabolism and calcium homeostasis. Via C24- and C23-oxidation pathways, catalyzes the inactivation of both the vitamin D precursor calcidiol (25-hydroxyvitamin D(3)) and the active hormone calcitriol (1-alpha,25-dihydroxyvitamin D(3)) (PubMed:11012668, PubMed:15574355, PubMed:16617161, PubMed:24893882, PubMed:29461981, PubMed:8679605). With initial hydroxylation at C-24 (via C24-oxidation pathway), performs a sequential 6-step oxidation of calcitriol leading to the formation of the biliary metabolite calcitroic acid (PubMed:15574355, PubMed:24893882). With initial hydroxylation at C-23 (via C23-oxidation pathway), catalyzes sequential oxidation of calcidiol leading to the formation of 25(OH)D3-26,23-lactone as end product (PubMed:11012668, PubMed:8679605). Preferentially hydroxylates at C-25 other vitamin D active metabolites, such as CYP11A1-derived secosteroids 20S- hydroxycholecalciferol and 20S,23-dihydroxycholecalciferol (PubMed:25727742). Mechanistically, uses molecular oxygen inserting one oxygen atom into a substrate, and reducing the second into a water molecule, with two electrons provided by NADPH via FDXR/adrenodoxin reductase and FDX1/adrenodoxin (PubMed:8679605). {ECO:0000269|PubMed:11012668, ECO:0000269|PubMed:15574355, ECO:0000269|PubMed:16617161, ECO:0000269|PubMed:24893882, ECO:0000269|PubMed:25727742, ECO:0000269|PubMed:29461981, ECO:0000269|PubMed:8679605}.",8,"GO:0062181|1-alpha,25-dihydroxyvitamin D3 23-hydroxylase activity; GO:0030342|1-alpha,25-dihydroxyvitamin D3 24-hydroxylase activity; GO:0062180|25-hydroxycholecalciferol-23-hydroxylase activity; GO:0008403|25-hydroxycholecalciferol-24-hydroxylase activity; GO:0030343|vitamin D3 25-hydroxylase activity",GO:0001649|osteoblast differentiation; GO:0033280|response to vitamin D; GO:0042369|vitamin D catabolic process,,"[{""go_id"": ""GO:0062181"", ""term_name"": ""1-alpha,25-dihydroxyvitamin D3 23-hydroxylase activity"", ""namespace"": ""molecular_function"", ""evidence"": ""IDA""}, {""go_id"": ""GO:0030342"", ""term_name"": ""1-alpha,25-dihydroxyvitamin D3 24-hydroxylase activity"", ""namespace"": ""molecular_function"", ""evidence"": ""IDA""}, {""go_id"": ""GO:0062180"", ""term_name"": ""25-hydroxycholecalciferol-23-hydroxylase activity"", ""namespace"": ""molecular_function"", ""evidence"": ""IDA""}, {""go_id"": ""GO:0008403"", ""term_name"": ""25-hydroxycholecalciferol-24-hydroxylase activity"", ""namespace"": ""molecular_function"", ""evidence"": ""IDA""}, {""go_id"": ""GO:0030343"", ""term_name"": ""vitamin D3 25-hydroxylase activity"", ""namespace"": ""molecular_function"", ""evidence"": ""IDA""}, {""go_id"": ""GO:0001649"", ""term_name"": ""osteoblast differentiation"", ""namespace"": ""biological_process"", ""evidence"": ""IEP""}, {""go_id"": ""GO:0033280"", ""term_name"": ""response to vitamin D"", ""namespace"": ""biological_process"", ""evidence"": ""IDA""}, {""go_id"": ""GO:0042369"", ""term_name"": ""vitamin D catabolic process"", ""namespace"": ""biological_process"", ""evidence"": ""IDA""}]"
Q9UMX5,NENF_HUMAN,NENF,human,Homo sapiens (Human).,RecName: Full=Neudesin; AltName: Full=Cell immortalization-related protein 2; AltName: Full=Neuron-derived neurotrophic factor; AltName: Full=Protein GIG47 {ECO:0000303|PubMed:22748190}; AltName: Full=Secreted protein of unknown function; Short=SPUF protein; Flags: Precursor;,"Acts as a neurotrophic factor in postnatal mature neurons enhancing neuronal survival (PubMed:31536960). Promotes cell proliferation and neurogenesis in undifferentiated neural progenitor cells at the embryonic stage and inhibits differentiation of astrocytes (By similarity). Its neurotrophic activity is exerted via MAPK1/ERK2, MAPK3/ERK1 and AKT1/AKT pathways (By similarity). Neurotrophic activity is enhanced by binding to heme (By similarity). Also acts as an anorexigenic neurotrophic factor that contributes to energy balance (By similarity). {ECO:0000250|UniProtKB:Q9CQ45, ECO:0000269|PubMed:31536960}.",3,,,GO:0005783|endoplasmic reticulum; GO:0005615|extracellular space; GO:0005739|mitochondrion,"[{""go_id"": ""GO:0005783"", ""term_name"": ""endoplasmic reticulum"", ""namespace"": ""cellular_component"", ""evidence"": ""IDA""}, {""go_id"": ""GO:0005615"", ""term_name"": ""extracellular space"", ""namespace"": ""cellular_component"", ""evidence"": ""IDA""}, {""go_id"": ""GO:0005739"", ""term_name"": ""mitochondrion"", ""namespace"": ""cellular_component"", ""evidence"": ""IDA""}]"
P29466,CASP1_HUMAN,CASP1,human,Homo sapiens (Human).,"RecName: Full=Caspase-1; Short=CASP-1; EC=3.4.22.36 {ECO:0000269|PubMed:1574116, ECO:0000269|PubMed:37993714, ECO:0000269|PubMed:9334240}; AltName: Full=Interleukin-1 beta convertase {ECO:0000303|PubMed:1574116}; Short=IL-1BC {ECO:0000303|PubMed:1574116}; AltName: Full=Interleukin-1 beta-converting enzyme {ECO:0000303|PubMed:11051551, ECO:0000303|PubMed:1574116}; Short=ICE {ECO:0000303|PubMed:11051551, ECO:0000303|PubMed:1574116, ECO:0000303|PubMed:37993714}; Short=IL-1 beta-converting enzyme {ECO:0000303|PubMed:11051551, ECO:0000303|PubMed:1574116}; AltName: Full=p45; Contains: RecName: Full=Caspase-1 subunit p20 {ECO:0000303|PubMed:8044845}; Contains: RecName: Full=Caspase-1 subunit p10 {ECO:0000303|PubMed:8044845}; Flags: Precursor;","Thiol protease involved in a variety of inflammatory processes by proteolytically cleaving other proteins, such as the precursors of the inflammatory cytokines interleukin-1 beta (IL1B) and interleukin 18 (IL18) as well as the pyroptosis inducer Gasdermin-D (GSDMD), into active mature peptides (PubMed:15326478, PubMed:15498465, PubMed:1574116, PubMed:26375003, PubMed:32051255, PubMed:37993714, PubMed:7876192, PubMed:9334240). Plays a key role in cell immunity as an inflammatory response initiator: once activated through formation of an inflammasome complex, it initiates a pro-inflammatory response through the cleavage of the two inflammatory cytokines IL1B and IL18, releasing the mature cytokines which are involved in a variety of inflammatory processes (PubMed:15326478, PubMed:15498465, PubMed:1574116, PubMed:32051255, PubMed:7876192). Cleaves a tetrapeptide after an Asp residue at position P1 (PubMed:15498465, PubMed:1574116, PubMed:7876192). Also initiates pyroptosis, a programmed lytic cell death pathway, through cleavage of GSDMD (PubMed:26375003). In contrast to cleavage of interleukin IL1B, recognition and cleavage of GSDMD is not strictly dependent on the consensus cleavage site but depends on an exosite interface on CASP1 that recognizes and binds the Gasdermin-D, C-terminal (GSDMD-CT) part (PubMed:32051255, PubMed:32109412, PubMed:32553275). Cleaves and activates CASP7 in response to bacterial infection, promoting plasma membrane repair (PubMed:22464733). Upon inflammasome activation, during DNA virus infection but not RNA virus challenge, controls antiviral immunity through the cleavage of CGAS, rendering it inactive (PubMed:28314590). In apoptotic cells, cleaves SPHK2 which is released from cells and remains enzymatically active extracellularly (PubMed:20197547). {ECO:0000269|PubMed:15326478, ECO:0000269|PubMed:15498465, ECO:0000269|PubMed:1574116, ECO:0000269|PubMed:20197547, ECO:0000269|PubMed:22464733, ECO:0000269|PubMed:26375003, ECO:0000269|PubMed:28314590, ECO:0000269|PubMed:32051255, ECO:0000269|PubMed:32109412, ECO:0000269|PubMed:32553275, ECO:0000269|PubMed:37993714, ECO:0000269|PubMed:7876192, ECO:0000269|PubMed:9334240}.",30,GO:0050700|CARD domain binding; GO:0004197|cysteine-type endopeptidase activity; GO:0019955|cytokine binding; GO:0004175|endopeptidase activity; GO:0042802|identical protein binding; GO:0019900|kinase binding,GO:0140970|AIM2 inflammasome complex assembly; GO:0071222|cellular response to lipopolysaccharide; GO:0071260|cellular response to mechanical stimulus; GO:0071346|cellular response to type II interferon; GO:0140447|cytokine precursor processing; GO:0043123|positive regulation of canonical NF-kappaB signal transduction; GO:0050729|positive regulation of inflammatory response; GO:0032731|positive regulation of interleukin-1 beta production; GO:0032741|positive regulation of interleukin-18 production; GO:1903265|positive regulation of tumor necrosis factor-mediated signaling pathway; GO:0016540|protein autoprocessing; GO:0051604|protein maturation; GO:0006508|proteolysis; GO:0070269|pyroptotic inflammatory response; GO:0050727|regulation of inflammatory response; GO:0140448|signaling receptor ligand precursor processing,GO:0097169|AIM2 inflammasome complex; GO:0061702|canonical inflammasome complex; GO:0005737|cytoplasm; GO:0005829|cytosol; GO:0072558|NLRP1 inflammasome complex; GO:0072559|NLRP3 inflammasome complex; GO:0097179|protease inhibitor complex; GO:0032991|protein-containing complex,"[{""go_id"": ""GO:0097169"", ""term_name"": ""AIM2 inflammasome complex"", ""namespace"": ""cellular_component"", ""evidence"": ""IDA""}, {""go_id"": ""GO:0061702"", ""term_name"": ""canonical inflammasome complex"", ""namespace"": ""cellular_component"", ""evidence"": ""IPI""}, {""go_id"": ""GO:0005737"", ""term_name"": ""cytoplasm"", ""namespace"": ""cellular_component"", ""evidence"": ""IDA""}, {""go_id"": ""GO:0005829"", ""term_name"": ""cytosol"", ""namespace"": ""cellular_component"", ""evidence"": ""IDA""}, {""go_id"": ""GO:0072558"", ""term_name"": ""NLRP1 inflammasome complex"", ""namespace"": ""cellular_component"", ""evidence"": ""IDA""}, {""go_id"": ""GO:0072559"", ""term_name"": ""NLRP3 inflammasome complex"", ""namespace"": ""cellular_component"", ""evidence"": ""IDA""}, {""go_id"": ""GO:0097179"", ""term_name"": ""protease inhibitor complex"", ""namespace"": ""cellular_component"", ""evidence"": ""IMP""}, {""go_id"": ""GO:0032991"", ""term_name"": ""protein-containing complex"", ""namespace"": ""cellular_component"", ""evidence"": ""IDA""}, {""go_id"": ""GO:0050700"", ""term_name"": ""CARD domain binding"", ""namespace"": ""molecular_function"", ""evidence"": ""IPI""}, {""go_id"": ""GO:0004197"", ""term_name"": ""cysteine-type endopeptidase activity"", ""namespace"": ""molecular_function"", ""evidence"": ""IDA""}, {""go_id"": ""GO:0019955"", ""term_name"": ""cytokine binding"", ""namespace"": ""molecular_function"", ""evidence"": ""IPI""}, {""go_id"": ""GO:0004175"", ""term_name"": ""endopeptidase activity"", ""namespace"": ""molecular_function"", ""evidence"": ""IDA""}, {""go_id"": ""GO:0042802"", ""term_name"": ""identical protein binding"", ""namespace"": ""molecular_function"", ""evidence"": ""IMP""}, {""go_id"": ""GO:0019900"", ""term_name"": ""kinase binding"", ""namespace"": ""molecular_function"", ""evidence"": ""IPI""}, {""go_id"": ""GO:0140970"", ""term_name"": ""AIM2 inflammasome complex assembly"", ""namespace"": ""biological_process"", ""evidence"": ""IDA""}, {""go_id"": ""GO:0071222"", ""term_name"": ""cellular response to lipopolysaccharide"", ""namespace"": ""biological_process"", ""evidence"": ""IDA""}, {""go_id"": ""GO:0071260"", ""term_name"": ""cellular response to mechanical stimulus"", ""namespace"": ""biological_process"", ""evidence"": ""IEP""}, {""go_id"": ""GO:0071346"", ""term_name"": ""cellular response to type II interferon"", ""namespace"": ""biological_process"", ""evidence"": ""IMP""}, {""go_id"": ""GO:0140447"", ""term_name"": ""cytokine precursor processing"", ""namespace"": ""biological_process"", ""evidence"": ""IGI""}, {""go_id"": ""GO:0043123"", ""term_name"": ""positive regulation of canonical NF-kappaB signal transduction"", ""namespace"": ""biological_process"", ""evidence"": ""IMP""}, {""go_id"": ""GO:0050729"", ""term_name"": ""positive regulation of inflammatory response"", ""namespace"": ""biological_process"", ""evidence"": ""IDA""}, {""go_id"": ""GO:0032731"", ""term_name"": ""positive regulation of interleukin-1 beta production"", ""namespace"": ""biological_process"", ""evidence"": ""IDA""}, {""go_id"": ""GO:0032741"", ""term_name"": ""positive regulation of interleukin-18 production"", ""namespace"": ""biological_process"", ""evidence"": ""IDA""}, {""go_id"": ""GO:1903265"", ""term_name"": ""positive regulation of tumor necrosis factor-mediated signaling pathway"", ""namespace"": ""biological_process"", ""evidence"": ""IMP""}, {""go_id"": ""GO:0016540"", ""term_name"": ""protein autoprocessing"", ""namespace"": ""biological_process"", ""evidence"": ""IDA""}, {""go_id"": ""GO:0051604"", ""term_name"": ""protein maturation"", ""namespace"": ""biological_process"", ""evidence"": ""IDA""}, {""go_id"": ""GO:0006508"", ""term_name"": ""proteolysis"", ""namespace"": ""biological_process"", ""evidence"": ""IDA""}, {""go_id"": ""GO:0070269"", ""term_name"": ""pyroptotic inflammatory response"", ""namespace"": ""biological_process"", ""evidence"": ""IDA""}, {""go_id"": ""GO:0050727"", ""term_name"": ""regulation of inflammatory response"", ""namespace"": ""biological_process"", ""evidence"": ""IDA""}, {""go_id"": ""GO:0140448"", ""term_name"": ""signaling receptor ligand precursor processing"", ""namespace"": ""biological_process"", ""evidence"": ""IGI""}]"
O60493,SNX3_HUMAN,SNX3,human,Homo sapiens (Human).,RecName: Full=Sorting nexin-3; AltName: Full=Protein SDP3;,"Phosphoinositide-binding protein required for multivesicular body formation. Specifically binds phosphatidylinositol 3-phosphate (PtdIns(P3)). Can also bind phosphatidylinositol 4-phosphate (PtdIns(P4)), phosphatidylinositol 5-phosphate (PtdIns(P5)) and phosphatidylinositol 3,5-biphosphate (PtdIns(3,5)P2) (By similarity). Plays a role in protein transport between cellular compartments. Together with RAB7A facilitates endosome membrane association of the retromer cargo-selective subcomplex (CSC/VPS). May in part act as component of the SNX3-retromer complex which mediates the retrograde endosome-to-TGN transport of WLS distinct from the SNX-BAR retromer pathway (PubMed:21725319, PubMed:24344282, PubMed:30213940). Promotes stability and cell surface expression of epithelial sodium channel (ENAC) subunits SCNN1A and SCNN1G (By similarity). Not involved in EGFR degradation. Involved in the regulation of phagocytosis in dendritic cells possibly by regulating EEA1 recruitment to the nascent phagosomes (PubMed:23237080). Involved in iron homeostasis through regulation of endocytic recycling of the transferrin receptor TFRC presumably by delivering the transferrin:transferrin receptor complex to recycling endosomes; the function may involve the CSC retromer subcomplex (By similarity). Involved in regulation of neurite outgrowth in primary neurons (By similarity). Required for trafficking of WLS to the early endosome for recycling which promotes both canonical and non-canonical WNT signaling and is essential for neural tube closure (By similarity). {ECO:0000250|UniProtKB:O70492, ECO:0000269|PubMed:11433298, ECO:0000269|PubMed:18767904, ECO:0000269|PubMed:21725319, ECO:0000269|PubMed:23237080, ECO:0000269|PubMed:24344282, ECO:0000305|PubMed:21725319}.",21,GO:0032266|phosphatidylinositol-3-phosphate binding; GO:0019903|protein phosphatase binding; GO:1905394|retromer complex binding,GO:0046597|host-mediated suppression of symbiont invasion; GO:0070676|intralumenal vesicle formation; GO:0010324|membrane invagination; GO:2000642|negative regulation of early endosome to late endosome transport; GO:0050765|negative regulation of phagocytosis; GO:0042177|negative regulation of protein catabolic process; GO:0051224|negative regulation of protein transport; GO:0022615|protein to membrane docking; GO:0030111|regulation of Wnt signaling pathway; GO:0009617|response to bacterium,GO:0030136|clathrin-coated vesicle; GO:0005737|cytoplasm; GO:0005829|cytosol; GO:0005769|early endosome; GO:0031901|early endosome membrane; GO:0032009|early phagosome; GO:0010008|endosome membrane; GO:0070062|extracellular exosome,"[{""go_id"": ""GO:0030136"", ""term_name"": ""clathrin-coated vesicle"", ""namespace"": ""cellular_component"", ""evidence"": ""IDA""}, {""go_id"": ""GO:0005737"", ""term_name"": ""cytoplasm"", ""namespace"": ""cellular_component"", ""evidence"": ""IDA""}, {""go_id"": ""GO:0005829"", ""term_name"": ""cytosol"", ""namespace"": ""cellular_component"", ""evidence"": ""IDA""}, {""go_id"": ""GO:0005769"", ""term_name"": ""early endosome"", ""namespace"": ""cellular_component"", ""evidence"": ""IDA""}, {""go_id"": ""GO:0031901"", ""term_name"": ""early endosome membrane"", ""namespace"": ""cellular_component"", ""evidence"": ""IDA""}, {""go_id"": ""GO:0032009"", ""term_name"": ""early phagosome"", ""namespace"": ""cellular_component"", ""evidence"": ""IDA""}, {""go_id"": ""GO:0010008"", ""term_name"": ""endosome membrane"", ""namespace"": ""cellular_component"", ""evidence"": ""IDA""}, {""go_id"": ""GO:0070062"", ""term_name"": ""extracellular exosome"", ""namespace"": ""cellular_component"", ""evidence"": ""HDA""}, {""go_id"": ""GO:0032266"", ""term_name"": ""phosphatidylinositol-3-phosphate binding"", ""namespace"": ""molecular_function"", ""evidence"": ""IDA""}, {""go_id"": ""GO:0019903"", ""term_name"": ""protein phosphatase binding"", ""namespace"": ""molecular_function"", ""evidence"": ""IPI""}, {""go_id"": ""GO:1905394"", ""term_name"": ""retromer complex binding"", ""namespace"": ""molecular_function"", ""evidence"": ""IDA""}, {""go_id"": ""GO:0046597"", ""term_name"": ""host-mediated suppression of symbiont invasion"", ""namespace"": ""biological_process"", ""evidence"": ""IDA""}, {""go_id"": ""GO:0070676"", ""term_name"": ""intralumenal vesicle formation"", ""namespace"": ""biological_process"", ""evidence"": ""IMP""}, {""go_id"": ""GO:0010324"", ""term_name"": ""membrane invagination"", ""namespace"": ""biological_process"", ""evidence"": ""IDA""}, {""go_id"": ""GO:2000642"", ""term_name"": ""negative regulation of early endosome to late endosome transport"", ""namespace"": ""biological_process"", ""evidence"": ""IDA""}, {""go_id"": ""GO:0050765"", ""term_name"": ""negative regulation of phagocytosis"", ""namespace"": ""biological_process"", ""evidence"": ""IMP""}, {""go_id"": ""GO:0042177"", ""term_name"": ""negative regulation of protein catabolic process"", ""namespace"": ""biological_process"", ""evidence"": ""IDA""}, {""go_id"": ""GO:0051224"", ""term_name"": ""negative regulation of protein transport"", ""namespace"": ""biological_process"", ""evidence"": ""IDA""}, {""go_id"": ""GO:0022615"", ""term_name"": ""protein to membrane docking"", ""namespace"": ""biological_process"", ""evidence"": ""IDA""}, {""go_id"": ""GO:0030111"", ""term_name"": ""regulation of Wnt signaling pathway"", ""namespace"": ""biological_process"", ""evidence"": ""IMP""}, {""go_id"": ""GO:0009617"", ""term_name"": ""response to bacterium"", ""namespace"": ""biological_process"", ""evidence"": ""IDA""}]"
Q13303,KCAB2_HUMAN,KCAB2,human,Homo sapiens (Human).,RecName: Full=Voltage-gated potassium channel subunit beta-2; EC=1.1.1.- {ECO:0000250|UniProtKB:P62483}; AltName: Full=K(+) channel subunit beta-2; AltName: Full=Kv-beta-2; Short=hKvbeta2;,"Regulatory subunit of the voltage-gated potassium (Kv) Shaker channels composed of pore-forming and potassium-conducting alpha subunits and of regulatory beta subunits (PubMed:11825900, PubMed:7649300). The beta-2/KCNAB2 cytoplasmic subunit promotes potassium channel closure via a mechanism that does not involve physical obstruction of the channel pore (PubMed:11825900, PubMed:7649300). Promotes the inactivation of Kv1.4/KCNA4 and Kv1.5/KCNA5 alpha subunit-containing channels (PubMed:11825900, PubMed:7649300). Displays nicotinamide adenine dinucleotide phosphate (NADPH)-dependent aldoketoreductase activity by catalyzing the NADPH- dependent reduction of a wide range of aldehyde and ketone substrates (By similarity). Substrate specificity includes methylglyoxal, 9,10- phenanthrenequinone, prostaglandin J2, 4-nitrobenzaldehyde, 4- nitroacetophenone and 4-oxo-trans-2-nonenal (in vitro, no physiological substrate identified yet) (By similarity). The binding of oxidized and reduced nucleotide alters Kv channel gating and may contribute to dynamic fine tuning of cell excitability (By similarity). Contributes to the regulation of nerve signaling, and prevents neuronal hyperexcitability (By similarity). {ECO:0000250|UniProtKB:P62482, ECO:0000250|UniProtKB:P62483, ECO:0000269|PubMed:11825900, ECO:0000269|PubMed:7649300}.",5,GO:0015459|potassium channel regulator activity,GO:1901379|regulation of potassium ion transmembrane transport,GO:0044224|juxtaparanode region of axon; GO:0016020|membrane; GO:0008076|voltage-gated potassium channel complex,"[{""go_id"": ""GO:0044224"", ""term_name"": ""juxtaparanode region of axon"", ""namespace"": ""cellular_component"", ""evidence"": ""IDA""}, {""go_id"": ""GO:0016020"", ""term_name"": ""membrane"", ""namespace"": ""cellular_component"", ""evidence"": ""IDA""}, {""go_id"": ""GO:0008076"", ""term_name"": ""voltage-gated potassium channel complex"", ""namespace"": ""cellular_component"", ""evidence"": ""IDA""}, {""go_id"": ""GO:0015459"", ""term_name"": ""potassium channel regulator activity"", ""namespace"": ""molecular_function"", ""evidence"": ""IDA""}, {""go_id"": ""GO:1901379"", ""term_name"": ""regulation of potassium ion transmembrane transport"", ""namespace"": ""biological_process"", ""evidence"": ""IDA""}]"
Q6R6M4,U17L2_HUMAN,U17L2,human,Homo sapiens (Human).,"RecName: Full=Ubiquitin carboxyl-terminal hydrolase 17; Short=USP17; EC=3.4.19.12 {ECO:0000269|PubMed:14699124, ECO:0000269|PubMed:20228808, ECO:0000269|PubMed:20368735}; AltName: Full=Deubiquitinating enzyme 17-like protein 2; AltName: Full=Deubiquitinating protein 3; Short=DUB-3; AltName: Full=Ubiquitin carboxyl-terminal hydrolase 17-like protein 2; AltName: Full=Ubiquitin thioesterase 17-like protein 2; AltName: Full=Ubiquitin-specific-processing protease 17-like protein 2;","Deubiquitinating enzyme that removes conjugated ubiquitin from specific proteins to regulate different cellular processes. Regulates cell proliferation by deubiquitinating and inhibiting RCE1 thereby controlling the small GTPases NRAS and HRAS localization and activation. In parallel, mediates deubiquitination of CDC25A, preventing CDC25A degradation by the proteasome during the G1/S and G2/M phases promoting cell-cycle progression. Also regulates cell proliferation and apoptosis through deubiquitination of SUDS3 a regulator of histone deacetylation. Through activation of the Rho family GTPases RAC1A, CDC42 and RHOA, regulates cell migration. Through the cleavage of 'Lys-48'- and 'Lys-63'-linked polyubiquitin chains of the cytoplasmic innate immune receptors RIGI and IFIH1 stimulates the cellular response to viral infection. {ECO:0000269|PubMed:14699124, ECO:0000269|PubMed:17109758, ECO:0000269|PubMed:19188362, ECO:0000269|PubMed:20147298, ECO:0000269|PubMed:20228808, ECO:0000269|PubMed:20368735, ECO:0000269|PubMed:20388806, ECO:0000269|PubMed:21239494, ECO:0000269|PubMed:21448158}.",18,GO:0004843|cysteine-type deubiquitinase activity,GO:0071586|CAAX-box protein processing; GO:0034260|negative regulation of GTPase activity; GO:0010955|negative regulation of protein processing; GO:0090315|negative regulation of protein targeting to membrane; GO:0043547|positive regulation of GTPase activity; GO:1900245|positive regulation of MDA-5 signaling pathway; GO:1900246|positive regulation of RIG-I signaling pathway; GO:0016579|protein deubiquitination; GO:0071108|protein K48-linked deubiquitination; GO:0070536|protein K63-linked deubiquitination; GO:0030334|regulation of cell migration; GO:0042127|regulation of cell population proliferation; GO:0050691|regulation of defense response to virus by host; GO:0110030|regulation of G2/MI transition of meiotic cell cycle; GO:1900027|regulation of ruffle assembly,GO:0005789|endoplasmic reticulum membrane; GO:0005634|nucleus,"[{""go_id"": ""GO:0005789"", ""term_name"": ""endoplasmic reticulum membrane"", ""namespace"": ""cellular_component"", ""evidence"": ""IDA""}, {""go_id"": ""GO:0005634"", ""term_name"": ""nucleus"", ""namespace"": ""cellular_component"", ""evidence"": ""IDA""}, {""go_id"": ""GO:0004843"", ""term_name"": ""cysteine-type deubiquitinase activity"", ""namespace"": ""molecular_function"", ""evidence"": ""IDA""}, {""go_id"": ""GO:0071586"", ""term_name"": ""CAAX-box protein processing"", ""namespace"": ""biological_process"", ""evidence"": ""IMP""}, {""go_id"": ""GO:0034260"", ""term_name"": ""negative regulation of GTPase activity"", ""namespace"": ""biological_process"", ""evidence"": ""IDA""}, {""go_id"": ""GO:0010955"", ""term_name"": ""negative regulation of protein processing"", ""namespace"": ""biological_process"", ""evidence"": ""IMP""}, {""go_id"": ""GO:0090315"", ""term_name"": ""negative regulation of protein targeting to membrane"", ""namespace"": ""biological_process"", ""evidence"": ""IMP""}, {""go_id"": ""GO:0043547"", ""term_name"": ""positive regulation of GTPase activity"", ""namespace"": ""biological_process"", ""evidence"": ""IMP""}, {""go_id"": ""GO:1900245"", ""term_name"": ""positive regulation of MDA-5 signaling pathway"", ""namespace"": ""biological_process"", ""evidence"": ""IMP""}, {""go_id"": ""GO:1900246"", ""term_name"": ""positive regulation of RIG-I signaling pathway"", ""namespace"": ""biological_process"", ""evidence"": ""IMP""}, {""go_id"": ""GO:0016579"", ""term_name"": ""protein deubiquitination"", ""namespace"": ""biological_process"", ""evidence"": ""IDA""}, {""go_id"": ""GO:0071108"", ""term_name"": ""protein K48-linked deubiquitination"", ""namespace"": ""biological_process"", ""evidence"": ""IMP""}, {""go_id"": ""GO:0070536"", ""term_name"": ""protein K63-linked deubiquitination"", ""namespace"": ""biological_process"", ""evidence"": ""IMP""}, {""go_id"": ""GO:0030334"", ""term_name"": ""regulation of cell migration"", ""namespace"": ""biological_process"", ""evidence"": ""IMP""}, {""go_id"": ""GO:0042127"", ""term_name"": ""regulation of cell population proliferation"", ""namespace"": ""biological_process"", ""evidence"": ""IMP""}, {""go_id"": ""GO:0050691"", ""term_name"": ""regulation of defense response to virus by host"", ""namespace"": ""biological_process"", ""evidence"": ""IMP""}, {""go_id"": ""GO:0110030"", ""term_name"": ""regulation of G2/MI transition of meiotic cell cycle"", ""namespace"": ""biological_process"", ""evidence"": ""IMP""}, {""go_id"": ""GO:1900027"", ""term_name"": ""regulation of ruffle assembly"", ""namespace"": ""biological_process"", ""evidence"": ""IMP""}]"
Q6PJ69,TRI65_HUMAN,TRI65,human,Homo sapiens (Human).,"RecName: Full=E3 ubiquitin-protein ligase TRIM65; EC=2.3.2.27 {ECO:0000269|PubMed:24778252, ECO:0000269|PubMed:31310649}; AltName: Full=Tripartite motif-containing protein 65;","E3 ubiquitin ligase that plays a role in several processes including innate immnity, autophagy or inflammation (PubMed:28594402, PubMed:34512673). Negatively regulates miRNAs by modulating the ubiquitination and stability of TNRC6A, a protein involved in RNA- mediated gene silencing by both micro-RNAs (miRNAs) and short interfering RNAs (PubMed:24778252). This ubiquitination results in the suppressed expression of miR-138-5p leading to increased autophagy (PubMed:31160576). Upon enteroviral infection, promotes 'Lys-63'- mediated ubiquitination activation of IFIH1/MDA5 leading to innate signaling cascade (PubMed:28594402). Mechanistically, selectively recognizes MDA5 filaments that occur on dsRNAs (PubMed:33373584). Plays also a role in limitation of inflammation through different mechanisms. First, promotes 'Lys-48'-mediated ubiquitination of VCAM1 leading to its degradation and limitation of LPS-induced lung inflammation (PubMed:31310649). In addition, negatively regulates inflammasome activation by promoting 'lys48'-linked ubiquitination of NLRP3 which is critical for the inhibition of NLRP3 inflammasome activation in resting macrophages (PubMed:34512673). {ECO:0000269|PubMed:24778252, ECO:0000269|PubMed:28594402, ECO:0000269|PubMed:31160576, ECO:0000269|PubMed:31310649, ECO:0000269|PubMed:33373584, ECO:0000269|PubMed:34512673}.",15,GO:0019904|protein domain specific binding; GO:0061630|ubiquitin protein ligase activity; GO:0004842|ubiquitin-protein transferase activity,GO:0140374|antiviral innate immune response; GO:0050728|negative regulation of inflammatory response; GO:1900226|negative regulation of NLRP3 inflammasome complex assembly; GO:0010508|positive regulation of autophagy; GO:0032728|positive regulation of interferon-beta production; GO:0032461|positive regulation of protein oligomerization; GO:0070936|protein K48-linked ubiquitination; GO:0070534|protein K63-linked ubiquitination; GO:0060337|type I interferon-mediated signaling pathway,GO:0005737|cytoplasm; GO:0005829|cytosol; GO:0005654|nucleoplasm,"[{""go_id"": ""GO:0005737"", ""term_name"": ""cytoplasm"", ""namespace"": ""cellular_component"", ""evidence"": ""IDA""}, {""go_id"": ""GO:0005829"", ""term_name"": ""cytosol"", ""namespace"": ""cellular_component"", ""evidence"": ""IDA""}, {""go_id"": ""GO:0005654"", ""term_name"": ""nucleoplasm"", ""namespace"": ""cellular_component"", ""evidence"": ""IDA""}, {""go_id"": ""GO:0019904"", ""term_name"": ""protein domain specific binding"", ""namespace"": ""molecular_function"", ""evidence"": ""IPI""}, {""go_id"": ""GO:0061630"", ""term_name"": ""ubiquitin protein ligase activity"", ""namespace"": ""molecular_function"", ""evidence"": ""IDA""}, {""go_id"": ""GO:0004842"", ""term_name"": ""ubiquitin-protein transferase activity"", ""namespace"": ""molecular_function"", ""evidence"": ""IDA""}, {""go_id"": ""GO:0140374"", ""term_name"": ""antiviral innate immune response"", ""namespace"": ""biological_process"", ""evidence"": ""IDA""}, {""go_id"": ""GO:0050728"", ""term_name"": ""negative regulation of inflammatory response"", ""namespace"": ""biological_process"", ""evidence"": ""IDA""}, {""go_id"": ""GO:1900226"", ""term_name"": ""negative regulation of NLRP3 inflammasome complex assembly"", ""namespace"": ""biological_process"", ""evidence"": ""IDA""}, {""go_id"": ""GO:0010508"", ""term_name"": ""positive regulation of autophagy"", ""namespace"": ""biological_process"", ""evidence"": ""IMP""}, {""go_id"": ""GO:0032728"", ""term_name"": ""positive regulation of interferon-beta production"", ""namespace"": ""biological_process"", ""evidence"": ""IDA""}, {""go_id"": ""GO:0032461"", ""term_name"": ""positive regulation of protein oligomerization"", ""namespace"": ""biological_process"", ""evidence"": ""IMP""}, {""go_id"": ""GO:0070936"", ""term_name"": ""protein K48-linked ubiquitination"", ""namespace"": ""biological_process"", ""evidence"": ""IDA""}, {""go_id"": ""GO:0070534"", ""term_name"": ""protein K63-linked ubiquitination"", ""namespace"": ""biological_process"", ""evidence"": ""IDA""}, {""go_id"": ""GO:0060337"", ""term_name"": ""type I interferon-mediated signaling pathway"", ""namespace"": ""biological_process"", ""evidence"": ""IMP""}]"
P98088,MUC5A_HUMAN,MUC5A,human,Homo sapiens (Human).,"RecName: Full=Mucin-5AC {ECO:0000305}; Short=MUC-5AC {ECO:0000305}; AltName: Full=Gastric mucin {ECO:0000303|PubMed:8948439}; AltName: Full=Major airway glycoprotein {ECO:0000303|PubMed:7513696}; AltName: Full=Mucin-5 subtype AC, tracheobronchial; AltName: Full=Tracheobronchial mucin {ECO:0000303|PubMed:2656675}; Short=TBM {ECO:0000303|PubMed:7513696}; Flags: Precursor;","Gel-forming glycoprotein of gastric and respiratory tract epithelia that protects the mucosa from infection and chemical damage by binding to inhaled microorganisms and particles that are subsequently removed by the mucociliary system (PubMed:14535999, PubMed:14718370). Interacts with H.pylori in the gastric epithelium, Barrett's esophagus as well as in gastric metaplasia of the duodenum (GMD) (PubMed:14535999). {ECO:0000269|PubMed:14535999, ECO:0000303|PubMed:14535999, ECO:0000303|PubMed:14718370}.",3,,,GO:0070062|extracellular exosome; GO:0005615|extracellular space; GO:0070701|mucus layer,"[{""go_id"": ""GO:0070062"", ""term_name"": ""extracellular exosome"", ""namespace"": ""cellular_component"", ""evidence"": ""HDA""}, {""go_id"": ""GO:0005615"", ""term_name"": ""extracellular space"", ""namespace"": ""cellular_component"", ""evidence"": ""IDA""}, {""go_id"": ""GO:0070701"", ""term_name"": ""mucus layer"", ""namespace"": ""cellular_component"", ""evidence"": ""IDA""}]"
P26639,SYTC_HUMAN,SYTC,human,Homo sapiens (Human).,"RecName: Full=Threonine--tRNA ligase 1, cytoplasmic {ECO:0000305}; EC=6.1.1.3 {ECO:0000269|PubMed:25824639}; AltName: Full=Threonyl-tRNA synthetase; Short=ThrRS; AltName: Full=Threonyl-tRNA synthetase 1 {ECO:0000312|HGNC:HGNC:11572};","Catalyzes the attachment of threonine to tRNA(Thr) in a two- step reaction: threonine is first activated by ATP to form Thr-AMP and then transferred to the acceptor end of tRNA(Thr) (PubMed:25824639, PubMed:31374204). Also edits incorrectly charged tRNA(Thr) via its editing domain, at the post-transfer stage (By similarity). {ECO:0000250|UniProtKB:Q9D0R2, ECO:0000269|PubMed:25824639, ECO:0000269|PubMed:31374204}.",6,GO:0005524|ATP binding; GO:0042802|identical protein binding; GO:0004829|threonine-tRNA ligase activity; GO:0008270|zinc ion binding,GO:0006435|threonyl-tRNA aminoacylation,GO:0070062|extracellular exosome,"[{""go_id"": ""GO:0070062"", ""term_name"": ""extracellular exosome"", ""namespace"": ""cellular_component"", ""evidence"": ""HDA""}, {""go_id"": ""GO:0005524"", ""term_name"": ""ATP binding"", ""namespace"": ""molecular_function"", ""evidence"": ""IMP""}, {""go_id"": ""GO:0042802"", ""term_name"": ""identical protein binding"", ""namespace"": ""molecular_function"", ""evidence"": ""IPI""}, {""go_id"": ""GO:0004829"", ""term_name"": ""threonine-tRNA ligase activity"", ""namespace"": ""molecular_function"", ""evidence"": ""IDA""}, {""go_id"": ""GO:0008270"", ""term_name"": ""zinc ion binding"", ""namespace"": ""molecular_function"", ""evidence"": ""IDA""}, {""go_id"": ""GO:0006435"", ""term_name"": ""threonyl-tRNA aminoacylation"", ""namespace"": ""biological_process"", ""evidence"": ""IDA""}]"
O43909,EXTL3_HUMAN,EXTL3,human,Homo sapiens (Human).,"RecName: Full=Exostosin-like 3 {ECO:0000303|PubMed:9479495}; EC=2.4.1.223 {ECO:0000269|PubMed:11390981, ECO:0000269|PubMed:35676258, ECO:0000305|PubMed:28132690, ECO:0000305|PubMed:28148688}; AltName: Full=EXT-related protein 1 {ECO:0000303|PubMed:9473480}; AltName: Full=Glucuronyl-galactosyl-proteoglycan 4-alpha-N-acetylglucosaminyltransferase; AltName: Full=Hereditary multiple exostoses gene isolog {ECO:0000303|Ref.9}; AltName: Full=Multiple exostosis-like protein 3 {ECO:0000303|Ref.6}; AltName: Full=Putative tumor suppressor protein EXTL3 {ECO:0000303|PubMed:9479495};","Glycosyltransferase which regulates the biosynthesis of heparan sulfate (HS) (PubMed:28132690, PubMed:28148688). Initiates HS synthesis by transferring the first N-acetyl-alpha-D-glucosamine (alpha-GlcNAc) residue (GlcNAcT-I activity) to the tetrasaccharide linker (GlcA-Gal-Gal-Xyl-)Ser core linker (PubMed:11390981, PubMed:35676258). May also transfer alpha-GlcNAc residues during HS elongation (GlcNAcT-II activity) (PubMed:11390981, PubMed:35676258). Lacks glucuronyl transferase II (GlcAT-II) activity (PubMed:11390981, PubMed:35676258). Important for both skeletal development and hematopoiesis, through the formation of HS proteoglycans (HSPGs) (PubMed:11390981, PubMed:22727489, PubMed:28132690, PubMed:28148688, PubMed:35676258). Through the synthesis of HS, regulates postnatal pancreatic islet maturation and insulin secretion (By similarity). {ECO:0000250|UniProtKB:Q9WVL6, ECO:0000269|PubMed:11390981, ECO:0000269|PubMed:22727489, ECO:0000269|PubMed:28132690, ECO:0000269|PubMed:28148688, ECO:0000269|PubMed:35676258}.",12,GO:0001888|glucuronyl-galactosyl-proteoglycan 4-alpha-N-acetylglucosaminyltransferase activity; GO:0016757|glycosyltransferase activity; GO:0000287|magnesium ion binding; GO:0016500|protein-hormone receptor activity,GO:0015012|heparan sulfate proteoglycan biosynthetic process; GO:0106015|negative regulation of inflammatory response to wounding; GO:0045617|negative regulation of keratinocyte differentiation; GO:0010838|positive regulation of keratinocyte proliferation; GO:0051897|positive regulation of phosphatidylinositol 3-kinase/protein kinase B signal transduction,GO:0005783|endoplasmic reticulum; GO:0005794|Golgi apparatus; GO:0005886|plasma membrane,"[{""go_id"": ""GO:0005783"", ""term_name"": ""endoplasmic reticulum"", ""namespace"": ""cellular_component"", ""evidence"": ""IDA""}, {""go_id"": ""GO:0005794"", ""term_name"": ""Golgi apparatus"", ""namespace"": ""cellular_component"", ""evidence"": ""IDA""}, {""go_id"": ""GO:0005886"", ""term_name"": ""plasma membrane"", ""namespace"": ""cellular_component"", ""evidence"": ""IDA""}, {""go_id"": ""GO:0001888"", ""term_name"": ""glucuronyl-galactosyl-proteoglycan 4-alpha-N-acetylglucosaminyltransferase activity"", ""namespace"": ""molecular_function"", ""evidence"": ""IDA""}, {""go_id"": ""GO:0016757"", ""term_name"": ""glycosyltransferase activity"", ""namespace"": ""molecular_function"", ""evidence"": ""IDA""}, {""go_id"": ""GO:0000287"", ""term_name"": ""magnesium ion binding"", ""namespace"": ""molecular_function"", ""evidence"": ""IDA""}, {""go_id"": ""GO:0016500"", ""term_name"": ""protein-hormone receptor activity"", ""namespace"": ""molecular_function"", ""evidence"": ""IDA""}, {""go_id"": ""GO:0015012"", ""term_name"": ""heparan sulfate proteoglycan biosynthetic process"", ""namespace"": ""biological_process"", ""evidence"": ""IDA""}, {""go_id"": ""GO:0106015"", ""term_name"": ""negative regulation of inflammatory response to wounding"", ""namespace"": ""biological_process"", ""evidence"": ""IDA""}, {""go_id"": ""GO:0045617"", ""term_name"": ""negative regulation of keratinocyte differentiation"", ""namespace"": ""biological_process"", ""evidence"": ""IDA""}, {""go_id"": ""GO:0010838"", ""term_name"": ""positive regulation of keratinocyte proliferation"", ""namespace"": ""biological_process"", ""evidence"": ""IDA""}, {""go_id"": ""GO:0051897"", ""term_name"": ""positive regulation of phosphatidylinositol 3-kinase/protein kinase B signal transduction"", ""namespace"": ""biological_process"", ""evidence"": ""IDA""}]"
P20290,BTF3_HUMAN,BTF3,human,Homo sapiens (Human).,RecName: Full=Transcription factor BTF3; AltName: Full=Nascent polypeptide-associated complex subunit beta; Short=NAC-beta; AltName: Full=RNA polymerase B transcription factor 3;,"When associated with NACA, prevents inappropriate targeting of non-secretory polypeptides to the endoplasmic reticulum (ER). Binds to nascent polypeptide chains as they emerge from the ribosome and blocks their interaction with the signal recognition particle (SRP), which normally targets nascent secretory peptides to the ER. BTF3 is also a general transcription factor that can form a stable complex with RNA polymerase II. Required for the initiation of transcription. {ECO:0000269|PubMed:10982809}.",5,GO:0003723|RNA binding,GO:1905551|negative regulation of protein localization to endoplasmic reticulum,GO:0005737|cytoplasm; GO:0005829|cytosol; GO:0005854|nascent polypeptide-associated complex,"[{""go_id"": ""GO:0005737"", ""term_name"": ""cytoplasm"", ""namespace"": ""cellular_component"", ""evidence"": ""IDA""}, {""go_id"": ""GO:0005829"", ""term_name"": ""cytosol"", ""namespace"": ""cellular_component"", ""evidence"": ""IDA""}, {""go_id"": ""GO:0005854"", ""term_name"": ""nascent polypeptide-associated complex"", ""namespace"": ""cellular_component"", ""evidence"": ""IPI""}, {""go_id"": ""GO:0003723"", ""term_name"": ""RNA binding"", ""namespace"": ""molecular_function"", ""evidence"": ""HDA""}, {""go_id"": ""GO:1905551"", ""term_name"": ""negative regulation of protein localization to endoplasmic reticulum"", ""namespace"": ""biological_process"", ""evidence"": ""IDA""}]"
Q9NVP2,ASF1B_HUMAN,ASF1B,human,Homo sapiens (Human).,RecName: Full=Histone chaperone ASF1B {ECO:0000305}; AltName: Full=Anti-silencing function protein 1 homolog B {ECO:0000303|PubMed:11470414}; Short=hAsf1 {ECO:0000303|PubMed:11470414}; Short=hAsf1b {ECO:0000303|PubMed:11470414}; AltName: Full=CCG1-interacting factor A-II {ECO:0000303|PubMed:12842904}; Short=CIA-II {ECO:0000303|PubMed:12842904}; Short=hCIA-II {ECO:0000303|PubMed:12842904};,"Histone chaperone that facilitates histone deposition and histone exchange and removal during nucleosome assembly and disassembly (PubMed:11897662, PubMed:14718166, PubMed:15664198, PubMed:16151251, PubMed:21454524, PubMed:26527279). Cooperates with chromatin assembly factor 1 (CAF-1) to promote replication-dependent chromatin assembly (PubMed:11897662, PubMed:14718166, PubMed:15664198, PubMed:16151251). Also involved in the nuclear import of the histone H3-H4 dimer together with importin-4 (IPO4): specifically recognizes and binds newly synthesized histones with the monomethylation of H3 'Lys-9' (H3K9me1) and diacetylation at 'Lys-5' and 'Lys-12' of H4 (H4K5K12ac) marks in the cytosol (PubMed:20953179, PubMed:21454524, PubMed:26527279). Does not participate in replication-independent nucleosome deposition which is mediated by ASF1A and HIRA (PubMed:11897662, PubMed:14718166, PubMed:15664198, PubMed:16151251). Required for gonad development (PubMed:12842904). {ECO:0000269|PubMed:11897662, ECO:0000269|PubMed:12842904, ECO:0000269|PubMed:14718166, ECO:0000269|PubMed:15664198, ECO:0000269|PubMed:16151251, ECO:0000269|PubMed:20953179, ECO:0000269|PubMed:21454524, ECO:0000269|PubMed:26527279}.",5,GO:0140713|histone chaperone activity,GO:0006334|nucleosome assembly,GO:0000785|chromatin; GO:0005654|nucleoplasm; GO:0032991|protein-containing complex,"[{""go_id"": ""GO:0000785"", ""term_name"": ""chromatin"", ""namespace"": ""cellular_component"", ""evidence"": ""IDA""}, {""go_id"": ""GO:0005654"", ""term_name"": ""nucleoplasm"", ""namespace"": ""cellular_component"", ""evidence"": ""IDA""}, {""go_id"": ""GO:0032991"", ""term_name"": ""protein-containing complex"", ""namespace"": ""cellular_component"", ""evidence"": ""IDA""}, {""go_id"": ""GO:0140713"", ""term_name"": ""histone chaperone activity"", ""namespace"": ""molecular_function"", ""evidence"": ""IDA""}, {""go_id"": ""GO:0006334"", ""term_name"": ""nucleosome assembly"", ""namespace"": ""biological_process"", ""evidence"": ""IDA""}]"
Q99592,ZBT18_HUMAN,ZBT18,human,Homo sapiens (Human).,RecName: Full=Zinc finger and BTB domain-containing protein 18; AltName: Full=58 kDa repressor protein; AltName: Full=Transcriptional repressor RP58; AltName: Full=Translin-associated zinc finger protein 1; Short=TAZ-1; AltName: Full=Zinc finger protein 238; AltName: Full=Zinc finger protein C2H2-171;,"Transcriptional repressor that plays a role in various developmental processes such as myogenesis and brain development. Plays a key role in myogenesis by directly repressing the expression of ID2 and ID3, 2 inhibitors of skeletal myogenesis. Also involved in controlling cell division of progenitor cells and regulating the survival of postmitotic cortical neurons. Specifically binds the consensus DNA sequence 5'-[AC]ACATCTG[GT][AC]-3' which contains the E box core, and acts by recruiting chromatin remodeling multiprotein complexes. May also play a role in the organization of chromosomes in the nucleus. {ECO:0000269|PubMed:9756912}.",9,"GO:0001227|DNA-binding transcription repressor activity, RNA polymerase II-specific; GO:0043565|sequence-specific DNA binding; GO:1990837|sequence-specific double-stranded DNA binding",GO:0000122|negative regulation of transcription by RNA polymerase II; GO:0045944|positive regulation of transcription by RNA polymerase II,GO:0000792|heterochromatin; GO:0016607|nuclear speck; GO:0005654|nucleoplasm; GO:0005634|nucleus,"[{""go_id"": ""GO:0000792"", ""term_name"": ""heterochromatin"", ""namespace"": ""cellular_component"", ""evidence"": ""IDA""}, {""go_id"": ""GO:0016607"", ""term_name"": ""nuclear speck"", ""namespace"": ""cellular_component"", ""evidence"": ""IDA""}, {""go_id"": ""GO:0005654"", ""term_name"": ""nucleoplasm"", ""namespace"": ""cellular_component"", ""evidence"": ""IDA""}, {""go_id"": ""GO:0005634"", ""term_name"": ""nucleus"", ""namespace"": ""cellular_component"", ""evidence"": ""IDA""}, {""go_id"": ""GO:0001227"", ""term_name"": ""DNA-binding transcription repressor activity, RNA polymerase II-specific"", ""namespace"": ""molecular_function"", ""evidence"": ""IDA""}, {""go_id"": ""GO:0043565"", ""term_name"": ""sequence-specific DNA binding"", ""namespace"": ""molecular_function"", ""evidence"": ""IDA""}, {""go_id"": ""GO:1990837"", ""term_name"": ""sequence-specific double-stranded DNA binding"", ""namespace"": ""molecular_function"", ""evidence"": ""IDA""}, {""go_id"": ""GO:0000122"", ""term_name"": ""negative regulation of transcription by RNA polymerase II"", ""namespace"": ""biological_process"", ""evidence"": ""IDA""}, {""go_id"": ""GO:0045944"", ""term_name"": ""positive regulation of transcription by RNA polymerase II"", ""namespace"": ""biological_process"", ""evidence"": ""IDA""}]"
P15104,GLNA_HUMAN,GLNA,human,Homo sapiens (Human).,"RecName: Full=Glutamine synthetase {ECO:0000303|PubMed:2888076, ECO:0000303|PubMed:30158707}; Short=GS {ECO:0000303|PubMed:1681907, ECO:0000303|PubMed:30158707}; EC=6.3.1.2 {ECO:0000269|PubMed:30158707}; AltName: Full=Glutamate--ammonia ligase {ECO:0000305}; AltName: Full=Palmitoyltransferase GLUL {ECO:0000305}; EC=2.3.1.225 {ECO:0000305|PubMed:30158707};","Glutamine synthetase that catalyzes the ATP-dependent conversion of glutamate and ammonia to glutamine (PubMed:16267323, PubMed:30158707, PubMed:36289327). Its role depends on tissue localization: in the brain, it regulates the levels of toxic ammonia and converts neurotoxic glutamate to harmless glutamine, whereas in the liver, it is one of the enzymes responsible for the removal of ammonia (By similarity). Plays a key role in ammonium detoxification during erythropoiesis: the glutamine synthetase activity is required to remove ammonium generated by porphobilinogen deaminase (HMBS) during heme biosynthesis to prevent ammonium accumulation and oxidative stress (By similarity). Essential for proliferation of fetal skin fibroblasts (PubMed:18662667). Independently of its glutamine synthetase activity, required for endothelial cell migration during vascular development: acts by regulating membrane localization and activation of the GTPase RHOJ, possibly by promoting RHOJ palmitoylation (PubMed:30158707). May act as a palmitoyltransferase for RHOJ: able to autopalmitoylate and then transfer the palmitoyl group to RHOJ (PubMed:30158707). Plays a role in ribosomal 40S subunit biogenesis (PubMed:26711351). Through the interaction with BEST2, inhibits BEST2 channel activity by affecting the gating at the aperture in the absence of intracellular L-glutamate, but sensitizes BEST2 to intracellular L-glutamate, which promotes the opening of BEST2 and thus relieves its inhibitory effect on BEST2 (PubMed:36289327). {ECO:0000250|UniProtKB:P15105, ECO:0000269|PubMed:16267323, ECO:0000269|PubMed:18662667, ECO:0000269|PubMed:26711351, ECO:0000269|PubMed:30158707, ECO:0000269|PubMed:36289327}.",13,GO:0004356|glutamine synthetase activity; GO:0042802|identical protein binding; GO:0019706|protein-cysteine S-palmitoyltransferase activity,GO:0008283|cell population proliferation; GO:0018345|protein palmitoylation; GO:0010594|regulation of endothelial cell migration; GO:1904749|regulation of protein localization to nucleolus; GO:1903670|regulation of sprouting angiogenesis; GO:0042254|ribosome biogenesis,GO:0005829|cytosol; GO:0070062|extracellular exosome; GO:0005634|nucleus; GO:0005886|plasma membrane,"[{""go_id"": ""GO:0005829"", ""term_name"": ""cytosol"", ""namespace"": ""cellular_component"", ""evidence"": ""IDA""}, {""go_id"": ""GO:0070062"", ""term_name"": ""extracellular exosome"", ""namespace"": ""cellular_component"", ""evidence"": ""HDA""}, {""go_id"": ""GO:0005634"", ""term_name"": ""nucleus"", ""namespace"": ""cellular_component"", ""evidence"": ""HDA""}, {""go_id"": ""GO:0005886"", ""term_name"": ""plasma membrane"", ""namespace"": ""cellular_component"", ""evidence"": ""IDA""}, {""go_id"": ""GO:0004356"", ""term_name"": ""glutamine synthetase activity"", ""namespace"": ""molecular_function"", ""evidence"": ""IDA""}, {""go_id"": ""GO:0042802"", ""term_name"": ""identical protein binding"", ""namespace"": ""molecular_function"", ""evidence"": ""IPI""}, {""go_id"": ""GO:0019706"", ""term_name"": ""protein-cysteine S-palmitoyltransferase activity"", ""namespace"": ""molecular_function"", ""evidence"": ""IDA""}, {""go_id"": ""GO:0008283"", ""term_name"": ""cell population proliferation"", ""namespace"": ""biological_process"", ""evidence"": ""IDA""}, {""go_id"": ""GO:0018345"", ""term_name"": ""protein palmitoylation"", ""namespace"": ""biological_process"", ""evidence"": ""IDA""}, {""go_id"": ""GO:0010594"", ""term_name"": ""regulation of endothelial cell migration"", ""namespace"": ""biological_process"", ""evidence"": ""IDA""}, {""go_id"": ""GO:1904749"", ""term_name"": ""regulation of protein localization to nucleolus"", ""namespace"": ""biological_process"", ""evidence"": ""IMP""}, {""go_id"": ""GO:1903670"", ""term_name"": ""regulation of sprouting angiogenesis"", ""namespace"": ""biological_process"", ""evidence"": ""IDA""}, {""go_id"": ""GO:0042254"", ""term_name"": ""ribosome biogenesis"", ""namespace"": ""biological_process"", ""evidence"": ""IMP""}]"
P08779,K1C16_HUMAN,K1C16,human,Homo sapiens (Human).,"RecName: Full=Keratin, type I cytoskeletal 16; AltName: Full=Cytokeratin-16; Short=CK-16; AltName: Full=Keratin-16; Short=K16;",Epidermis-specific type I keratin that plays a key role in skin. Acts as a regulator of innate immunity in response to skin barrier breach: required for some inflammatory checkpoint for the skin barrier maintenance. {ECO:0000250|UniProtKB:Q9Z2K1}.,5,,GO:0042633|hair cycle; GO:0030336|negative regulation of cell migration,GO:0005856|cytoskeleton; GO:0070062|extracellular exosome; GO:0005634|nucleus,"[{""go_id"": ""GO:0005856"", ""term_name"": ""cytoskeleton"", ""namespace"": ""cellular_component"", ""evidence"": ""IDA""}, {""go_id"": ""GO:0070062"", ""term_name"": ""extracellular exosome"", ""namespace"": ""cellular_component"", ""evidence"": ""HDA""}, {""go_id"": ""GO:0005634"", ""term_name"": ""nucleus"", ""namespace"": ""cellular_component"", ""evidence"": ""HDA""}, {""go_id"": ""GO:0042633"", ""term_name"": ""hair cycle"", ""namespace"": ""biological_process"", ""evidence"": ""IDA""}, {""go_id"": ""GO:0030336"", ""term_name"": ""negative regulation of cell migration"", ""namespace"": ""biological_process"", ""evidence"": ""IDA""}]"
A6NHX0,CAST2_HUMAN,CAST2,human,Homo sapiens (Human).,RecName: Full=Cytosolic arginine sensor for mTORC1 subunit 2 {ECO:0000312|HGNC:HGNC:37073}; AltName: Full=Cellular arginine sensor for mTORC1 protein 2 {ECO:0000305|PubMed:26972053}; AltName: Full=GATS-like protein 2 {ECO:0000305};,"Functions as a negative regulator of the TORC1 signaling pathway through the GATOR complex. As part of homodimers or heterodimers with CASTOR1, directly binds and inhibits the GATOR subcomplex GATOR2 and thereby mTORC1. Does not directly bind arginine, but binding of arginine to CASTOR1 disrupts the interaction of CASTOR2- containing heterodimers with GATOR2 which can in turn activate mTORC1 and the TORC1 signaling pathway. {ECO:0000269|PubMed:26972053}.",3,GO:0042802|identical protein binding,GO:1904262|negative regulation of TORC1 signaling,GO:0005829|cytosol,"[{""go_id"": ""GO:0005829"", ""term_name"": ""cytosol"", ""namespace"": ""cellular_component"", ""evidence"": ""IDA""}, {""go_id"": ""GO:0042802"", ""term_name"": ""identical protein binding"", ""namespace"": ""molecular_function"", ""evidence"": ""IDA""}, {""go_id"": ""GO:1904262"", ""term_name"": ""negative regulation of TORC1 signaling"", ""namespace"": ""biological_process"", ""evidence"": ""IMP""}]"
Q7Z601,GP142_HUMAN,GP142,human,Homo sapiens (Human).,RecName: Full=G protein-coupled receptor 142; AltName: Full=G protein-coupled receptor PGR2;,"Highly selective G protein-coupled receptor for aromatic amino acids specifically L-Tryptophan (L-Trp) and L-Phenylalanine (L- Phe), with L-Trp being the most potent and efficacious agonist (PubMed:27104960, PubMed:27322810). GPR142 agonists triggers the activation of both GNAQ/G(q) and GNAI1/G(i)-coupled signaling pathways (PubMed:27104960). L-Trp stimulates glucose-induced insulin secretion and triggers G(q)-mediated signaling (By similarity). GPR142 appears to have a role as a sensor of aromatic essential amino acids controlling the secretion of both insulin in the pancreas and other gastrointestinal hormones including glucagon but also CCK and incretin in the gastrointestinal-tract, contributing to the control of glucose homeostasis by coordinating pancreatic and gut hormone secretion (By similarity). {ECO:0000250|UniProtKB:Q7TQN9, ECO:0000269|PubMed:27104960, ECO:0000269|PubMed:27322810}.",3,,,GO:0030054|cell junction; GO:0005829|cytosol; GO:0005886|plasma membrane,"[{""go_id"": ""GO:0030054"", ""term_name"": ""cell junction"", ""namespace"": ""cellular_component"", ""evidence"": ""IDA""}, {""go_id"": ""GO:0005829"", ""term_name"": ""cytosol"", ""namespace"": ""cellular_component"", ""evidence"": ""IDA""}, {""go_id"": ""GO:0005886"", ""term_name"": ""plasma membrane"", ""namespace"": ""cellular_component"", ""evidence"": ""IDA""}]"
P41208,CETN2_HUMAN,CETN2,human,Homo sapiens (Human).,RecName: Full=Centrin-2; AltName: Full=Caltractin isoform 1;,Plays a fundamental role in microtubule organizing center structure and function. Required for centriole duplication and correct spindle formation. Has a role in regulating cytokinesis and genome stability via cooperation with CALM1 and CCP110.,8,,GO:0007099|centriole replication; GO:0006289|nucleotide-excision repair; GO:0032465|regulation of cytokinesis,GO:0005814|centriole; GO:0005813|centrosome; GO:0044615|nuclear pore nuclear basket; GO:0070390|transcription export complex 2; GO:0071942|XPC complex,"[{""go_id"": ""GO:0005814"", ""term_name"": ""centriole"", ""namespace"": ""cellular_component"", ""evidence"": ""IDA""}, {""go_id"": ""GO:0005813"", ""term_name"": ""centrosome"", ""namespace"": ""cellular_component"", ""evidence"": ""IDA""}, {""go_id"": ""GO:0044615"", ""term_name"": ""nuclear pore nuclear basket"", ""namespace"": ""cellular_component"", ""evidence"": ""IDA""}, {""go_id"": ""GO:0070390"", ""term_name"": ""transcription export complex 2"", ""namespace"": ""cellular_component"", ""evidence"": ""IDA""}, {""go_id"": ""GO:0071942"", ""term_name"": ""XPC complex"", ""namespace"": ""cellular_component"", ""evidence"": ""IDA""}, {""go_id"": ""GO:0007099"", ""term_name"": ""centriole replication"", ""namespace"": ""biological_process"", ""evidence"": ""IMP""}, {""go_id"": ""GO:0006289"", ""term_name"": ""nucleotide-excision repair"", ""namespace"": ""biological_process"", ""evidence"": ""IDA""}, {""go_id"": ""GO:0032465"", ""term_name"": ""regulation of cytokinesis"", ""namespace"": ""biological_process"", ""evidence"": ""IMP""}]"
Q12968,NFAC3_HUMAN,NFAC3,human,Homo sapiens (Human).,"RecName: Full=Nuclear factor of activated T-cells, cytoplasmic 3 {ECO:0000305}; Short=NF-ATc3; Short=NFATc3 {ECO:0000250|UniProtKB:P97305}; AltName: Full=NFATx {ECO:0000303|PubMed:7739550}; AltName: Full=T-cell transcription factor NFAT4 {ECO:0000303|PubMed:7749981}; Short=NF-AT4 {ECO:0000303|PubMed:7749981}; Short=NF-AT4c {ECO:0000303|PubMed:7749981};","Acts as a regulator of transcriptional activation. Binds to the TNFSF11/RANKL promoter region and promotes TNFSF11 transcription (By similarity). Binding to the TNFSF11 promoter region is increased by high levels of Ca(2+) which induce NFATC3 expression and may lead to regulation of TNFSF11 expression in osteoblasts (By similarity). Plays a role in promoting mesenteric arterial wall remodeling in response to the intermittent hypoxia-induced increase in EDN1 and ROCK signaling (By similarity). As a result NFATC3 colocalizes with F-actin filaments, translocates to the nucleus and promotes transcription of the smooth muscle hypertrophy and differentiation marker ACTA2 (By similarity). Promotes lipopolysaccharide-induced apoptosis and hypertrophy in cardiomyocytes (By similarity). Following JAK/STAT signaling activation and as part of a complex with NFATC4 and STAT3, binds to the alpha-beta E4 promoter region of CRYAB and activates transcription in cardiomyocytes (By similarity). In conjunction with NFATC4, involved in embryonic heart development via maintenance of cardiomyocyte survival, proliferation and differentiation (By similarity). Plays a role in the inducible expression of cytokine genes in T-cells, especially in the induction of the IL-2 (PubMed:18815128). Required for thymocyte maturation during DN3 to DN4 transition and during positive selection (By similarity). Positively regulates macrophage-derived polymicrobial clearance, via binding to the promoter region and promoting transcription of NOS2 resulting in subsequent generation of nitric oxide (By similarity). Involved in Ca(2+)-mediated transcriptional responses upon Ca(2+) influx via ORAI1 CRAC channels. {ECO:0000250|UniProtKB:A0A0G2JTY4, ECO:0000250|UniProtKB:P97305, ECO:0000269|PubMed:18815128, ECO:0000269|PubMed:32415068}.",11,"GO:0001228|DNA-binding transcription activator activity, RNA polymerase II-specific; GO:0001227|DNA-binding transcription repressor activity, RNA polymerase II-specific; GO:0000978|RNA polymerase II cis-regulatory region sequence-specific DNA binding; GO:1990837|sequence-specific double-stranded DNA binding",GO:1902894|negative regulation of miRNA transcription; GO:1905064|negative regulation of vascular associated smooth muscle cell differentiation; GO:0045944|positive regulation of transcription by RNA polymerase II,GO:0005737|cytoplasm; GO:0005829|cytosol; GO:0005654|nucleoplasm; GO:0005634|nucleus,"[{""go_id"": ""GO:0005737"", ""term_name"": ""cytoplasm"", ""namespace"": ""cellular_component"", ""evidence"": ""IDA""}, {""go_id"": ""GO:0005829"", ""term_name"": ""cytosol"", ""namespace"": ""cellular_component"", ""evidence"": ""IDA""}, {""go_id"": ""GO:0005654"", ""term_name"": ""nucleoplasm"", ""namespace"": ""cellular_component"", ""evidence"": ""IDA""}, {""go_id"": ""GO:0005634"", ""term_name"": ""nucleus"", ""namespace"": ""cellular_component"", ""evidence"": ""IDA""}, {""go_id"": ""GO:0001228"", ""term_name"": ""DNA-binding transcription activator activity, RNA polymerase II-specific"", ""namespace"": ""molecular_function"", ""evidence"": ""IDA""}, {""go_id"": ""GO:0001227"", ""term_name"": ""DNA-binding transcription repressor activity, RNA polymerase II-specific"", ""namespace"": ""molecular_function"", ""evidence"": ""IGI""}, {""go_id"": ""GO:0000978"", ""term_name"": ""RNA polymerase II cis-regulatory region sequence-specific DNA binding"", ""namespace"": ""molecular_function"", ""evidence"": ""IDA""}, {""go_id"": ""GO:1990837"", ""term_name"": ""sequence-specific double-stranded DNA binding"", ""namespace"": ""molecular_function"", ""evidence"": ""IDA""}, {""go_id"": ""GO:1902894"", ""term_name"": ""negative regulation of miRNA transcription"", ""namespace"": ""biological_process"", ""evidence"": ""IGI""}, {""go_id"": ""GO:1905064"", ""term_name"": ""negative regulation of vascular associated smooth muscle cell differentiation"", ""namespace"": ""biological_process"", ""evidence"": ""IDA""}, {""go_id"": ""GO:0045944"", ""term_name"": ""positive regulation of transcription by RNA polymerase II"", ""namespace"": ""biological_process"", ""evidence"": ""IDA""}]"
Q0VD86,INCA1_HUMAN,INCA1,human,Homo sapiens (Human).,RecName: Full=Protein INCA1; AltName: Full=Inhibitor of CDK interacting with cyclin A1;,"Binds to CDK2-bound cyclins and inhibits the kinase activity of CDK2; binding to cyclins is critical for its function as CDK inhibitor (PubMed:21540187). Inhibits cell growth and cell proliferation and may play a role in cell cycle control (By similarity). Required for ING5-mediated regulation of S-phase progression, enhancement of Fas-induced apoptosis and inhibition of cell growth (By similarity). {ECO:0000250|UniProtKB:Q6PKN7, ECO:0000269|PubMed:21540187}.",9,GO:0030332|cyclin binding; GO:0004861|cyclin-dependent protein serine/threonine kinase inhibitor activity; GO:0042802|identical protein binding; GO:0044877|protein-containing complex binding,GO:0045736|negative regulation of cyclin-dependent protein serine/threonine kinase activity,GO:0005737|cytoplasm; GO:0016604|nuclear body; GO:0005654|nucleoplasm; GO:0005634|nucleus,"[{""go_id"": ""GO:0005737"", ""term_name"": ""cytoplasm"", ""namespace"": ""cellular_component"", ""evidence"": ""IDA""}, {""go_id"": ""GO:0016604"", ""term_name"": ""nuclear body"", ""namespace"": ""cellular_component"", ""evidence"": ""IDA""}, {""go_id"": ""GO:0005654"", ""term_name"": ""nucleoplasm"", ""namespace"": ""cellular_component"", ""evidence"": ""IDA""}, {""go_id"": ""GO:0005634"", ""term_name"": ""nucleus"", ""namespace"": ""cellular_component"", ""evidence"": ""IDA""}, {""go_id"": ""GO:0030332"", ""term_name"": ""cyclin binding"", ""namespace"": ""molecular_function"", ""evidence"": ""IDA""}, {""go_id"": ""GO:0004861"", ""term_name"": ""cyclin-dependent protein serine/threonine kinase inhibitor activity"", ""namespace"": ""molecular_function"", ""evidence"": ""IDA""}, {""go_id"": ""GO:0042802"", ""term_name"": ""identical protein binding"", ""namespace"": ""molecular_function"", ""evidence"": ""IPI""}, {""go_id"": ""GO:0044877"", ""term_name"": ""protein-containing complex binding"", ""namespace"": ""molecular_function"", ""evidence"": ""IPI""}, {""go_id"": ""GO:0045736"", ""term_name"": ""negative regulation of cyclin-dependent protein serine/threonine kinase activity"", ""namespace"": ""biological_process"", ""evidence"": ""IDA""}]"
Q99935,PROL1_HUMAN,PROL1,human,Homo sapiens (Human).,RecName: Full=Opiorphin prepropeptide {ECO:0000312|HGNC:HGNC:17279}; AltName: Full=Basic proline-rich lacrimal protein; AltName: Full=Proline-rich protein 1; Short=PRL1; Contains: RecName: Full=Opiorphin; Flags: Precursor;,"Opiorphin is an endogenous inhibitor of neprilysin and aminopeptidase N. Inhibits the breakdown of substance P, Mca-BK2 and Met-enkephalin by neprilysin in vitro with IC(50) values of 29 uM, 33 uM and 33 uM respectively. Inhibits the breakdown of Ala-pNA by aminopeptidase N in vitro with an IC(50) of 65 uM. Has a potent analgesic effect when administered to rats by intravenous injection. {ECO:0000269|PubMed:17101991}.",5,GO:0004866|endopeptidase inhibitor activity; GO:0030414|peptidase inhibitor activity,GO:0051930|regulation of sensory perception of pain,GO:0005576|extracellular region; GO:0005615|extracellular space,"[{""go_id"": ""GO:0005576"", ""term_name"": ""extracellular region"", ""namespace"": ""cellular_component"", ""evidence"": ""IDA""}, {""go_id"": ""GO:0005615"", ""term_name"": ""extracellular space"", ""namespace"": ""cellular_component"", ""evidence"": ""HDA""}, {""go_id"": ""GO:0004866"", ""term_name"": ""endopeptidase inhibitor activity"", ""namespace"": ""molecular_function"", ""evidence"": ""IDA""}, {""go_id"": ""GO:0030414"", ""term_name"": ""peptidase inhibitor activity"", ""namespace"": ""molecular_function"", ""evidence"": ""IDA""}, {""go_id"": ""GO:0051930"", ""term_name"": ""regulation of sensory perception of pain"", ""namespace"": ""biological_process"", ""evidence"": ""IDA""}]"
Q14CS0,UBX2B_HUMAN,UBX2B,human,Homo sapiens (Human).,RecName: Full=UBX domain-containing protein 2B; AltName: Full=NSFL1 cofactor p37; AltName: Full=p97 cofactor p37;,"Adapter protein required for Golgi and endoplasmic reticulum biogenesis (PubMed:17141156). Involved in Golgi and endoplasmic reticulum maintenance during interphase and in their reassembly at the end of mitosis (PubMed:17141156). The complex formed with VCP has membrane fusion activity; membrane fusion activity requires USO1-GOLGA2 tethering and BET1L (PubMed:17141156). VCPIP1 is also required, but not its deubiquitinating activity (PubMed:17141156). Together with NSFL1C/p47, regulates the centrosomal levels of kinase AURKA/Aurora A during mitotic progression by promoting AURKA removal from centrosomes in prophase (PubMed:23649807). Also, regulates spindle orientation during mitosis (PubMed:23649807). {ECO:0000269|PubMed:17141156, ECO:0000269|PubMed:23649807}.",3,,GO:0000132|establishment of mitotic spindle orientation; GO:1904780|negative regulation of protein localization to centrosome; GO:0046604|positive regulation of mitotic centrosome separation,,"[{""go_id"": ""GO:0000132"", ""term_name"": ""establishment of mitotic spindle orientation"", ""namespace"": ""biological_process"", ""evidence"": ""IGI""}, {""go_id"": ""GO:1904780"", ""term_name"": ""negative regulation of protein localization to centrosome"", ""namespace"": ""biological_process"", ""evidence"": ""IGI""}, {""go_id"": ""GO:0046604"", ""term_name"": ""positive regulation of mitotic centrosome separation"", ""namespace"": ""biological_process"", ""evidence"": ""IGI""}]"
Q15746,MYLK_HUMAN,MYLK,human,Homo sapiens (Human).,"RecName: Full=Myosin light chain kinase, smooth muscle {ECO:0000305}; Short=MLCK; Short=smMLCK; EC=2.7.11.18 {ECO:0000269|PubMed:11113114}; AltName: Full=Kinase-related protein; Short=KRP; AltName: Full=Telokin; Contains: RecName: Full=Myosin light chain kinase, smooth muscle, deglutamylated form;","Calcium/calmodulin-dependent myosin light chain kinase implicated in smooth muscle contraction via phosphorylation of myosin light chains (MLC). Also regulates actin-myosin interaction through a non-kinase activity. Phosphorylates PTK2B/PYK2 and myosin light-chains. Involved in the inflammatory response (e.g. apoptosis, vascular permeability, leukocyte diapedesis), cell motility and morphology, airway hyperreactivity and other activities relevant to asthma. Required for tonic airway smooth muscle contraction that is necessary for physiological and asthmatic airway resistance. Necessary for gastrointestinal motility. Implicated in the regulation of endothelial as well as vascular permeability, probably via the regulation of cytoskeletal rearrangements. In the nervous system it has been shown to control the growth initiation of astrocytic processes in culture and to participate in transmitter release at synapses formed between cultured sympathetic ganglion cells. Critical participant in signaling sequences that result in fibroblast apoptosis. Plays a role in the regulation of epithelial cell survival. Required for epithelial wound healing, especially during actomyosin ring contraction during purse-string wound closure. Mediates RhoA-dependent membrane blebbing. Triggers TRPC5 channel activity in a calcium-dependent signaling, by inducing its subcellular localization at the plasma membrane. Promotes cell migration (including tumor cells) and tumor metastasis. PTK2B/PYK2 activation by phosphorylation mediates ITGB2 activation and is thus essential to trigger neutrophil transmigration during acute lung injury (ALI). May regulate optic nerve head astrocyte migration. Probably involved in mitotic cytoskeletal regulation. Regulates tight junction probably by modulating ZO-1 exchange in the perijunctional actomyosin ring. Mediates burn-induced microvascular barrier injury; triggers endothelial contraction in the development of microvascular hyperpermeability by phosphorylating MLC. Essential for intestinal barrier dysfunction. Mediates Giardia spp.-mediated reduced epithelial barrier function during giardiasis intestinal infection via reorganization of cytoskeletal F-actin and tight junctional ZO-1. Necessary for hypotonicity-induced Ca(2+) entry and subsequent activation of volume-sensitive organic osmolyte/anion channels (VSOAC) in cervical cancer cells. Responsible for high proliferative ability of breast cancer cells through anti-apoptosis. {ECO:0000269|PubMed:11113114, ECO:0000269|PubMed:11976941, ECO:0000269|PubMed:15020676, ECO:0000269|PubMed:15825080, ECO:0000269|PubMed:16284075, ECO:0000269|PubMed:16723733, ECO:0000269|PubMed:18587400, ECO:0000269|PubMed:18710790, ECO:0000269|PubMed:19826488, ECO:0000269|PubMed:20139351, ECO:0000269|PubMed:20181817, ECO:0000269|PubMed:20375339, ECO:0000269|PubMed:20453870}.",14,GO:0004687|myosin light chain kinase activity; GO:0097110|scaffold protein binding,GO:0060414|aorta smooth muscle tissue morphogenesis; GO:0032060|bleb assembly; GO:0071476|cellular hypotonic response; GO:0051928|positive regulation of calcium ion transport; GO:0030335|positive regulation of cell migration; GO:0090303|positive regulation of wound healing,GO:0015629|actin cytoskeleton; GO:0032154|cleavage furrow; GO:0005737|cytoplasm; GO:0030027|lamellipodium; GO:0005886|plasma membrane; GO:0001725|stress fiber,"[{""go_id"": ""GO:0015629"", ""term_name"": ""actin cytoskeleton"", ""namespace"": ""cellular_component"", ""evidence"": ""IDA""}, {""go_id"": ""GO:0032154"", ""term_name"": ""cleavage furrow"", ""namespace"": ""cellular_component"", ""evidence"": ""IDA""}, {""go_id"": ""GO:0005737"", ""term_name"": ""cytoplasm"", ""namespace"": ""cellular_component"", ""evidence"": ""IDA""}, {""go_id"": ""GO:0030027"", ""term_name"": ""lamellipodium"", ""namespace"": ""cellular_component"", ""evidence"": ""IDA""}, {""go_id"": ""GO:0005886"", ""term_name"": ""plasma membrane"", ""namespace"": ""cellular_component"", ""evidence"": ""IDA""}, {""go_id"": ""GO:0001725"", ""term_name"": ""stress fiber"", ""namespace"": ""cellular_component"", ""evidence"": ""IDA""}, {""go_id"": ""GO:0004687"", ""term_name"": ""myosin light chain kinase activity"", ""namespace"": ""molecular_function"", ""evidence"": ""IDA""}, {""go_id"": ""GO:0097110"", ""term_name"": ""scaffold protein binding"", ""namespace"": ""molecular_function"", ""evidence"": ""IPI""}, {""go_id"": ""GO:0060414"", ""term_name"": ""aorta smooth muscle tissue morphogenesis"", ""namespace"": ""biological_process"", ""evidence"": ""IMP""}, {""go_id"": ""GO:0032060"", ""term_name"": ""bleb assembly"", ""namespace"": ""biological_process"", ""evidence"": ""IMP""}, {""go_id"": ""GO:0071476"", ""term_name"": ""cellular hypotonic response"", ""namespace"": ""biological_process"", ""evidence"": ""IDA""}, {""go_id"": ""GO:0051928"", ""term_name"": ""positive regulation of calcium ion transport"", ""namespace"": ""biological_process"", ""evidence"": ""IDA""}, {""go_id"": ""GO:0030335"", ""term_name"": ""positive regulation of cell migration"", ""namespace"": ""biological_process"", ""evidence"": ""IDA""}, {""go_id"": ""GO:0090303"", ""term_name"": ""positive regulation of wound healing"", ""namespace"": ""biological_process"", ""evidence"": ""IDA""}]"
Q8N608,DPP10_HUMAN,DPP10,human,Homo sapiens (Human).,RecName: Full=Inactive dipeptidyl peptidase 10; AltName: Full=Dipeptidyl peptidase IV-related protein 3; Short=DPRP-3; AltName: Full=Dipeptidyl peptidase X; Short=DPP X; AltName: Full=Dipeptidyl peptidase-like protein 2; Short=DPL2;,"Promotes cell surface expression of the potassium channel KCND2 (PubMed:15454437). Modulates the activity and gating characteristics of the potassium channel KCND2 (PubMed:15454437). Has no dipeptidyl aminopeptidase activity (PubMed:12662155). {ECO:0000269|PubMed:12662155, ECO:0000269|PubMed:15454437, ECO:0000269|PubMed:15671030}.",4,GO:0044325|transmembrane transporter binding,GO:1903078|positive regulation of protein localization to plasma membrane,GO:0016020|membrane; GO:0008076|voltage-gated potassium channel complex,"[{""go_id"": ""GO:0016020"", ""term_name"": ""membrane"", ""namespace"": ""cellular_component"", ""evidence"": ""IDA""}, {""go_id"": ""GO:0008076"", ""term_name"": ""voltage-gated potassium channel complex"", ""namespace"": ""cellular_component"", ""evidence"": ""IPI""}, {""go_id"": ""GO:0044325"", ""term_name"": ""transmembrane transporter binding"", ""namespace"": ""molecular_function"", ""evidence"": ""IPI""}, {""go_id"": ""GO:1903078"", ""term_name"": ""positive regulation of protein localization to plasma membrane"", ""namespace"": ""biological_process"", ""evidence"": ""IDA""}]"
Q9UHE5,NAT8_HUMAN,NAT8,human,Homo sapiens (Human).,"RecName: Full=N-acetyltransferase 8; EC=2.3.1.- {ECO:0000269|PubMed:19011241, ECO:0000269|PubMed:22267734, ECO:0000269|PubMed:24556617, ECO:0000269|PubMed:31945187}; AltName: Full=Acetyltransferase 2; Short=ATase2; AltName: Full=Camello-like protein 1; AltName: Full=Cysteinyl-conjugate N-acetyltransferase; Short=CCNAT; EC=2.3.1.80 {ECO:0000269|PubMed:20392701}; AltName: Full=Protein-lysine N6-acetyltransferase 8 {ECO:0000305};","Endoplasmic reticulum (ER)-membrane-bound lysine N- acetyltransferase catalyzing the N6-acetylation of lysine residues in the lumen of the ER in various proteins, including PROM1 and BACE1, using acetyl-CoA as acetyl donor (PubMed:19011241, PubMed:22267734, PubMed:24556617, PubMed:31945187). Thereby, may regulate apoptosis through the acetylation and the regulation of the expression of PROM1 (PubMed:24556617). May also regulate amyloid beta-peptide secretion through acetylation of BACE1 and the regulation of its expression in neurons (PubMed:19011241). N(6)-lysine acetylation in the ER maintains protein homeostasis and regulates reticulophagy (By similarity). Alternatively, acetylates the free alpha-amino group of cysteine S- conjugates to form mercapturic acids (PubMed:20392701). This is the final step in a major route for detoxification of a wide variety of reactive electrophiles which starts with their incorporation into glutathione S-conjugates. The glutathione S-conjugates are then further processed into cysteine S-conjugates and finally mercapturic acids which are water soluble and can be readily excreted in urine or bile. {ECO:0000250|UniProtKB:Q9JIY7, ECO:0000269|PubMed:19011241, ECO:0000269|PubMed:20392701, ECO:0000269|PubMed:22267734, ECO:0000269|PubMed:24556617, ECO:0000269|PubMed:31945187}.",8,GO:0047198|L-cysteine-S-conjugate N-acetyltransferase activity; GO:0061733|protein-lysine-acetyltransferase activity,GO:0018003|peptidyl-lysine N6-acetylation; GO:0010628|positive regulation of gene expression,GO:0005789|endoplasmic reticulum membrane; GO:0005793|endoplasmic reticulum-Golgi intermediate compartment; GO:0033116|endoplasmic reticulum-Golgi intermediate compartment membrane; GO:0016020|membrane,"[{""go_id"": ""GO:0005789"", ""term_name"": ""endoplasmic reticulum membrane"", ""namespace"": ""cellular_component"", ""evidence"": ""IDA""}, {""go_id"": ""GO:0005793"", ""term_name"": ""endoplasmic reticulum-Golgi intermediate compartment"", ""namespace"": ""cellular_component"", ""evidence"": ""IDA""}, {""go_id"": ""GO:0033116"", ""term_name"": ""endoplasmic reticulum-Golgi intermediate compartment membrane"", ""namespace"": ""cellular_component"", ""evidence"": ""IDA""}, {""go_id"": ""GO:0016020"", ""term_name"": ""membrane"", ""namespace"": ""cellular_component"", ""evidence"": ""IDA""}, {""go_id"": ""GO:0047198"", ""term_name"": ""L-cysteine-S-conjugate N-acetyltransferase activity"", ""namespace"": ""molecular_function"", ""evidence"": ""IDA""}, {""go_id"": ""GO:0061733"", ""term_name"": ""protein-lysine-acetyltransferase activity"", ""namespace"": ""molecular_function"", ""evidence"": ""IDA""}, {""go_id"": ""GO:0018003"", ""term_name"": ""peptidyl-lysine N6-acetylation"", ""namespace"": ""biological_process"", ""evidence"": ""IDA""}, {""go_id"": ""GO:0010628"", ""term_name"": ""positive regulation of gene expression"", ""namespace"": ""biological_process"", ""evidence"": ""IMP""}]"
Q9UI43,MRM2_HUMAN,MRM2,human,Homo sapiens (Human).,"RecName: Full=rRNA methyltransferase 2, mitochondrial {ECO:0000303|PubMed:24036117}; EC=2.1.1.- {ECO:0000305|PubMed:25074936, ECO:0000305|PubMed:35177605}; AltName: Full=16S rRNA (uridine(1369)-2'-O)-methyltransferase {ECO:0000303|PubMed:25074936}; AltName: Full=16S rRNA [Um1369] 2'-O-methyltransferase {ECO:0000303|PubMed:25074936}; AltName: Full=Protein ftsJ homolog 2 {ECO:0000303|PubMed:11827451}; Flags: Precursor;","S-adenosyl-L-methionine-dependent 2'-O-ribose methyltransferase that catalyzes the formation of 2'-O-methyluridine at position 1369 (Um1369) in the 16S mitochondrial large subunit ribosomal RNA (mtLSU rRNA), a universally conserved modification in the peptidyl transferase domain of the mtLSU rRNA (PubMed:25009282, PubMed:25074936, PubMed:35177605). This activity may require prior 2'-O-methylguanosine modification at position 1370 (Gm1370) by MRM3 (PubMed:35177605). Essential for late-stage assembly of mtLSU required for efficient translation of mitochondrial DNA encoded proteins; methyltransferase activity is not required for this function (PubMed:35177605). Essential for mitochondrial respiratory function (PubMed:35177605). {ECO:0000269|PubMed:25009282, ECO:0000269|PubMed:25074936, ECO:0000269|PubMed:35177605}.",5,GO:0008650|rRNA (uridine-2'-O-)-methyltransferase activity,GO:1902775|mitochondrial large ribosomal subunit assembly; GO:0006364|rRNA processing,GO:0005759|mitochondrial matrix; GO:0005730|nucleolus,"[{""go_id"": ""GO:0005759"", ""term_name"": ""mitochondrial matrix"", ""namespace"": ""cellular_component"", ""evidence"": ""IMP""}, {""go_id"": ""GO:0005730"", ""term_name"": ""nucleolus"", ""namespace"": ""cellular_component"", ""evidence"": ""IDA""}, {""go_id"": ""GO:0008650"", ""term_name"": ""rRNA (uridine-2'-O-)-methyltransferase activity"", ""namespace"": ""molecular_function"", ""evidence"": ""IMP""}, {""go_id"": ""GO:1902775"", ""term_name"": ""mitochondrial large ribosomal subunit assembly"", ""namespace"": ""biological_process"", ""evidence"": ""IDA""}, {""go_id"": ""GO:0006364"", ""term_name"": ""rRNA processing"", ""namespace"": ""biological_process"", ""evidence"": ""IMP""}]"
P85037,FOXK1_HUMAN,FOXK1,human,Homo sapiens (Human).,"RecName: Full=Forkhead box protein K1 {ECO:0000303|PubMed:15202027, ECO:0000303|PubMed:15289879}; AltName: Full=Myocyte nuclear factor {ECO:0000303|PubMed:15289879}; Short=MNF {ECO:0000303|PubMed:15289879};","Transcriptional regulator involved in different processes such as glucose metabolism, aerobic glycolysis, muscle cell differentiation and autophagy (By similarity). Recognizes and binds the forkhead DNA sequence motif (5'-GTAAACA-3') and can both act as a transcription activator or repressor, depending on the context (PubMed:17670796). Together with FOXK2, acts as a key regulator of metabolic reprogramming towards aerobic glycolysis, a process in which glucose is converted to lactate in the presence of oxygen (By similarity). Acts by promoting expression of enzymes for glycolysis (such as hexokinase-2 (HK2), phosphofructokinase, pyruvate kinase (PKLR) and lactate dehydrogenase), while suppressing further oxidation of pyruvate in the mitochondria by up-regulating pyruvate dehydrogenase kinases PDK1 and PDK4 (By similarity). Probably plays a role in gluconeogenesis during overnight fasting, when lactate from white adipose tissue and muscle is the main substrate (By similarity). Involved in mTORC1-mediated metabolic reprogramming: in response to mTORC1 signaling, translocates into the nucleus and regulates the expression of genes associated with glycolysis and downstream anabolic pathways, such as HIF1A, thereby regulating glucose metabolism (By similarity). Together with FOXK2, acts as a negative regulator of autophagy in skeletal muscle: in response to starvation, enters the nucleus, binds the promoters of autophagy genes and represses their expression, preventing proteolysis of skeletal muscle proteins (By similarity). Acts as a transcriptional regulator of the myogenic progenitor cell population in skeletal muscle (By similarity). Binds to the upstream enhancer region (CCAC box) of myoglobin (MB) gene, regulating the myogenic progenitor cell population (By similarity). Promotes muscle progenitor cell proliferation by repressing the transcriptional activity of FOXO4, thereby inhibiting myogenic differentiation (By similarity). Involved in remodeling processes of adult muscles that occur in response to physiological stimuli (By similarity). Required to correct temporal orchestration of molecular and cellular events necessary for muscle repair (By similarity). Represses myogenic differentiation by inhibiting MEFC activity (By similarity). Positively regulates Wnt/beta-catenin signaling by translocating DVL into the nucleus (PubMed:25805136). Reduces virus replication, probably by binding the interferon stimulated response element (ISRE) to promote antiviral gene expression (PubMed:25852164). Accessory component of the polycomb repressive deubiquitinase (PR-DUB) complex; recruits the PR-DUB complex to specific FOXK1-bound genes (PubMed:24634419, PubMed:30664650). Acts as an indirect positive regulator of ferroptosis following phosphorylation by isoform Beta-II of PRKCB by promoting expression and subsequent secretion of LGALS13 (PubMed:40246981). {ECO:0000250|UniProtKB:P42128, ECO:0000269|PubMed:17670796, ECO:0000269|PubMed:24634419, ECO:0000269|PubMed:25805136, ECO:0000269|PubMed:25852164, ECO:0000269|PubMed:30664650, ECO:0000269|PubMed:40246981}.",14,"GO:0071889|14-3-3 protein binding; GO:0003700|DNA-binding transcription factor activity; GO:0001227|DNA-binding transcription repressor activity, RNA polymerase II-specific; GO:1990837|sequence-specific double-stranded DNA binding; GO:0000976|transcription cis-regulatory region binding",GO:0061621|canonical glycolysis; GO:0001678|intracellular glucose homeostasis; GO:0010507|negative regulation of autophagy; GO:0045892|negative regulation of DNA-templated transcription; GO:0045893|positive regulation of DNA-templated transcription; GO:0010906|regulation of glucose metabolic process; GO:0042594|response to starvation,GO:0005737|cytoplasm; GO:0005634|nucleus,"[{""go_id"": ""GO:0005737"", ""term_name"": ""cytoplasm"", ""namespace"": ""cellular_component"", ""evidence"": ""IDA""}, {""go_id"": ""GO:0005634"", ""term_name"": ""nucleus"", ""namespace"": ""cellular_component"", ""evidence"": ""IDA""}, {""go_id"": ""GO:0071889"", ""term_name"": ""14-3-3 protein binding"", ""namespace"": ""molecular_function"", ""evidence"": ""IPI""}, {""go_id"": ""GO:0003700"", ""term_name"": ""DNA-binding transcription factor activity"", ""namespace"": ""molecular_function"", ""evidence"": ""IDA""}, {""go_id"": ""GO:0001227"", ""term_name"": ""DNA-binding transcription repressor activity, RNA polymerase II-specific"", ""namespace"": ""molecular_function"", ""evidence"": ""IDA""}, {""go_id"": ""GO:1990837"", ""term_name"": ""sequence-specific double-stranded DNA binding"", ""namespace"": ""molecular_function"", ""evidence"": ""IDA""}, {""go_id"": ""GO:0000976"", ""term_name"": ""transcription cis-regulatory region binding"", ""namespace"": ""molecular_function"", ""evidence"": ""IDA""}, {""go_id"": ""GO:0061621"", ""term_name"": ""canonical glycolysis"", ""namespace"": ""biological_process"", ""evidence"": ""IDA""}, {""go_id"": ""GO:0001678"", ""term_name"": ""intracellular glucose homeostasis"", ""namespace"": ""biological_process"", ""evidence"": ""IDA""}, {""go_id"": ""GO:0010507"", ""term_name"": ""negative regulation of autophagy"", ""namespace"": ""biological_process"", ""evidence"": ""IDA""}, {""go_id"": ""GO:0045892"", ""term_name"": ""negative regulation of DNA-templated transcription"", ""namespace"": ""biological_process"", ""evidence"": ""IDA""}, {""go_id"": ""GO:0045893"", ""term_name"": ""positive regulation of DNA-templated transcription"", ""namespace"": ""biological_process"", ""evidence"": ""IDA""}, {""go_id"": ""GO:0010906"", ""term_name"": ""regulation of glucose metabolic process"", ""namespace"": ""biological_process"", ""evidence"": ""IDA""}, {""go_id"": ""GO:0042594"", ""term_name"": ""response to starvation"", ""namespace"": ""biological_process"", ""evidence"": ""IDA""}]"
Q9UID6,ZN639_HUMAN,ZN639,human,Homo sapiens (Human).,RecName: Full=Zinc finger protein 639; AltName: Full=Zinc finger protein ANC_2H01; AltName: Full=Zinc finger protein ZASC1;,Binds DNA and may function as a transcriptional repressor. {ECO:0000269|PubMed:16182284}.,12,"GO:0001228|DNA-binding transcription activator activity, RNA polymerase II-specific; GO:0003700|DNA-binding transcription factor activity; GO:0000978|RNA polymerase II cis-regulatory region sequence-specific DNA binding; GO:0000976|transcription cis-regulatory region binding",GO:0043923|host-mediated activation of viral transcription; GO:0043922|host-mediated suppression of viral transcription; GO:0045892|negative regulation of DNA-templated transcription; GO:0030307|positive regulation of cell growth; GO:0045944|positive regulation of transcription by RNA polymerase II; GO:0046718|symbiont entry into host cell,GO:0005654|nucleoplasm; GO:0005634|nucleus,"[{""go_id"": ""GO:0005654"", ""term_name"": ""nucleoplasm"", ""namespace"": ""cellular_component"", ""evidence"": ""IDA""}, {""go_id"": ""GO:0005634"", ""term_name"": ""nucleus"", ""namespace"": ""cellular_component"", ""evidence"": ""IDA""}, {""go_id"": ""GO:0001228"", ""term_name"": ""DNA-binding transcription activator activity, RNA polymerase II-specific"", ""namespace"": ""molecular_function"", ""evidence"": ""IDA""}, {""go_id"": ""GO:0003700"", ""term_name"": ""DNA-binding transcription factor activity"", ""namespace"": ""molecular_function"", ""evidence"": ""IDA""}, {""go_id"": ""GO:0000978"", ""term_name"": ""RNA polymerase II cis-regulatory region sequence-specific DNA binding"", ""namespace"": ""molecular_function"", ""evidence"": ""IDA""}, {""go_id"": ""GO:0000976"", ""term_name"": ""transcription cis-regulatory region binding"", ""namespace"": ""molecular_function"", ""evidence"": ""IDA""}, {""go_id"": ""GO:0043923"", ""term_name"": ""host-mediated activation of viral transcription"", ""namespace"": ""biological_process"", ""evidence"": ""IMP""}, {""go_id"": ""GO:0043922"", ""term_name"": ""host-mediated suppression of viral transcription"", ""namespace"": ""biological_process"", ""evidence"": ""IMP""}, {""go_id"": ""GO:0045892"", ""term_name"": ""negative regulation of DNA-templated transcription"", ""namespace"": ""biological_process"", ""evidence"": ""IDA""}, {""go_id"": ""GO:0030307"", ""term_name"": ""positive regulation of cell growth"", ""namespace"": ""biological_process"", ""evidence"": ""IMP""}, {""go_id"": ""GO:0045944"", ""term_name"": ""positive regulation of transcription by RNA polymerase II"", ""namespace"": ""biological_process"", ""evidence"": ""IDA""}, {""go_id"": ""GO:0046718"", ""term_name"": ""symbiont entry into host cell"", ""namespace"": ""biological_process"", ""evidence"": ""IDA""}]"
P14735,IDE_HUMAN,IDE,human,Homo sapiens (Human).,"RecName: Full=Insulin-degrading enzyme {ECO:0000303|PubMed:20364150}; EC=3.4.24.56 {ECO:0000269|PubMed:10684867, ECO:0000269|PubMed:17051221, ECO:0000269|PubMed:21098034, ECO:0000269|PubMed:2293021}; AltName: Full=Abeta-degrading protease; AltName: Full=Insulin protease {ECO:0000303|PubMed:20364150}; Short=Insulinase {ECO:0000303|PubMed:20364150}; AltName: Full=Insulysin {ECO:0000303|PubMed:20364150};","Plays a role in the cellular breakdown of insulin, APP peptides, IAPP peptides, natriuretic peptides, glucagon, bradykinin, kallidin, and other peptides, and thereby plays a role in intercellular peptide signaling (PubMed:10684867, PubMed:17051221, PubMed:17613531, PubMed:18986166, PubMed:19321446, PubMed:21098034, PubMed:2293021, PubMed:23922390, PubMed:24847884, PubMed:26394692, PubMed:26968463, PubMed:29596046). Substrate binding induces important conformation changes, making it possible to bind and degrade larger substrates, such as insulin (PubMed:23922390, PubMed:26394692, PubMed:29596046). Contributes to the regulation of peptide hormone signaling cascades and regulation of blood glucose homeostasis via its role in the degradation of insulin, glucagon and IAPP (By similarity). Plays a role in the degradation and clearance of APP-derived amyloidogenic peptides that are secreted by neurons and microglia (Probable) (PubMed:26394692, PubMed:9830016). Degrades the natriuretic peptides ANP, BNP and CNP, inactivating their ability to raise intracellular cGMP (PubMed:21098034). Also degrades an aberrant frameshifted 40-residue form of NPPA (fsNPPA) which is associated with familial atrial fibrillation in heterozygous patients (PubMed:21098034). Involved in antigen processing. Produces both the N terminus and the C terminus of MAGEA3-derived antigenic peptide (EVDPIGHLY) that is presented to cytotoxic T lymphocytes by MHC class I. {ECO:0000250|UniProtKB:Q9JHR7, ECO:0000269|PubMed:10684867, ECO:0000269|PubMed:17051221, ECO:0000269|PubMed:17613531, ECO:0000269|PubMed:18986166, ECO:0000269|PubMed:19321446, ECO:0000269|PubMed:20364150, ECO:0000269|PubMed:21098034, ECO:0000269|PubMed:2293021, ECO:0000269|PubMed:23922390, ECO:0000269|PubMed:24847884, ECO:0000269|PubMed:26394692, ECO:0000269|PubMed:26968463, ECO:0000269|PubMed:29596046, ECO:0000269|PubMed:9830016, ECO:0000305|PubMed:23922390}.",32,GO:0005524|ATP binding; GO:0004175|endopeptidase activity; GO:0042802|identical protein binding; GO:0043559|insulin binding; GO:0004222|metalloendopeptidase activity; GO:0042277|peptide binding; GO:0042803|protein homodimerization activity; GO:0008270|zinc ion binding,GO:0097242|amyloid-beta clearance; GO:0150094|amyloid-beta clearance by cellular catabolic process; GO:0050435|amyloid-beta metabolic process; GO:0019885|antigen processing and presentation of endogenous peptide antigen via MHC class I; GO:0010815|bradykinin catabolic process; GO:0042447|hormone catabolic process; GO:1901143|insulin catabolic process; GO:1901142|insulin metabolic process; GO:0043171|peptide catabolic process; GO:0032092|positive regulation of protein binding; GO:0030163|protein catabolic process; GO:0006508|proteolysis; GO:0051603|proteolysis involved in protein catabolic process; GO:1903715|regulation of aerobic respiration; GO:0010992|ubiquitin recycling,GO:0016323|basolateral plasma membrane; GO:0009986|cell surface; GO:0005737|cytoplasm; GO:0005829|cytosol; GO:0009897|external side of plasma membrane; GO:0005615|extracellular space; GO:0005739|mitochondrion; GO:0005634|nucleus; GO:0005777|peroxisome,"[{""go_id"": ""GO:0016323"", ""term_name"": ""basolateral plasma membrane"", ""namespace"": ""cellular_component"", ""evidence"": ""IMP""}, {""go_id"": ""GO:0009986"", ""term_name"": ""cell surface"", ""namespace"": ""cellular_component"", ""evidence"": ""IDA""}, {""go_id"": ""GO:0005737"", ""term_name"": ""cytoplasm"", ""namespace"": ""cellular_component"", ""evidence"": ""IDA""}, {""go_id"": ""GO:0005829"", ""term_name"": ""cytosol"", ""namespace"": ""cellular_component"", ""evidence"": ""IDA""}, {""go_id"": ""GO:0009897"", ""term_name"": ""external side of plasma membrane"", ""namespace"": ""cellular_component"", ""evidence"": ""IDA""}, {""go_id"": ""GO:0005615"", ""term_name"": ""extracellular space"", ""namespace"": ""cellular_component"", ""evidence"": ""IDA""}, {""go_id"": ""GO:0005739"", ""term_name"": ""mitochondrion"", ""namespace"": ""cellular_component"", ""evidence"": ""IDA""}, {""go_id"": ""GO:0005634"", ""term_name"": ""nucleus"", ""namespace"": ""cellular_component"", ""evidence"": ""IDA""}, {""go_id"": ""GO:0005777"", ""term_name"": ""peroxisome"", ""namespace"": ""cellular_component"", ""evidence"": ""IDA""}, {""go_id"": ""GO:0005524"", ""term_name"": ""ATP binding"", ""namespace"": ""molecular_function"", ""evidence"": ""IDA""}, {""go_id"": ""GO:0004175"", ""term_name"": ""endopeptidase activity"", ""namespace"": ""molecular_function"", ""evidence"": ""IDA""}, {""go_id"": ""GO:0042802"", ""term_name"": ""identical protein binding"", ""namespace"": ""molecular_function"", ""evidence"": ""IPI""}, {""go_id"": ""GO:0043559"", ""term_name"": ""insulin binding"", ""namespace"": ""molecular_function"", ""evidence"": ""IDA""}, {""go_id"": ""GO:0004222"", ""term_name"": ""metalloendopeptidase activity"", ""namespace"": ""molecular_function"", ""evidence"": ""IDA""}, {""go_id"": ""GO:0042277"", ""term_name"": ""peptide binding"", ""namespace"": ""molecular_function"", ""evidence"": ""IPI""}, {""go_id"": ""GO:0042803"", ""term_name"": ""protein homodimerization activity"", ""namespace"": ""molecular_function"", ""evidence"": ""IDA""}, {""go_id"": ""GO:0008270"", ""term_name"": ""zinc ion binding"", ""namespace"": ""molecular_function"", ""evidence"": ""IDA""}, {""go_id"": ""GO:0097242"", ""term_name"": ""amyloid-beta clearance"", ""namespace"": ""biological_process"", ""evidence"": ""IMP""}, {""go_id"": ""GO:0150094"", ""term_name"": ""amyloid-beta clearance by cellular catabolic process"", ""namespace"": ""biological_process"", ""evidence"": ""IMP""}, {""go_id"": ""GO:0050435"", ""term_name"": ""amyloid-beta metabolic process"", ""namespace"": ""biological_process"", ""evidence"": ""IDA""}, {""go_id"": ""GO:0019885"", ""term_name"": ""antigen processing and presentation of endogenous peptide antigen via MHC class I"", ""namespace"": ""biological_process"", ""evidence"": ""IMP""}, {""go_id"": ""GO:0010815"", ""term_name"": ""bradykinin catabolic process"", ""namespace"": ""biological_process"", ""evidence"": ""IDA""}, {""go_id"": ""GO:0042447"", ""term_name"": ""hormone catabolic process"", ""namespace"": ""biological_process"", ""evidence"": ""IDA""}, {""go_id"": ""GO:1901143"", ""term_name"": ""insulin catabolic process"", ""namespace"": ""biological_process"", ""evidence"": ""IDA""}, {""go_id"": ""GO:1901142"", ""term_name"": ""insulin metabolic process"", ""namespace"": ""biological_process"", ""evidence"": ""IDA""}, {""go_id"": ""GO:0043171"", ""term_name"": ""peptide catabolic process"", ""namespace"": ""biological_process"", ""evidence"": ""IDA""}, {""go_id"": ""GO:0032092"", ""term_name"": ""positive regulation of protein binding"", ""namespace"": ""biological_process"", ""evidence"": ""IDA""}, {""go_id"": ""GO:0030163"", ""term_name"": ""protein catabolic process"", ""namespace"": ""biological_process"", ""evidence"": ""IMP""}, {""go_id"": ""GO:0006508"", ""term_name"": ""proteolysis"", ""namespace"": ""biological_process"", ""evidence"": ""IDA""}, {""go_id"": ""GO:0051603"", ""term_name"": ""proteolysis involved in protein catabolic process"", ""namespace"": ""biological_process"", ""evidence"": ""IDA""}, {""go_id"": ""GO:1903715"", ""term_name"": ""regulation of aerobic respiration"", ""namespace"": ""biological_process"", ""evidence"": ""IGI""}, {""go_id"": ""GO:0010992"", ""term_name"": ""ubiquitin recycling"", ""namespace"": ""biological_process"", ""evidence"": ""IDA""}]"
Q9H270,VPS11_HUMAN,VPS11,human,Homo sapiens (Human).,RecName: Full=Vacuolar protein sorting-associated protein 11 homolog; Short=hVPS11; AltName: Full=RING finger protein 108;,"Plays a role in vesicle-mediated protein trafficking to lysosomal compartments including the endocytic membrane transport and autophagic pathways. Believed to act as a core component of the putative HOPS and CORVET endosomal tethering complexes which are proposed to be involved in the Rab5-to-Rab7 endosome conversion probably implicating MON1A/B, and via binding SNAREs and SNARE complexes to mediate tethering and docking events during SNARE-mediated membrane fusion. The HOPS complex is proposed to be recruited to Rab7 on the late endosomal membrane and to regulate late endocytic, phagocytic and autophagic traffic towards lysosomes. The CORVET complex is proposed to function as a Rab5 effector to mediate early endosome fusion probably in specific endosome subpopulations (PubMed:11382755, PubMed:23351085, PubMed:24554770, PubMed:25266290, PubMed:25783203). Required for fusion of endosomes and autophagosomes with lysosomes (PubMed:25783203). Involved in cargo transport from early to late endosomes and required for the transition from early to late endosomes (PubMed:21148287). Involved in the retrograde Shiga toxin transport (PubMed:23593995). {ECO:0000269|PubMed:21148287, ECO:0000269|PubMed:23593995, ECO:0000269|PubMed:25783203, ECO:0000305|PubMed:11382755, ECO:0000305|PubMed:23351085, ECO:0000305|PubMed:24554770, ECO:0000305|PubMed:25266290, ECO:0000305|PubMed:25783203}.",18,GO:0019904|protein domain specific binding; GO:0019905|syntaxin binding; GO:0061630|ubiquitin protein ligase activity,GO:0034058|endosomal vesicle fusion; GO:0008333|endosome to lysosome transport; GO:0033147|negative regulation of intracellular estrogen receptor signaling pathway; GO:2000643|positive regulation of early endosome to late endosome transport; GO:0045732|positive regulation of protein catabolic process; GO:1903955|positive regulation of protein targeting to mitochondrion; GO:0016567|protein ubiquitination; GO:1902115|regulation of organelle assembly; GO:0031647|regulation of protein stability,GO:0030139|endocytic vesicle; GO:0005768|endosome; GO:0030897|HOPS complex; GO:0005770|late endosome; GO:0005765|lysosomal membrane; GO:0005764|lysosome,"[{""go_id"": ""GO:0030139"", ""term_name"": ""endocytic vesicle"", ""namespace"": ""cellular_component"", ""evidence"": ""IDA""}, {""go_id"": ""GO:0005768"", ""term_name"": ""endosome"", ""namespace"": ""cellular_component"", ""evidence"": ""IDA""}, {""go_id"": ""GO:0030897"", ""term_name"": ""HOPS complex"", ""namespace"": ""cellular_component"", ""evidence"": ""IDA""}, {""go_id"": ""GO:0005770"", ""term_name"": ""late endosome"", ""namespace"": ""cellular_component"", ""evidence"": ""IDA""}, {""go_id"": ""GO:0005765"", ""term_name"": ""lysosomal membrane"", ""namespace"": ""cellular_component"", ""evidence"": ""HDA""}, {""go_id"": ""GO:0005764"", ""term_name"": ""lysosome"", ""namespace"": ""cellular_component"", ""evidence"": ""IDA""}, {""go_id"": ""GO:0019904"", ""term_name"": ""protein domain specific binding"", ""namespace"": ""molecular_function"", ""evidence"": ""IPI""}, {""go_id"": ""GO:0019905"", ""term_name"": ""syntaxin binding"", ""namespace"": ""molecular_function"", ""evidence"": ""IDA""}, {""go_id"": ""GO:0061630"", ""term_name"": ""ubiquitin protein ligase activity"", ""namespace"": ""molecular_function"", ""evidence"": ""IMP""}, {""go_id"": ""GO:0034058"", ""term_name"": ""endosomal vesicle fusion"", ""namespace"": ""biological_process"", ""evidence"": ""IMP""}, {""go_id"": ""GO:0008333"", ""term_name"": ""endosome to lysosome transport"", ""namespace"": ""biological_process"", ""evidence"": ""IMP""}, {""go_id"": ""GO:0033147"", ""term_name"": ""negative regulation of intracellular estrogen receptor signaling pathway"", ""namespace"": ""biological_process"", ""evidence"": ""IGI""}, {""go_id"": ""GO:2000643"", ""term_name"": ""positive regulation of early endosome to late endosome transport"", ""namespace"": ""biological_process"", ""evidence"": ""IMP""}, {""go_id"": ""GO:0045732"", ""term_name"": ""positive regulation of protein catabolic process"", ""namespace"": ""biological_process"", ""evidence"": ""IMP""}, {""go_id"": ""GO:1903955"", ""term_name"": ""positive regulation of protein targeting to mitochondrion"", ""namespace"": ""biological_process"", ""evidence"": ""HMP""}, {""go_id"": ""GO:0016567"", ""term_name"": ""protein ubiquitination"", ""namespace"": ""biological_process"", ""evidence"": ""IMP""}, {""go_id"": ""GO:1902115"", ""term_name"": ""regulation of organelle assembly"", ""namespace"": ""biological_process"", ""evidence"": ""IMP""}, {""go_id"": ""GO:0031647"", ""term_name"": ""regulation of protein stability"", ""namespace"": ""biological_process"", ""evidence"": ""HMP""}]"
P11586,C1TC_HUMAN,C1TC,human,Homo sapiens (Human).,"RecName: Full=C-1-tetrahydrofolate synthase, cytoplasmic {ECO:0000305|PubMed:1881876}; Short=C1-THF synthase; AltName: Full=Epididymis secretory sperm binding protein {ECO:0000303|Ref.3}; Includes: RecName: Full=Methylenetetrahydrofolate dehydrogenase {ECO:0000305|PubMed:1881876}; EC=1.5.1.5 {ECO:0000269|PubMed:10828945, ECO:0000269|PubMed:18767138, ECO:0000269|PubMed:1881876}; Includes: RecName: Full=Methenyltetrahydrofolate cyclohydrolase {ECO:0000305|PubMed:1881876}; EC=3.5.4.9 {ECO:0000269|PubMed:10828945, ECO:0000269|PubMed:1881876}; Includes: RecName: Full=Formyltetrahydrofolate synthetase {ECO:0000305|PubMed:1881876}; EC=6.3.4.3 {ECO:0000269|PubMed:18767138, ECO:0000269|PubMed:1881876}; Contains: RecName: Full=C-1-tetrahydrofolate synthase, cytoplasmic, N-terminally processed;","Trifunctional enzyme that catalyzes the interconversion of three forms of one-carbon-substituted tetrahydrofolate: (6R)-5,10- methylene-5,6,7,8-tetrahydrofolate, 5,10-methenyltetrahydrofolate and (6S)-10-formyltetrahydrofolate (PubMed:10828945, PubMed:18767138, PubMed:1881876). These derivatives of tetrahydrofolate are differentially required in nucleotide and amino acid biosynthesis, (6S)-10-formyltetrahydrofolate being required for purine biosynthesis while (6R)-5,10-methylene-5,6,7,8-tetrahydrofolate is used for serine and methionine biosynthesis for instance (PubMed:18767138, PubMed:25633902). {ECO:0000269|PubMed:10828945, ECO:0000269|PubMed:18767138, ECO:0000269|PubMed:1881876, ECO:0000269|PubMed:25633902}.",11,GO:0004329|formate-tetrahydrofolate ligase activity; GO:0004477|methenyltetrahydrofolate cyclohydrolase activity; GO:0004488|methylenetetrahydrofolate dehydrogenase (NADP+) activity,GO:0009257|10-formyltetrahydrofolate biosynthetic process; GO:0046655|folic acid metabolic process; GO:0009086|methionine biosynthetic process; GO:0006164|purine nucleotide biosynthetic process; GO:0035999|tetrahydrofolate interconversion,GO:0005829|cytosol; GO:0070062|extracellular exosome; GO:0016020|membrane,"[{""go_id"": ""GO:0005829"", ""term_name"": ""cytosol"", ""namespace"": ""cellular_component"", ""evidence"": ""IDA""}, {""go_id"": ""GO:0070062"", ""term_name"": ""extracellular exosome"", ""namespace"": ""cellular_component"", ""evidence"": ""HDA""}, {""go_id"": ""GO:0016020"", ""term_name"": ""membrane"", ""namespace"": ""cellular_component"", ""evidence"": ""HDA""}, {""go_id"": ""GO:0004329"", ""term_name"": ""formate-tetrahydrofolate ligase activity"", ""namespace"": ""molecular_function"", ""evidence"": ""IDA""}, {""go_id"": ""GO:0004477"", ""term_name"": ""methenyltetrahydrofolate cyclohydrolase activity"", ""namespace"": ""molecular_function"", ""evidence"": ""IDA""}, {""go_id"": ""GO:0004488"", ""term_name"": ""methylenetetrahydrofolate dehydrogenase (NADP+) activity"", ""namespace"": ""molecular_function"", ""evidence"": ""IDA""}, {""go_id"": ""GO:0009257"", ""term_name"": ""10-formyltetrahydrofolate biosynthetic process"", ""namespace"": ""biological_process"", ""evidence"": ""IDA""}, {""go_id"": ""GO:0046655"", ""term_name"": ""folic acid metabolic process"", ""namespace"": ""biological_process"", ""evidence"": ""IMP""}, {""go_id"": ""GO:0009086"", ""term_name"": ""methionine biosynthetic process"", ""namespace"": ""biological_process"", ""evidence"": ""IMP""}, {""go_id"": ""GO:0006164"", ""term_name"": ""purine nucleotide biosynthetic process"", ""namespace"": ""biological_process"", ""evidence"": ""IMP""}, {""go_id"": ""GO:0035999"", ""term_name"": ""tetrahydrofolate interconversion"", ""namespace"": ""biological_process"", ""evidence"": ""IDA""}]"
Q92956,TNR14_HUMAN,TNR14,human,Homo sapiens (Human).,RecName: Full=Tumor necrosis factor receptor superfamily member 14; AltName: Full=Herpes virus entry mediator A {ECO:0000303|PubMed:9696799}; Short=Herpesvirus entry mediator A {ECO:0000303|PubMed:9696799}; Short=HveA {ECO:0000303|PubMed:11511370}; AltName: Full=Tumor necrosis factor receptor-like 2; Short=TR2 {ECO:0000303|PubMed:9162061}; AltName: CD_antigen=CD270; Flags: Precursor;,"Receptor for four distinct ligands: The TNF superfamily members TNFSF14/LIGHT and homotrimeric LTA/lymphotoxin-alpha and the immunoglobulin superfamily members BTLA and CD160, altogether defining a complex stimulatory and inhibitory signaling network (PubMed:10754304, PubMed:18193050, PubMed:23761635, PubMed:9462508). Signals via the TRAF2-TRAF3 E3 ligase pathway to promote immune cell survival and differentiation (PubMed:19915044, PubMed:9153189, PubMed:9162022). Participates in bidirectional cell-cell contact signaling between antigen presenting cells and lymphocytes. In response to ligation of TNFSF14/LIGHT, delivers costimulatory signals to T cells, promoting cell proliferation and effector functions (PubMed:10754304). Interacts with CD160 on NK cells, enhancing IFNG production and anti-tumor immune response (PubMed:23761635). In the context of bacterial infection, acts as a signaling receptor on epithelial cells for CD160 from intraepithelial lymphocytes, triggering the production of antimicrobial proteins and pro-inflammatory cytokines (By similarity). Upon binding to CD160 on activated CD4+ T cells, down- regulates CD28 costimulatory signaling, restricting memory and alloantigen-specific immune response (PubMed:18193050). May interact in cis (on the same cell) or in trans (on other cells) with BTLA (By similarity) (PubMed:19915044). In cis interactions, appears to play an immune regulatory role inhibiting in trans interactions in naive T cells to maintain a resting state. In trans interactions, can predominate during adaptive immune response to provide survival signals to effector T cells (By similarity) (PubMed:19915044). {ECO:0000250|UniProtKB:Q80WM9, ECO:0000269|PubMed:10754304, ECO:0000269|PubMed:18193050, ECO:0000269|PubMed:19915044, ECO:0000269|PubMed:23761635, ECO:0000269|PubMed:9153189, ECO:0000269|PubMed:9162022, ECO:0000269|PubMed:9462508}.",7,GO:0019955|cytokine binding; GO:0048018|receptor ligand activity; GO:0031625|ubiquitin protein ligase binding,GO:1905675|negative regulation of adaptive immune memory response; GO:0042130|negative regulation of T cell proliferation; GO:0031295|T cell costimulation,GO:0005886|plasma membrane,"[{""go_id"": ""GO:0005886"", ""term_name"": ""plasma membrane"", ""namespace"": ""cellular_component"", ""evidence"": ""IDA""}, {""go_id"": ""GO:0019955"", ""term_name"": ""cytokine binding"", ""namespace"": ""molecular_function"", ""evidence"": ""IPI""}, {""go_id"": ""GO:0048018"", ""term_name"": ""receptor ligand activity"", ""namespace"": ""molecular_function"", ""evidence"": ""IDA""}, {""go_id"": ""GO:0031625"", ""term_name"": ""ubiquitin protein ligase binding"", ""namespace"": ""molecular_function"", ""evidence"": ""IPI""}, {""go_id"": ""GO:1905675"", ""term_name"": ""negative regulation of adaptive immune memory response"", ""namespace"": ""biological_process"", ""evidence"": ""IDA""}, {""go_id"": ""GO:0042130"", ""term_name"": ""negative regulation of T cell proliferation"", ""namespace"": ""biological_process"", ""evidence"": ""IDA""}, {""go_id"": ""GO:0031295"", ""term_name"": ""T cell costimulation"", ""namespace"": ""biological_process"", ""evidence"": ""IDA""}]"
P35125,UBP6_HUMAN,UBP6,human,Homo sapiens (Human).,RecName: Full=Ubiquitin carboxyl-terminal hydrolase 6; EC=3.4.19.12; AltName: Full=Deubiquitinating enzyme 6; AltName: Full=Proto-oncogene TRE-2; AltName: Full=RN-tre {ECO:0000303|PubMed:19077034}; AltName: Full=Ubiquitin thioesterase 6; AltName: Full=Ubiquitin-specific-processing protease 6;,"Deubiquitinase with an ATP-independent isopeptidase activity, cleaving at the C-terminus of the ubiquitin moiety. Catalyzes its own deubiquitination. In vitro, isoform 2, but not isoform 3, shows deubiquitinating activity. Promotes plasma membrane localization of ARF6 and selectively regulates ARF6-dependent endocytic protein trafficking. Is able to initiate tumorigenesis by inducing the production of matrix metalloproteinases following NF-kappa-B activation. May act as a GTPase-activating protein for RAB3A (PubMed:19077034). {ECO:0000269|PubMed:15509780, ECO:0000269|PubMed:16127172, ECO:0000269|PubMed:19077034, ECO:0000269|PubMed:20418905}.",9,GO:0004843|cysteine-type deubiquitinase activity,GO:0016579|protein deubiquitination; GO:0099149|regulation of postsynaptic neurotransmitter receptor internalization; GO:0060627|regulation of vesicle-mediated transport,"GO:0005737|cytoplasm; GO:0098978|glutamatergic synapse; GO:0005886|plasma membrane; GO:0099092|postsynaptic density, intracellular component; GO:0055037|recycling endosome","[{""go_id"": ""GO:0005737"", ""term_name"": ""cytoplasm"", ""namespace"": ""cellular_component"", ""evidence"": ""IDA""}, {""go_id"": ""GO:0098978"", ""term_name"": ""glutamatergic synapse"", ""namespace"": ""cellular_component"", ""evidence"": ""IDA""}, {""go_id"": ""GO:0005886"", ""term_name"": ""plasma membrane"", ""namespace"": ""cellular_component"", ""evidence"": ""IDA""}, {""go_id"": ""GO:0099092"", ""term_name"": ""postsynaptic density, intracellular component"", ""namespace"": ""cellular_component"", ""evidence"": ""IDA""}, {""go_id"": ""GO:0055037"", ""term_name"": ""recycling endosome"", ""namespace"": ""cellular_component"", ""evidence"": ""IDA""}, {""go_id"": ""GO:0004843"", ""term_name"": ""cysteine-type deubiquitinase activity"", ""namespace"": ""molecular_function"", ""evidence"": ""IDA""}, {""go_id"": ""GO:0016579"", ""term_name"": ""protein deubiquitination"", ""namespace"": ""biological_process"", ""evidence"": ""IDA""}, {""go_id"": ""GO:0099149"", ""term_name"": ""regulation of postsynaptic neurotransmitter receptor internalization"", ""namespace"": ""biological_process"", ""evidence"": ""IDA""}, {""go_id"": ""GO:0060627"", ""term_name"": ""regulation of vesicle-mediated transport"", ""namespace"": ""biological_process"", ""evidence"": ""IDA""}]"
Q96CJ1,EAF2_HUMAN,EAF2,human,Homo sapiens (Human).,RecName: Full=ELL-associated factor 2; AltName: Full=Testosterone-regulated apoptosis inducer and tumor suppressor protein;,"Acts as a transcriptional transactivator of TCEA1 elongation activity (By similarity). Acts as a transcriptional transactivator of ELL and ELL2 elongation activities. Potent inducer of apoptosis in prostatic and non-prostatic cell lines. Inhibits prostate tumor growth in vivo. {ECO:0000250, ECO:0000269|PubMed:12446457, ECO:0000269|PubMed:12907652, ECO:0000269|PubMed:16006523}.",4,GO:0003711|transcription elongation factor activity,GO:0045944|positive regulation of transcription by RNA polymerase II; GO:0034243|regulation of transcription elongation by RNA polymerase II,GO:0008023|transcription elongation factor complex,"[{""go_id"": ""GO:0008023"", ""term_name"": ""transcription elongation factor complex"", ""namespace"": ""cellular_component"", ""evidence"": ""IDA""}, {""go_id"": ""GO:0003711"", ""term_name"": ""transcription elongation factor activity"", ""namespace"": ""molecular_function"", ""evidence"": ""IMP""}, {""go_id"": ""GO:0045944"", ""term_name"": ""positive regulation of transcription by RNA polymerase II"", ""namespace"": ""biological_process"", ""evidence"": ""IDA""}, {""go_id"": ""GO:0034243"", ""term_name"": ""regulation of transcription elongation by RNA polymerase II"", ""namespace"": ""biological_process"", ""evidence"": ""IMP""}]"
Q15047,SETB1_HUMAN,SETB1,human,Homo sapiens (Human).,"RecName: Full=Histone-lysine N-methyltransferase SETDB1 {ECO:0000305}; EC=2.1.1.366 {ECO:0000269|PubMed:11959841, ECO:0000269|PubMed:14536086}; AltName: Full=ERG-associated protein with SET domain; Short=ESET {ECO:0000303|PubMed:14536086}; AltName: Full=Histone H3-K9 methyltransferase 4; Short=H3-K9-HMTase 4; AltName: Full=Lysine N-methyltransferase 1E; AltName: Full=SET domain bifurcated 1;","Histone methyltransferase that specifically trimethylates 'Lys-9' of histone H3 (H3K9me3) (PubMed:11959841, PubMed:12869583, PubMed:14536086, PubMed:27237050, PubMed:39096901). H3 'Lys-9' trimethylation represents a specific tag for epigenetic transcriptional repression by recruiting HP1 (CBX1, CBX3 and/or CBX5) proteins to methylated histones (PubMed:11959841, PubMed:12869583, PubMed:14536086, PubMed:27237050, PubMed:39096901). Mainly functions in euchromatin regions, thereby playing a central role in the silencing of euchromatic genes (PubMed:12869583, PubMed:14536086, PubMed:27237050, PubMed:39096901). H3 'Lys-9' trimethylation is coordinated with DNA methylation (PubMed:12869583, PubMed:14536086, PubMed:27237050, PubMed:39096901). Forms a complex with MBD1 and ATF7IP that represses transcription and couples DNA methylation and histone 'Lys-9' trimethylation (PubMed:14536086). Its activity is dependent on MBD1 and is heritably maintained through DNA replication by being recruited by CAF-1 (PubMed:14536086). SETDB1 is targeted to histone H3 by TRIM28/TIF1B, a factor recruited by KRAB zinc-finger proteins (PubMed:24623306). Required for HUSH-mediated heterochromatin formation and gene silencing (PubMed:27732843). Probably forms a corepressor complex required for activated KRAS-mediated promoter hypermethylation and transcriptional silencing of tumor suppressor genes (TSGs) or other tumor-related genes in colorectal cancer (CRC) cells (PubMed:24623306). Required to maintain a transcriptionally repressive state of genes in undifferentiated embryonic stem cells (ESCs) (PubMed:24623306). In ESCs, in collaboration with TRIM28, is also required for H3K9me3 and silencing of endogenous and introduced retroviruses in a DNA- methylation independent-pathway (PubMed:37938770). Associates at promoter regions of tumor suppressor genes (TSGs) leading to their gene silencing (PubMed:24623306). The SETDB1-TRIM28-ZNF274 complex may play a role in recruiting ATRX to the 3'-exons of zinc-finger coding genes with atypical chromatin signatures to establish or maintain/protect H3K9me3 at these transcriptionally active regions (PubMed:27029610). Also catalyzes mono- and dimethylation of 'Lys-9' of free histone H3 (H3K9me1 and H3K9me2) during translation in the cytoplasm, which is then transported to the nucleus and incorporated into nucleosomes (PubMed:26405197). {ECO:0000269|PubMed:11959841, ECO:0000269|PubMed:12869583, ECO:0000269|PubMed:14536086, ECO:0000269|PubMed:24623306, ECO:0000269|PubMed:26405197, ECO:0000269|PubMed:27029610, ECO:0000269|PubMed:27237050, ECO:0000269|PubMed:27732843, ECO:0000269|PubMed:37938770, ECO:0000269|PubMed:39096901}.",15,GO:0003682|chromatin binding; GO:0140015|histone H3K14ac reader activity; GO:0140942|histone H3K9 dimethyltransferase activity; GO:0046974|histone H3K9 methyltransferase activity; GO:0140948|histone H3K9 monomethyltransferase activity; GO:0140949|histone H3K9 trimethyltransferase activity; GO:0062072|histone H3K9me2/3 reader activity; GO:1990841|promoter-specific chromatin binding,GO:0006346|DNA methylation-dependent constitutive heterochromatin formation; GO:0010629|negative regulation of gene expression; GO:0141005|transposable element silencing by heterochromatin formation,GO:0000785|chromatin; GO:0005737|cytoplasm; GO:0005654|nucleoplasm; GO:0005634|nucleus,"[{""go_id"": ""GO:0000785"", ""term_name"": ""chromatin"", ""namespace"": ""cellular_component"", ""evidence"": ""IDA""}, {""go_id"": ""GO:0005737"", ""term_name"": ""cytoplasm"", ""namespace"": ""cellular_component"", ""evidence"": ""IDA""}, {""go_id"": ""GO:0005654"", ""term_name"": ""nucleoplasm"", ""namespace"": ""cellular_component"", ""evidence"": ""IDA""}, {""go_id"": ""GO:0005634"", ""term_name"": ""nucleus"", ""namespace"": ""cellular_component"", ""evidence"": ""IDA""}, {""go_id"": ""GO:0003682"", ""term_name"": ""chromatin binding"", ""namespace"": ""molecular_function"", ""evidence"": ""IDA""}, {""go_id"": ""GO:0140015"", ""term_name"": ""histone H3K14ac reader activity"", ""namespace"": ""molecular_function"", ""evidence"": ""IDA""}, {""go_id"": ""GO:0140942"", ""term_name"": ""histone H3K9 dimethyltransferase activity"", ""namespace"": ""molecular_function"", ""evidence"": ""IDA""}, {""go_id"": ""GO:0046974"", ""term_name"": ""histone H3K9 methyltransferase activity"", ""namespace"": ""molecular_function"", ""evidence"": ""IDA""}, {""go_id"": ""GO:0140948"", ""term_name"": ""histone H3K9 monomethyltransferase activity"", ""namespace"": ""molecular_function"", ""evidence"": ""IDA""}, {""go_id"": ""GO:0140949"", ""term_name"": ""histone H3K9 trimethyltransferase activity"", ""namespace"": ""molecular_function"", ""evidence"": ""IDA""}, {""go_id"": ""GO:0062072"", ""term_name"": ""histone H3K9me2/3 reader activity"", ""namespace"": ""molecular_function"", ""evidence"": ""IDA""}, {""go_id"": ""GO:1990841"", ""term_name"": ""promoter-specific chromatin binding"", ""namespace"": ""molecular_function"", ""evidence"": ""IDA""}, {""go_id"": ""GO:0006346"", ""term_name"": ""DNA methylation-dependent constitutive heterochromatin formation"", ""namespace"": ""biological_process"", ""evidence"": ""IMP""}, {""go_id"": ""GO:0010629"", ""term_name"": ""negative regulation of gene expression"", ""namespace"": ""biological_process"", ""evidence"": ""IDA""}, {""go_id"": ""GO:0141005"", ""term_name"": ""transposable element silencing by heterochromatin formation"", ""namespace"": ""biological_process"", ""evidence"": ""IDA""}]"
Q8N257,H2B3B_HUMAN,H2B3B,human,Homo sapiens (Human).,RecName: Full=Histone H2B type 3-B; AltName: Full=H2B type 12; AltName: Full=H2B-clustered histone 26 {ECO:0000312|HGNC:HGNC:20514}; AltName: Full=H2B.U histone 1 {ECO:0000312|HGNC:HGNC:20514};,"Core component of nucleosome. Nucleosomes wrap and compact DNA into chromatin, limiting DNA accessibility to the cellular machineries which require DNA as a template. Histones thereby play a central role in transcription regulation, DNA repair, DNA replication and chromosomal stability. DNA accessibility is regulated via a complex set of post-translational modifications of histones, also called histone code, and nucleosome remodeling.",3,,,GO:0005829|cytosol; GO:0005654|nucleoplasm; GO:0005634|nucleus,"[{""go_id"": ""GO:0005829"", ""term_name"": ""cytosol"", ""namespace"": ""cellular_component"", ""evidence"": ""IDA""}, {""go_id"": ""GO:0005654"", ""term_name"": ""nucleoplasm"", ""namespace"": ""cellular_component"", ""evidence"": ""IDA""}, {""go_id"": ""GO:0005634"", ""term_name"": ""nucleus"", ""namespace"": ""cellular_component"", ""evidence"": ""IDA""}]"
Q14117,DPYS_HUMAN,DPYS,human,Homo sapiens (Human).,RecName: Full=Dihydropyrimidinase; Short=DHP; Short=DHPase; EC=3.5.2.2 {ECO:0000250|UniProtKB:Q55DL0}; AltName: Full=Dihydropyrimidine amidohydrolase; AltName: Full=Hydantoinase;,"Catalyzes the second step of the reductive pyrimidine degradation, the reversible hydrolytic ring opening of dihydropyrimidines. Can catalyze the ring opening of 5,6-dihydrouracil to N-carbamyl-alanine and of 5,6-dihydrothymine to N-carbamyl-amino isobutyrate.",4,GO:0004157|dihydropyrimidinase activity,GO:0006208|pyrimidine nucleobase catabolic process; GO:0006212|uracil catabolic process,GO:0070062|extracellular exosome,"[{""go_id"": ""GO:0070062"", ""term_name"": ""extracellular exosome"", ""namespace"": ""cellular_component"", ""evidence"": ""HDA""}, {""go_id"": ""GO:0004157"", ""term_name"": ""dihydropyrimidinase activity"", ""namespace"": ""molecular_function"", ""evidence"": ""IDA""}, {""go_id"": ""GO:0006208"", ""term_name"": ""pyrimidine nucleobase catabolic process"", ""namespace"": ""biological_process"", ""evidence"": ""IDA""}, {""go_id"": ""GO:0006212"", ""term_name"": ""uracil catabolic process"", ""namespace"": ""biological_process"", ""evidence"": ""IDA""}]"
P31939,PUR9_HUMAN,PUR9,human,Homo sapiens (Human).,"RecName: Full=Bifunctional purine biosynthesis protein ATIC; AltName: Full=AICAR transformylase/inosine monophosphate cyclohydrolase; Short=ATIC; Includes: RecName: Full=Phosphoribosylaminoimidazolecarboxamide formyltransferase; EC=2.1.2.3 {ECO:0000269|PubMed:10985775, ECO:0000269|PubMed:11948179, ECO:0000269|PubMed:9378707}; AltName: Full=5-aminoimidazole-4-carboxamide ribonucleotide formyltransferase {ECO:0000303|PubMed:9378707}; Short=AICAR formyltransferase {ECO:0000303|PubMed:9378707}; AltName: Full=AICAR transformylase; Includes: RecName: Full=Inosine 5'-monophosphate cyclohydrolase {ECO:0000303|PubMed:11948179}; Short=IMP cyclohydrolase {ECO:0000303|PubMed:11948179}; EC=3.5.4.10 {ECO:0000269|PubMed:11948179, ECO:0000269|PubMed:14756554}; AltName: Full=IMP synthase; AltName: Full=Inosinicase; Contains: RecName: Full=Bifunctional purine biosynthesis protein ATIC, N-terminally processed;","Bifunctional enzyme that catalyzes the last two steps of purine biosynthesis (PubMed:11948179, PubMed:14756554). Acts as a transformylase that incorporates a formyl group to the AMP analog AICAR (5-amino-1-(5-phospho-beta-D-ribosyl)imidazole-4-carboxamide) to produce the intermediate formyl-AICAR (FAICAR) (PubMed:10985775, PubMed:11948179, PubMed:9378707). Can use both 10-formyldihydrofolate and 10-formyltetrahydrofolate as the formyl donor in this reaction (PubMed:10985775). Also catalyzes the cyclization of FAICAR to inosine monophosphate (IMP) (PubMed:11948179, PubMed:14756554). Is able to convert thio-AICAR to 6-mercaptopurine ribonucleotide, an inhibitor of purine biosynthesis used in the treatment of human leukemias (PubMed:10985775). Promotes insulin receptor/INSR autophosphorylation and is involved in INSR internalization (PubMed:25687571). {ECO:0000269|PubMed:10985775, ECO:0000269|PubMed:11948179, ECO:0000269|PubMed:14756554, ECO:0000269|PubMed:25687571, ECO:0000269|PubMed:9378707}.",11,GO:0045296|cadherin binding; GO:0003937|IMP cyclohydrolase activity; GO:0042803|protein homodimerization activity,GO:0044208|'de novo' AMP biosynthetic process; GO:0006189|'de novo' IMP biosynthetic process; GO:0097294|'de novo' XMP biosynthetic process; GO:0006177|GMP biosynthetic process,GO:0005829|cytosol; GO:0070062|extracellular exosome; GO:0016020|membrane; GO:0005886|plasma membrane,"[{""go_id"": ""GO:0005829"", ""term_name"": ""cytosol"", ""namespace"": ""cellular_component"", ""evidence"": ""IDA""}, {""go_id"": ""GO:0070062"", ""term_name"": ""extracellular exosome"", ""namespace"": ""cellular_component"", ""evidence"": ""HDA""}, {""go_id"": ""GO:0016020"", ""term_name"": ""membrane"", ""namespace"": ""cellular_component"", ""evidence"": ""HDA""}, {""go_id"": ""GO:0005886"", ""term_name"": ""plasma membrane"", ""namespace"": ""cellular_component"", ""evidence"": ""IDA""}, {""go_id"": ""GO:0045296"", ""term_name"": ""cadherin binding"", ""namespace"": ""molecular_function"", ""evidence"": ""HDA""}, {""go_id"": ""GO:0003937"", ""term_name"": ""IMP cyclohydrolase activity"", ""namespace"": ""molecular_function"", ""evidence"": ""IDA""}, {""go_id"": ""GO:0042803"", ""term_name"": ""protein homodimerization activity"", ""namespace"": ""molecular_function"", ""evidence"": ""IPI""}, {""go_id"": ""GO:0044208"", ""term_name"": ""'de novo' AMP biosynthetic process"", ""namespace"": ""biological_process"", ""evidence"": ""IDA""}, {""go_id"": ""GO:0006189"", ""term_name"": ""'de novo' IMP biosynthetic process"", ""namespace"": ""biological_process"", ""evidence"": ""IDA""}, {""go_id"": ""GO:0097294"", ""term_name"": ""'de novo' XMP biosynthetic process"", ""namespace"": ""biological_process"", ""evidence"": ""IDA""}, {""go_id"": ""GO:0006177"", ""term_name"": ""GMP biosynthetic process"", ""namespace"": ""biological_process"", ""evidence"": ""IDA""}]"
Q9UQ49,NEUR3_HUMAN,NEUR3,human,Homo sapiens (Human).,"RecName: Full=Sialidase-3; EC=3.2.1.18 {ECO:0000269|PubMed:10405317, ECO:0000269|PubMed:10861246, ECO:0000269|PubMed:11298736, ECO:0000269|PubMed:12011038, ECO:0000269|PubMed:15847605, ECO:0000269|PubMed:20511247}; AltName: Full=Ganglioside sialidasedis; AltName: Full=Membrane sialidase; AltName: Full=N-acetyl-alpha-neuraminidase 3;","Exo-alpha-sialidase that catalyzes the hydrolytic cleavage of the terminal sialic acid (N-acetylneuraminic acid, Neu5Ac) of a glycan moiety in the catabolism of glycolipids, glycoproteins and oligosacharides. Displays high catalytic efficiency for gangliosides including alpha-(2->3)-sialylated GD1a and GM3 and alpha-(2->8)- sialylated GD3 (PubMed:10405317, PubMed:10861246, PubMed:11298736, PubMed:12011038, PubMed:15847605, PubMed:20511247, PubMed:28646141). Plays a role in the regulation of transmembrane signaling through the modulation of ganglioside content of the lipid bilayer and by direct interaction with signaling receptors, such as EGFR (PubMed:17334392, PubMed:25922362). Desialylates EGFR and activates downstream signaling in proliferating cells (PubMed:25922362). Contributes to clathrin- mediated endocytosis by regulating sorting of endocytosed receptors to early and recycling endosomes (PubMed:26251452). {ECO:0000269|PubMed:10405317, ECO:0000269|PubMed:10861246, ECO:0000269|PubMed:11298736, ECO:0000269|PubMed:12011038, ECO:0000269|PubMed:15847605, ECO:0000269|PubMed:17334392, ECO:0000269|PubMed:20511247, ECO:0000269|PubMed:25922362, ECO:0000269|PubMed:26251452, ECO:0000269|PubMed:28646141}.",11,GO:0016997|alpha-sialidase activity; GO:0004308|exo-alpha-sialidase activity,GO:0005975|carbohydrate metabolic process; GO:0006689|ganglioside catabolic process; GO:1900186|negative regulation of clathrin-dependent endocytosis; GO:0009313|oligosaccharide catabolic process; GO:0045742|positive regulation of epidermal growth factor receptor signaling pathway,GO:0031901|early endosome membrane; GO:0005765|lysosomal membrane; GO:0005886|plasma membrane; GO:0055038|recycling endosome membrane,"[{""go_id"": ""GO:0031901"", ""term_name"": ""early endosome membrane"", ""namespace"": ""cellular_component"", ""evidence"": ""IDA""}, {""go_id"": ""GO:0005765"", ""term_name"": ""lysosomal membrane"", ""namespace"": ""cellular_component"", ""evidence"": ""IDA""}, {""go_id"": ""GO:0005886"", ""term_name"": ""plasma membrane"", ""namespace"": ""cellular_component"", ""evidence"": ""IDA""}, {""go_id"": ""GO:0055038"", ""term_name"": ""recycling endosome membrane"", ""namespace"": ""cellular_component"", ""evidence"": ""IDA""}, {""go_id"": ""GO:0016997"", ""term_name"": ""alpha-sialidase activity"", ""namespace"": ""molecular_function"", ""evidence"": ""IDA""}, {""go_id"": ""GO:0004308"", ""term_name"": ""exo-alpha-sialidase activity"", ""namespace"": ""molecular_function"", ""evidence"": ""IDA""}, {""go_id"": ""GO:0005975"", ""term_name"": ""carbohydrate metabolic process"", ""namespace"": ""biological_process"", ""evidence"": ""IDA""}, {""go_id"": ""GO:0006689"", ""term_name"": ""ganglioside catabolic process"", ""namespace"": ""biological_process"", ""evidence"": ""IDA""}, {""go_id"": ""GO:1900186"", ""term_name"": ""negative regulation of clathrin-dependent endocytosis"", ""namespace"": ""biological_process"", ""evidence"": ""IDA""}, {""go_id"": ""GO:0009313"", ""term_name"": ""oligosaccharide catabolic process"", ""namespace"": ""biological_process"", ""evidence"": ""IDA""}, {""go_id"": ""GO:0045742"", ""term_name"": ""positive regulation of epidermal growth factor receptor signaling pathway"", ""namespace"": ""biological_process"", ""evidence"": ""IMP""}]"
Q01629,IFM2_HUMAN,IFM2,human,Homo sapiens (Human).,RecName: Full=Interferon-induced transmembrane protein 2 {ECO:0000305}; AltName: Full=Dispanin subfamily A member 2c; Short=DSPA2c; AltName: Full=Interferon-inducible protein 1-8D;,"IFN-induced antiviral protein which inhibits the entry of viruses to the host cell cytoplasm, permitting endocytosis, but preventing subsequent viral fusion and release of viral contents into the cytosol (PubMed:26354436, PubMed:33563656). Active against multiple viruses, including influenza A virus, SARS coronaviruses (SARS-CoV and SARS-CoV-2), Marburg virus (MARV), Ebola virus (EBOV), Dengue virus (DNV), West Nile virus (WNV), human immunodeficiency virus type 1 (HIV- 1), hepatitis C virus (HCV) and vesicular stomatitis virus (VSV) (PubMed:26354436, PubMed:33239446, PubMed:33270927, PubMed:33563656). Can inhibit: influenza virus hemagglutinin protein-mediated viral entry, MARV and EBOV GP1,2-mediated viral entry, SARS-CoV and SARS-CoV- 2 S protein-mediated viral entry and VSV G protein-mediated viral entry (PubMed:33563656). Induces cell cycle arrest and mediates apoptosis by caspase activation and in p53-independent manner. In hepatocytes, IFITM proteins act in a coordinated manner to restrict HCV infection by targeting the endocytosed HCV virion for lysosomal degradation (PubMed:26354436). IFITM2 and IFITM3 display anti-HCV activity that may complement the anti-HCV activity of IFITM1 by inhibiting the late stages of HCV entry, possibly in a coordinated manner by trapping the virion in the endosomal pathway and targeting it for degradation at the lysosome (PubMed:26354436). {ECO:0000269|PubMed:19544527, ECO:0000269|PubMed:20064371, ECO:0000269|PubMed:20534863, ECO:0000269|PubMed:20943977, ECO:0000269|PubMed:21177806, ECO:0000269|PubMed:21253575, ECO:0000269|PubMed:22479637, ECO:0000269|PubMed:26354436, ECO:0000269|PubMed:33239446, ECO:0000269|PubMed:33270927, ECO:0000269|PubMed:33563656}.",10,,GO:0035458|cellular response to interferon-beta; GO:0046597|host-mediated suppression of symbiont invasion; GO:0045071|negative regulation of viral genome replication; GO:0035455|response to interferon-alpha; GO:0035456|response to interferon-beta; GO:0034341|response to type II interferon; GO:0009615|response to virus,GO:0031902|late endosome membrane; GO:0005765|lysosomal membrane; GO:0032991|protein-containing complex,"[{""go_id"": ""GO:0031902"", ""term_name"": ""late endosome membrane"", ""namespace"": ""cellular_component"", ""evidence"": ""IDA""}, {""go_id"": ""GO:0005765"", ""term_name"": ""lysosomal membrane"", ""namespace"": ""cellular_component"", ""evidence"": ""IDA""}, {""go_id"": ""GO:0032991"", ""term_name"": ""protein-containing complex"", ""namespace"": ""cellular_component"", ""evidence"": ""IDA""}, {""go_id"": ""GO:0035458"", ""term_name"": ""cellular response to interferon-beta"", ""namespace"": ""biological_process"", ""evidence"": ""IDA""}, {""go_id"": ""GO:0046597"", ""term_name"": ""host-mediated suppression of symbiont invasion"", ""namespace"": ""biological_process"", ""evidence"": ""IDA""}, {""go_id"": ""GO:0045071"", ""term_name"": ""negative regulation of viral genome replication"", ""namespace"": ""biological_process"", ""evidence"": ""IDA""}, {""go_id"": ""GO:0035455"", ""term_name"": ""response to interferon-alpha"", ""namespace"": ""biological_process"", ""evidence"": ""IDA""}, {""go_id"": ""GO:0035456"", ""term_name"": ""response to interferon-beta"", ""namespace"": ""biological_process"", ""evidence"": ""IDA""}, {""go_id"": ""GO:0034341"", ""term_name"": ""response to type II interferon"", ""namespace"": ""biological_process"", ""evidence"": ""IDA""}, {""go_id"": ""GO:0009615"", ""term_name"": ""response to virus"", ""namespace"": ""biological_process"", ""evidence"": ""IDA""}]"
Q16831,UPP1_HUMAN,UPP1,human,Homo sapiens (Human).,RecName: Full=Uridine phosphorylase 1 {ECO:0000303|PubMed:19291308}; Short=UPase 1; Short=UrdPase 1; EC=2.4.2.3 {ECO:0000269|PubMed:7488099};,"Catalyzes the reversible phosphorylytic cleavage of uridine to uracil and ribose-1-phosphate which can then be utilized as carbon and energy sources or in the rescue of pyrimidine bases for nucleotide synthesis (PubMed:7488099). Shows broad substrate specificity and can also accept deoxyuridine and other analogous compounds (Probable). {ECO:0000269|PubMed:7488099, ECO:0000305|PubMed:13737038}.",4,GO:0042802|identical protein binding; GO:0004850|uridine phosphorylase activity,GO:0006218|uridine catabolic process,GO:0005654|nucleoplasm,"[{""go_id"": ""GO:0005654"", ""term_name"": ""nucleoplasm"", ""namespace"": ""cellular_component"", ""evidence"": ""IDA""}, {""go_id"": ""GO:0042802"", ""term_name"": ""identical protein binding"", ""namespace"": ""molecular_function"", ""evidence"": ""IPI""}, {""go_id"": ""GO:0004850"", ""term_name"": ""uridine phosphorylase activity"", ""namespace"": ""molecular_function"", ""evidence"": ""IDA""}, {""go_id"": ""GO:0006218"", ""term_name"": ""uridine catabolic process"", ""namespace"": ""biological_process"", ""evidence"": ""IDA""}]"
A1X283,SPD2B_HUMAN,SPD2B,human,Homo sapiens (Human).,RecName: Full=SH3 and PX domain-containing protein 2B; AltName: Full=Adapter protein HOFI; AltName: Full=Factor for adipocyte differentiation 49; AltName: Full=Tyrosine kinase substrate with four SH3 domains;,"Adapter protein involved in invadopodia and podosome formation and extracellular matrix degradation. Binds matrix metalloproteinases (ADAMs), NADPH oxidases (NOXs) and phosphoinositides. Acts as an organizer protein that allows NOX1- or NOX3-dependent reactive oxygen species (ROS) generation and ROS localization. Plays a role in mitotic clonal expansion during the immediate early stage of adipocyte differentiation (By similarity). {ECO:0000250, ECO:0000269|PubMed:12615925, ECO:0000269|PubMed:19755710, ECO:0000269|PubMed:20609497}.",7,,GO:0060348|bone development; GO:0022617|extracellular matrix disassembly; GO:0001654|eye development; GO:0007507|heart development; GO:0072657|protein localization to membrane; GO:0001501|skeletal system development; GO:0006801|superoxide metabolic process,,"[{""go_id"": ""GO:0060348"", ""term_name"": ""bone development"", ""namespace"": ""biological_process"", ""evidence"": ""IMP""}, {""go_id"": ""GO:0022617"", ""term_name"": ""extracellular matrix disassembly"", ""namespace"": ""biological_process"", ""evidence"": ""IMP""}, {""go_id"": ""GO:0001654"", ""term_name"": ""eye development"", ""namespace"": ""biological_process"", ""evidence"": ""IMP""}, {""go_id"": ""GO:0007507"", ""term_name"": ""heart development"", ""namespace"": ""biological_process"", ""evidence"": ""IMP""}, {""go_id"": ""GO:0072657"", ""term_name"": ""protein localization to membrane"", ""namespace"": ""biological_process"", ""evidence"": ""IDA""}, {""go_id"": ""GO:0001501"", ""term_name"": ""skeletal system development"", ""namespace"": ""biological_process"", ""evidence"": ""IMP""}, {""go_id"": ""GO:0006801"", ""term_name"": ""superoxide metabolic process"", ""namespace"": ""biological_process"", ""evidence"": ""IDA""}]"
P50440,GATM_HUMAN,GATM,human,Homo sapiens (Human).,"RecName: Full=Glycine amidinotransferase, mitochondrial; EC=2.1.4.1 {ECO:0000269|PubMed:16820567, ECO:0000269|PubMed:27233232, ECO:0000269|PubMed:36543883, ECO:0000269|PubMed:3800397}; AltName: Full=L-arginine:glycine amidinotransferase; AltName: Full=Transamidinase; Flags: Precursor;","Transamidinase that catalyzes the transfer of the amidino group of L-arginine onto the amino moiety of acceptor metabolites such as glycine, beta-alanine, gamma-aminobutyric acid (GABA) and taurine yielding the corresponding guanidine derivatives (PubMed:16820567, PubMed:27233232, PubMed:36543883, PubMed:3800397). Catalyzes the rate- limiting step of creatine biosynthesis, namely the transfer of the amidino group from L-arginine to glycine to generate guanidinoacetate, which is then methylated by GAMT to form creatine. Provides creatine as a source for ATP generation in tissues with high energy demands, in particular skeletal muscle, heart and brain (Probable) (PubMed:27233232, PubMed:36543883, PubMed:3800397, PubMed:9266688). {ECO:0000269|PubMed:16820567, ECO:0000269|PubMed:27233232, ECO:0000269|PubMed:36543883, ECO:0000269|PubMed:3800397, ECO:0000269|PubMed:9266688, ECO:0000305|PubMed:16820567}.",9,GO:0015067|amidinotransferase activity; GO:0015068|glycine amidinotransferase activity,GO:0006601|creatine biosynthetic process; GO:0006600|creatine metabolic process; GO:0007611|learning or memory; GO:0014889|muscle atrophy,GO:0070062|extracellular exosome; GO:0005758|mitochondrial intermembrane space; GO:0005739|mitochondrion,"[{""go_id"": ""GO:0070062"", ""term_name"": ""extracellular exosome"", ""namespace"": ""cellular_component"", ""evidence"": ""HDA""}, {""go_id"": ""GO:0005758"", ""term_name"": ""mitochondrial intermembrane space"", ""namespace"": ""cellular_component"", ""evidence"": ""IDA""}, {""go_id"": ""GO:0005739"", ""term_name"": ""mitochondrion"", ""namespace"": ""cellular_component"", ""evidence"": ""IDA""}, {""go_id"": ""GO:0015067"", ""term_name"": ""amidinotransferase activity"", ""namespace"": ""molecular_function"", ""evidence"": ""IDA""}, {""go_id"": ""GO:0015068"", ""term_name"": ""glycine amidinotransferase activity"", ""namespace"": ""molecular_function"", ""evidence"": ""IDA""}, {""go_id"": ""GO:0006601"", ""term_name"": ""creatine biosynthetic process"", ""namespace"": ""biological_process"", ""evidence"": ""IDA""}, {""go_id"": ""GO:0006600"", ""term_name"": ""creatine metabolic process"", ""namespace"": ""biological_process"", ""evidence"": ""IMP""}, {""go_id"": ""GO:0007611"", ""term_name"": ""learning or memory"", ""namespace"": ""biological_process"", ""evidence"": ""IMP""}, {""go_id"": ""GO:0014889"", ""term_name"": ""muscle atrophy"", ""namespace"": ""biological_process"", ""evidence"": ""IMP""}]"
Q9NX58,LYAR_HUMAN,LYAR,human,Homo sapiens (Human).,RecName: Full=Cell growth-regulating nucleolar protein;,"Plays a role in the maintenance of the appropriate processing of 47S/45S pre-rRNA to 32S/30S pre-rRNAs and their subsequent processing to produce 18S and 28S rRNAs (PubMed:24495227). Also acts at the level of transcription regulation. Along with PRMT5, binds the gamma-globin (HBG1/HBG2) promoter and represses its expression (PubMed:25092918). In neuroblastoma cells, may also repress the expression of oxidative stress genes, including CHAC1, HMOX1, SLC7A11, ULBP1 and SNORD41 that encodes a small nucleolar RNA (PubMed:28686580). Preferentially binds to a DNA motif containing 5'-GGTTAT-3' (PubMed:25092918). Negatively regulates the antiviral innate immune response by targeting IRF3 and impairing its DNA-binding activity (PubMed:31413131). In addition, inhibits NF-kappa-B-mediated expression of pro-inflammatory cytokines (PubMed:31413131). Stimulates phagocytosis of photoreceptor outer segments by retinal pigment epithelial cells (By similarity). Prevents nucleolin/NCL self-cleavage, maintaining a normal steady-state level of NCL protein in undifferentiated embryonic stem cells (ESCs), which in turn is essential for ESC self-renewal (By similarity). {ECO:0000250|UniProtKB:Q08288, ECO:0000269|PubMed:24495227, ECO:0000269|PubMed:25092918, ECO:0000269|PubMed:28686580, ECO:0000269|PubMed:31413131}.",13,GO:0003677|DNA binding; GO:0140297|DNA-binding transcription factor binding; GO:0042802|identical protein binding; GO:0003723|RNA binding; GO:0140416|transcription regulator inhibitor activity,GO:0048821|erythrocyte development; GO:0045824|negative regulation of innate immune response; GO:0000122|negative regulation of transcription by RNA polymerase II; GO:0045943|positive regulation of transcription by RNA polymerase I; GO:0006364|rRNA processing,GO:0005730|nucleolus; GO:0005654|nucleoplasm; GO:0005634|nucleus,"[{""go_id"": ""GO:0005730"", ""term_name"": ""nucleolus"", ""namespace"": ""cellular_component"", ""evidence"": ""IDA""}, {""go_id"": ""GO:0005654"", ""term_name"": ""nucleoplasm"", ""namespace"": ""cellular_component"", ""evidence"": ""IDA""}, {""go_id"": ""GO:0005634"", ""term_name"": ""nucleus"", ""namespace"": ""cellular_component"", ""evidence"": ""IDA""}, {""go_id"": ""GO:0003677"", ""term_name"": ""DNA binding"", ""namespace"": ""molecular_function"", ""evidence"": ""IDA""}, {""go_id"": ""GO:0140297"", ""term_name"": ""DNA-binding transcription factor binding"", ""namespace"": ""molecular_function"", ""evidence"": ""IPI""}, {""go_id"": ""GO:0042802"", ""term_name"": ""identical protein binding"", ""namespace"": ""molecular_function"", ""evidence"": ""IPI""}, {""go_id"": ""GO:0003723"", ""term_name"": ""RNA binding"", ""namespace"": ""molecular_function"", ""evidence"": ""HDA""}, {""go_id"": ""GO:0140416"", ""term_name"": ""transcription regulator inhibitor activity"", ""namespace"": ""molecular_function"", ""evidence"": ""IDA""}, {""go_id"": ""GO:0048821"", ""term_name"": ""erythrocyte development"", ""namespace"": ""biological_process"", ""evidence"": ""IMP""}, {""go_id"": ""GO:0045824"", ""term_name"": ""negative regulation of innate immune response"", ""namespace"": ""biological_process"", ""evidence"": ""IDA""}, {""go_id"": ""GO:0000122"", ""term_name"": ""negative regulation of transcription by RNA polymerase II"", ""namespace"": ""biological_process"", ""evidence"": ""IDA""}, {""go_id"": ""GO:0045943"", ""term_name"": ""positive regulation of transcription by RNA polymerase I"", ""namespace"": ""biological_process"", ""evidence"": ""IDA""}, {""go_id"": ""GO:0006364"", ""term_name"": ""rRNA processing"", ""namespace"": ""biological_process"", ""evidence"": ""IMP""}]"
Q96L58,B3GT6_HUMAN,B3GT6,human,Homo sapiens (Human).,"RecName: Full=Beta-1,3-galactosyltransferase 6 {ECO:0000305|PubMed:11551958}; Short=Beta-1,3-GalTase 6; Short=Beta3Gal-T6; Short=Beta3GalT6 {ECO:0000303|PubMed:23664118}; EC=2.4.1.134 {ECO:0000269|PubMed:11551958, ECO:0000269|PubMed:23664117}; AltName: Full=GAG GalTII; AltName: Full=Galactosyltransferase II; AltName: Full=Galactosylxylosylprotein 3-beta-galactosyltransferase; AltName: Full=UDP-Gal:betaGal beta 1,3-galactosyltransferase polypeptide 6;","Beta-1,3-galactosyltransferase that transfers galactose from UDP-galactose to substrates with a terminal beta-linked galactose residue. Has a preference for galactose-beta-1,4-xylose that is found in the linker region of glycosaminoglycans, such as heparan sulfate and chondroitin sulfate. Has no activity towards substrates with terminal glucosamine or galactosamine residues. {ECO:0000269|PubMed:11551958, ECO:0000269|PubMed:23664117, ECO:0000269|PubMed:29443383}.",10,GO:0047220|galactosylxylosylprotein 3-beta-galactosyltransferase activity; GO:0035250|UDP-galactosyltransferase activity,GO:0050650|chondroitin sulfate proteoglycan biosynthetic process; GO:0050651|dermatan sulfate proteoglycan biosynthetic process; GO:0006024|glycosaminoglycan biosynthetic process; GO:0015012|heparan sulfate proteoglycan biosynthetic process; GO:0030166|proteoglycan biosynthetic process,GO:0005794|Golgi apparatus; GO:0005797|Golgi medial cisterna; GO:0016020|membrane,"[{""go_id"": ""GO:0005794"", ""term_name"": ""Golgi apparatus"", ""namespace"": ""cellular_component"", ""evidence"": ""IMP""}, {""go_id"": ""GO:0005797"", ""term_name"": ""Golgi medial cisterna"", ""namespace"": ""cellular_component"", ""evidence"": ""IDA""}, {""go_id"": ""GO:0016020"", ""term_name"": ""membrane"", ""namespace"": ""cellular_component"", ""evidence"": ""HDA""}, {""go_id"": ""GO:0047220"", ""term_name"": ""galactosylxylosylprotein 3-beta-galactosyltransferase activity"", ""namespace"": ""molecular_function"", ""evidence"": ""IMP""}, {""go_id"": ""GO:0035250"", ""term_name"": ""UDP-galactosyltransferase activity"", ""namespace"": ""molecular_function"", ""evidence"": ""IDA""}, {""go_id"": ""GO:0050650"", ""term_name"": ""chondroitin sulfate proteoglycan biosynthetic process"", ""namespace"": ""biological_process"", ""evidence"": ""IMP""}, {""go_id"": ""GO:0050651"", ""term_name"": ""dermatan sulfate proteoglycan biosynthetic process"", ""namespace"": ""biological_process"", ""evidence"": ""IMP""}, {""go_id"": ""GO:0006024"", ""term_name"": ""glycosaminoglycan biosynthetic process"", ""namespace"": ""biological_process"", ""evidence"": ""IMP""}, {""go_id"": ""GO:0015012"", ""term_name"": ""heparan sulfate proteoglycan biosynthetic process"", ""namespace"": ""biological_process"", ""evidence"": ""IMP""}, {""go_id"": ""GO:0030166"", ""term_name"": ""proteoglycan biosynthetic process"", ""namespace"": ""biological_process"", ""evidence"": ""IMP""}]"
Q9NZD2,GLTP_HUMAN,GLTP,human,Homo sapiens (Human).,RecName: Full=Glycolipid transfer protein; Short=GLTP;,"Accelerates the intermembrane transfer of various glycolipids. Catalyzes the transfer of various glycosphingolipids between membranes but does not catalyze the transfer of phospholipids. May be involved in the intracellular translocation of glucosylceramides. {ECO:0000269|PubMed:15329726, ECO:0000269|PubMed:15504043, ECO:0000269|PubMed:17980653, ECO:0000269|PubMed:18261224}.",6,GO:0051861|glycolipid binding; GO:0042802|identical protein binding; GO:0008289|lipid binding; GO:0120013|lipid transfer activity,GO:0120009|intermembrane lipid transfer,GO:0005829|cytosol,"[{""go_id"": ""GO:0005829"", ""term_name"": ""cytosol"", ""namespace"": ""cellular_component"", ""evidence"": ""IDA""}, {""go_id"": ""GO:0051861"", ""term_name"": ""glycolipid binding"", ""namespace"": ""molecular_function"", ""evidence"": ""IDA""}, {""go_id"": ""GO:0042802"", ""term_name"": ""identical protein binding"", ""namespace"": ""molecular_function"", ""evidence"": ""IPI""}, {""go_id"": ""GO:0008289"", ""term_name"": ""lipid binding"", ""namespace"": ""molecular_function"", ""evidence"": ""IDA""}, {""go_id"": ""GO:0120013"", ""term_name"": ""lipid transfer activity"", ""namespace"": ""molecular_function"", ""evidence"": ""IDA""}, {""go_id"": ""GO:0120009"", ""term_name"": ""intermembrane lipid transfer"", ""namespace"": ""biological_process"", ""evidence"": ""IDA""}]"
O75179,ANR17_HUMAN,ANR17,human,Homo sapiens (Human).,RecName: Full=Ankyrin repeat domain-containing protein 17; AltName: Full=Gene trap ankyrin repeat protein; AltName: Full=Serologically defined breast cancer antigen NY-BR-16;,"Could play pivotal roles in cell cycle and DNA regulation (PubMed:19150984). Involved in innate immune defense against viruse by positively regulating the viral dsRNA receptors DDX58 and IFIH1 signaling pathways (PubMed:22328336). Involves in NOD2- and NOD1- mediated responses to bacteria suggesting a role in innate antibacterial immune pathways too (PubMed:23711367). Target of enterovirus 71 which is the major etiological agent of HFMD (hand, foot and mouth disease) (PubMed:17276651). Could play a central role for the formation and/or maintenance of the blood vessels of the circulation system (By similarity). {ECO:0000250|UniProtKB:Q99NH0, ECO:0000269|PubMed:17276651, ECO:0000269|PubMed:19150984, ECO:0000269|PubMed:22328336, ECO:0000269|PubMed:23711367}.",16,GO:0003682|chromatin binding; GO:0003723|RNA binding,GO:0042742|defense response to bacterium; GO:0045087|innate immune response; GO:0043123|positive regulation of canonical NF-kappaB signal transduction; GO:0045787|positive regulation of cell cycle; GO:1900087|positive regulation of G1/S transition of mitotic cell cycle; GO:1900245|positive regulation of MDA-5 signaling pathway; GO:1900246|positive regulation of RIG-I signaling pathway; GO:0006275|regulation of DNA replication,GO:0000785|chromatin; GO:0005737|cytoplasm; GO:0016020|membrane; GO:0031965|nuclear membrane; GO:0005654|nucleoplasm; GO:0005634|nucleus,"[{""go_id"": ""GO:0000785"", ""term_name"": ""chromatin"", ""namespace"": ""cellular_component"", ""evidence"": ""IDA""}, {""go_id"": ""GO:0005737"", ""term_name"": ""cytoplasm"", ""namespace"": ""cellular_component"", ""evidence"": ""IDA""}, {""go_id"": ""GO:0016020"", ""term_name"": ""membrane"", ""namespace"": ""cellular_component"", ""evidence"": ""HDA""}, {""go_id"": ""GO:0031965"", ""term_name"": ""nuclear membrane"", ""namespace"": ""cellular_component"", ""evidence"": ""IDA""}, {""go_id"": ""GO:0005654"", ""term_name"": ""nucleoplasm"", ""namespace"": ""cellular_component"", ""evidence"": ""IDA""}, {""go_id"": ""GO:0005634"", ""term_name"": ""nucleus"", ""namespace"": ""cellular_component"", ""evidence"": ""IDA""}, {""go_id"": ""GO:0003682"", ""term_name"": ""chromatin binding"", ""namespace"": ""molecular_function"", ""evidence"": ""IDA""}, {""go_id"": ""GO:0003723"", ""term_name"": ""RNA binding"", ""namespace"": ""molecular_function"", ""evidence"": ""HDA""}, {""go_id"": ""GO:0042742"", ""term_name"": ""defense response to bacterium"", ""namespace"": ""biological_process"", ""evidence"": ""IDA""}, {""go_id"": ""GO:0045087"", ""term_name"": ""innate immune response"", ""namespace"": ""biological_process"", ""evidence"": ""IDA""}, {""go_id"": ""GO:0043123"", ""term_name"": ""positive regulation of canonical NF-kappaB signal transduction"", ""namespace"": ""biological_process"", ""evidence"": ""IDA""}, {""go_id"": ""GO:0045787"", ""term_name"": ""positive regulation of cell cycle"", ""namespace"": ""biological_process"", ""evidence"": ""IMP""}, {""go_id"": ""GO:1900087"", ""term_name"": ""positive regulation of G1/S transition of mitotic cell cycle"", ""namespace"": ""biological_process"", ""evidence"": ""IMP""}, {""go_id"": ""GO:1900245"", ""term_name"": ""positive regulation of MDA-5 signaling pathway"", ""namespace"": ""biological_process"", ""evidence"": ""IDA""}, {""go_id"": ""GO:1900246"", ""term_name"": ""positive regulation of RIG-I signaling pathway"", ""namespace"": ""biological_process"", ""evidence"": ""IDA""}, {""go_id"": ""GO:0006275"", ""term_name"": ""regulation of DNA replication"", ""namespace"": ""biological_process"", ""evidence"": ""IMP""}]"
Q2Q1W2,LIN41_HUMAN,LIN41,human,Homo sapiens (Human).,RecName: Full=E3 ubiquitin-protein ligase TRIM71 {ECO:0000305}; EC=2.3.2.27; AltName: Full=Protein lin-41 homolog; AltName: Full=RING-type E3 ubiquitin transferase TRIM71 {ECO:0000305}; AltName: Full=Tripartite motif-containing protein 71;,"E3 ubiquitin-protein ligase that cooperates with the microRNAs (miRNAs) machinery and promotes embryonic stem cells proliferation and maintenance (Probable). Binds to miRNAs and associates with AGO2, participating in post-transcriptional repression of transcripts such as CDKN1A (By similarity). In addition, participates in post-transcriptional mRNA repression in a miRNA independent mechanism (PubMed:23125361). Facilitates the G1-S transition to promote rapid embryonic stem cell self-renewal by repressing CDKN1A expression. Required to maintain proliferation and prevent premature differentiation of neural progenitor cells during early neural development: positively regulates FGF signaling by controlling the stability of SHCBP1 (By similarity). Specific regulator of miRNA biogenesis. Binds to miRNA MIR29A hairpin and postranscriptionally modulates MIR29A levels, which indirectly regulates TET proteins expression (PubMed:28431233). {ECO:0000250|UniProtKB:Q1PSW8, ECO:0000269|PubMed:23125361, ECO:0000269|PubMed:28431233, ECO:0000305|PubMed:24239284}.",7,GO:0035198|miRNA binding; GO:0030371|translation repressor activity,GO:0061158|3'-UTR-mediated mRNA destabilization; GO:0035196|miRNA processing; GO:0017148|negative regulation of translation; GO:0010608|post-transcriptional regulation of gene expression,GO:0000932|P-body,"[{""go_id"": ""GO:0000932"", ""term_name"": ""P-body"", ""namespace"": ""cellular_component"", ""evidence"": ""IDA""}, {""go_id"": ""GO:0035198"", ""term_name"": ""miRNA binding"", ""namespace"": ""molecular_function"", ""evidence"": ""IDA""}, {""go_id"": ""GO:0030371"", ""term_name"": ""translation repressor activity"", ""namespace"": ""molecular_function"", ""evidence"": ""IDA""}, {""go_id"": ""GO:0061158"", ""term_name"": ""3'-UTR-mediated mRNA destabilization"", ""namespace"": ""biological_process"", ""evidence"": ""IDA""}, {""go_id"": ""GO:0035196"", ""term_name"": ""miRNA processing"", ""namespace"": ""biological_process"", ""evidence"": ""IMP""}, {""go_id"": ""GO:0017148"", ""term_name"": ""negative regulation of translation"", ""namespace"": ""biological_process"", ""evidence"": ""IDA""}, {""go_id"": ""GO:0010608"", ""term_name"": ""post-transcriptional regulation of gene expression"", ""namespace"": ""biological_process"", ""evidence"": ""IMP""}]"
Q16625,OCLN_HUMAN,OCLN,human,Homo sapiens (Human).,RecName: Full=Occludin;,May play a role in the formation and regulation of the tight junction (TJ) paracellular permeability barrier. It is able to induce adhesion when expressed in cells lacking tight junctions. {ECO:0000269|PubMed:19114660}.,16,GO:0019904|protein domain specific binding,GO:0070830|bicellular tight junction assembly; GO:0045216|cell-cell junction organization; GO:0010629|negative regulation of gene expression; GO:1905605|positive regulation of blood-brain barrier permeability; GO:0046326|positive regulation of D-glucose import; GO:0010628|positive regulation of gene expression; GO:0010827|regulation of D-glucose transmembrane transport,GO:0005923|bicellular tight junction; GO:0030054|cell junction; GO:0005911|cell-cell junction; GO:0031410|cytoplasmic vesicle; GO:0005765|lysosomal membrane; GO:0005886|plasma membrane; GO:0032991|protein-containing complex; GO:0070160|tight junction,"[{""go_id"": ""GO:0005923"", ""term_name"": ""bicellular tight junction"", ""namespace"": ""cellular_component"", ""evidence"": ""IDA""}, {""go_id"": ""GO:0030054"", ""term_name"": ""cell junction"", ""namespace"": ""cellular_component"", ""evidence"": ""IDA""}, {""go_id"": ""GO:0005911"", ""term_name"": ""cell-cell junction"", ""namespace"": ""cellular_component"", ""evidence"": ""IDA""}, {""go_id"": ""GO:0031410"", ""term_name"": ""cytoplasmic vesicle"", ""namespace"": ""cellular_component"", ""evidence"": ""IDA""}, {""go_id"": ""GO:0005765"", ""term_name"": ""lysosomal membrane"", ""namespace"": ""cellular_component"", ""evidence"": ""IDA""}, {""go_id"": ""GO:0005886"", ""term_name"": ""plasma membrane"", ""namespace"": ""cellular_component"", ""evidence"": ""IDA""}, {""go_id"": ""GO:0032991"", ""term_name"": ""protein-containing complex"", ""namespace"": ""cellular_component"", ""evidence"": ""IDA""}, {""go_id"": ""GO:0070160"", ""term_name"": ""tight junction"", ""namespace"": ""cellular_component"", ""evidence"": ""IDA""}, {""go_id"": ""GO:0019904"", ""term_name"": ""protein domain specific binding"", ""namespace"": ""molecular_function"", ""evidence"": ""IPI""}, {""go_id"": ""GO:0070830"", ""term_name"": ""bicellular tight junction assembly"", ""namespace"": ""biological_process"", ""evidence"": ""IMP""}, {""go_id"": ""GO:0045216"", ""term_name"": ""cell-cell junction organization"", ""namespace"": ""biological_process"", ""evidence"": ""IMP""}, {""go_id"": ""GO:0010629"", ""term_name"": ""negative regulation of gene expression"", ""namespace"": ""biological_process"", ""evidence"": ""IMP""}, {""go_id"": ""GO:1905605"", ""term_name"": ""positive regulation of blood-brain barrier permeability"", ""namespace"": ""biological_process"", ""evidence"": ""IMP""}, {""go_id"": ""GO:0046326"", ""term_name"": ""positive regulation of D-glucose import"", ""namespace"": ""biological_process"", ""evidence"": ""IMP""}, {""go_id"": ""GO:0010628"", ""term_name"": ""positive regulation of gene expression"", ""namespace"": ""biological_process"", ""evidence"": ""IMP""}, {""go_id"": ""GO:0010827"", ""term_name"": ""regulation of D-glucose transmembrane transport"", ""namespace"": ""biological_process"", ""evidence"": ""IMP""}]"
Q5VY09,IER5_HUMAN,IER5,human,Homo sapiens (Human).,RecName: Full=Immediate early response gene 5 protein;,"Plays a role as a transcription factor (PubMed:22132193, PubMed:25355627). Mediates positive transcriptional regulation of several chaperone genes during the heat shock response in a HSF1- dependent manner (PubMed:25355627, PubMed:25816751). Mediates negative transcriptional regulation of CDC25B expression (PubMed:22132193). Plays a role in the dephosphorylation of the heat shock factor HSF1 and ribosomal protein S6 kinase (S6K) by the protein phosphatase PP2A (PubMed:25816751, PubMed:26496226). Involved in the regulation of cell proliferation and resistance to thermal stress (PubMed:22132193, PubMed:25355627, PubMed:26496226). Involved in the cell cycle checkpoint and survival in response to ionizing radiation (PubMed:19238419, PubMed:22132193). Associates with chromatin to the CDC25B promoter (PubMed:22132193). {ECO:0000269|PubMed:19238419, ECO:0000269|PubMed:22132193, ECO:0000269|PubMed:25355627, ECO:0000269|PubMed:25816751, ECO:0000269|PubMed:26496226}.",9,GO:0042802|identical protein binding,GO:0034605|cellular response to heat; GO:1900036|positive regulation of cellular response to heat; GO:0045944|positive regulation of transcription by RNA polymerase II; GO:0042127|regulation of cell population proliferation,GO:0005737|cytoplasm; GO:0005730|nucleolus; GO:0005654|nucleoplasm; GO:0005634|nucleus,"[{""go_id"": ""GO:0005737"", ""term_name"": ""cytoplasm"", ""namespace"": ""cellular_component"", ""evidence"": ""IDA""}, {""go_id"": ""GO:0005730"", ""term_name"": ""nucleolus"", ""namespace"": ""cellular_component"", ""evidence"": ""IDA""}, {""go_id"": ""GO:0005654"", ""term_name"": ""nucleoplasm"", ""namespace"": ""cellular_component"", ""evidence"": ""IDA""}, {""go_id"": ""GO:0005634"", ""term_name"": ""nucleus"", ""namespace"": ""cellular_component"", ""evidence"": ""IDA""}, {""go_id"": ""GO:0042802"", ""term_name"": ""identical protein binding"", ""namespace"": ""molecular_function"", ""evidence"": ""IDA""}, {""go_id"": ""GO:0034605"", ""term_name"": ""cellular response to heat"", ""namespace"": ""biological_process"", ""evidence"": ""IDA""}, {""go_id"": ""GO:1900036"", ""term_name"": ""positive regulation of cellular response to heat"", ""namespace"": ""biological_process"", ""evidence"": ""IMP""}, {""go_id"": ""GO:0045944"", ""term_name"": ""positive regulation of transcription by RNA polymerase II"", ""namespace"": ""biological_process"", ""evidence"": ""IDA""}, {""go_id"": ""GO:0042127"", ""term_name"": ""regulation of cell population proliferation"", ""namespace"": ""biological_process"", ""evidence"": ""IMP""}]"
Q53S33,BOLA3_HUMAN,BOLA3,human,Homo sapiens (Human).,RecName: Full=BolA-like protein 3 {ECO:0000305};,"Acts as a mitochondrial iron-sulfur (Fe-S) cluster assembly factor that facilitates (Fe-S) cluster insertion into a subset of mitochondrial proteins. Probably acts together with NFU1 (PubMed:27532772). {ECO:0000250|UniProtKB:P39724, ECO:0000305|PubMed:27532772}.",4,,,GO:0005829|cytosol; GO:1990229|iron-sulfur cluster assembly complex; GO:0005739|mitochondrion; GO:0016604|nuclear body,"[{""go_id"": ""GO:0005829"", ""term_name"": ""cytosol"", ""namespace"": ""cellular_component"", ""evidence"": ""IDA""}, {""go_id"": ""GO:1990229"", ""term_name"": ""iron-sulfur cluster assembly complex"", ""namespace"": ""cellular_component"", ""evidence"": ""IPI""}, {""go_id"": ""GO:0005739"", ""term_name"": ""mitochondrion"", ""namespace"": ""cellular_component"", ""evidence"": ""IDA""}, {""go_id"": ""GO:0016604"", ""term_name"": ""nuclear body"", ""namespace"": ""cellular_component"", ""evidence"": ""IDA""}]"
Q7Z6J6,FRMD5_HUMAN,FRMD5,human,Homo sapiens (Human).,RecName: Full=FERM domain-containing protein 5;,"May be involved in regulation of cell migration (PubMed:22846708, PubMed:25448675). May regulate cell-matrix interactions via its interaction with ITGB5 and modifying ITGB5 cytoplasmic tail interactions such as with FERMT2 and TLN1. May regulate ROCK1 kinase activity possibly involved in regulation of actin stress fiber formation (PubMed:25448675).",6,GO:0005178|integrin binding; GO:0019901|protein kinase binding,GO:2000146|negative regulation of cell motility; GO:0045785|positive regulation of cell adhesion; GO:0030334|regulation of cell migration,GO:0005912|adherens junction,"[{""go_id"": ""GO:0005912"", ""term_name"": ""adherens junction"", ""namespace"": ""cellular_component"", ""evidence"": ""IDA""}, {""go_id"": ""GO:0005178"", ""term_name"": ""integrin binding"", ""namespace"": ""molecular_function"", ""evidence"": ""IDA""}, {""go_id"": ""GO:0019901"", ""term_name"": ""protein kinase binding"", ""namespace"": ""molecular_function"", ""evidence"": ""IDA""}, {""go_id"": ""GO:2000146"", ""term_name"": ""negative regulation of cell motility"", ""namespace"": ""biological_process"", ""evidence"": ""IMP""}, {""go_id"": ""GO:0045785"", ""term_name"": ""positive regulation of cell adhesion"", ""namespace"": ""biological_process"", ""evidence"": ""IMP""}, {""go_id"": ""GO:0030334"", ""term_name"": ""regulation of cell migration"", ""namespace"": ""biological_process"", ""evidence"": ""IMP""}]"
Q92783,STAM1_HUMAN,STAM1,human,Homo sapiens (Human).,RecName: Full=Signal transducing adapter molecule 1; Short=STAM-1;,"Involved in intracellular signal transduction mediated by cytokines and growth factors. Upon IL-2 and GM-CSL stimulation, it plays a role in signaling leading to DNA synthesis and MYC induction. May also play a role in T-cell development. Involved in down-regulation of receptor tyrosine kinase via multivesicular body (MVBs) when complexed with HGS (ESCRT-0 complex). The ESCRT-0 complex binds ubiquitin and acts as a sorting machinery that recognizes ubiquitinated receptors and transfers them to further sequential lysosomal sorting/trafficking processes.",5,GO:0044389|ubiquitin-like protein ligase binding,GO:1903543|positive regulation of exosomal secretion; GO:1903551|regulation of extracellular exosome assembly,GO:0005829|cytosol; GO:0033565|ESCRT-0 complex,"[{""go_id"": ""GO:0005829"", ""term_name"": ""cytosol"", ""namespace"": ""cellular_component"", ""evidence"": ""IDA""}, {""go_id"": ""GO:0033565"", ""term_name"": ""ESCRT-0 complex"", ""namespace"": ""cellular_component"", ""evidence"": ""IDA""}, {""go_id"": ""GO:0044389"", ""term_name"": ""ubiquitin-like protein ligase binding"", ""namespace"": ""molecular_function"", ""evidence"": ""IPI""}, {""go_id"": ""GO:1903543"", ""term_name"": ""positive regulation of exosomal secretion"", ""namespace"": ""biological_process"", ""evidence"": ""IMP""}, {""go_id"": ""GO:1903551"", ""term_name"": ""regulation of extracellular exosome assembly"", ""namespace"": ""biological_process"", ""evidence"": ""IMP""}]"
Q04760,LGUL_HUMAN,LGUL,human,Homo sapiens (Human).,"RecName: Full=Lactoylglutathione lyase; EC=4.4.1.5 {ECO:0000269|PubMed:20454679, ECO:0000269|PubMed:23122816, ECO:0000269|PubMed:9705294}; AltName: Full=Aldoketomutase; AltName: Full=Glyoxalase I; Short=Glx I; AltName: Full=Ketone-aldehyde mutase; AltName: Full=Methylglyoxalase; AltName: Full=S-D-lactoylglutathione methylglyoxal lyase;","Catalyzes the conversion of hemimercaptal, formed from methylglyoxal and glutathione, to S-lactoylglutathione (PubMed:20454679, PubMed:23122816, PubMed:9705294). Involved in the regulation of TNF-induced transcriptional activity of NF-kappa-B (PubMed:19199007). Required for normal osteoclastogenesis (By similarity). {ECO:0000250|UniProtKB:Q9CPU0, ECO:0000269|PubMed:19199007, ECO:0000269|PubMed:20454679, ECO:0000269|PubMed:23122816, ECO:0000269|PubMed:9705294}.",7,GO:0004462|lactoylglutathione lyase activity; GO:0008270|zinc ion binding,GO:0043066|negative regulation of apoptotic process,GO:0005829|cytosol; GO:0070062|extracellular exosome; GO:0005654|nucleoplasm; GO:0005886|plasma membrane,"[{""go_id"": ""GO:0005829"", ""term_name"": ""cytosol"", ""namespace"": ""cellular_component"", ""evidence"": ""IDA""}, {""go_id"": ""GO:0070062"", ""term_name"": ""extracellular exosome"", ""namespace"": ""cellular_component"", ""evidence"": ""HDA""}, {""go_id"": ""GO:0005654"", ""term_name"": ""nucleoplasm"", ""namespace"": ""cellular_component"", ""evidence"": ""IDA""}, {""go_id"": ""GO:0005886"", ""term_name"": ""plasma membrane"", ""namespace"": ""cellular_component"", ""evidence"": ""IDA""}, {""go_id"": ""GO:0004462"", ""term_name"": ""lactoylglutathione lyase activity"", ""namespace"": ""molecular_function"", ""evidence"": ""IDA""}, {""go_id"": ""GO:0008270"", ""term_name"": ""zinc ion binding"", ""namespace"": ""molecular_function"", ""evidence"": ""IDA""}, {""go_id"": ""GO:0043066"", ""term_name"": ""negative regulation of apoptotic process"", ""namespace"": ""biological_process"", ""evidence"": ""IDA""}]"
Q96A29,FUCT1_HUMAN,FUCT1,human,Homo sapiens (Human).,RecName: Full=GDP-fucose transporter 1 {ECO:0000305}; AltName: Full=Solute carrier family 35 member C1;,"Antiporter specific for GDP-l-fucose and depending on the concomitant reverse transport of GMP. Involved in GDP-fucose import from the cytoplasm into the Golgi lumen. {ECO:0000269|PubMed:11326279, ECO:0000269|PubMed:11326280, ECO:0000269|PubMed:27738779}.",4,GO:0005457|GDP-fucose transmembrane transporter activity,GO:0036085|GDP-fucose import into Golgi lumen,GO:0005794|Golgi apparatus; GO:0000139|Golgi membrane,"[{""go_id"": ""GO:0005794"", ""term_name"": ""Golgi apparatus"", ""namespace"": ""cellular_component"", ""evidence"": ""IDA""}, {""go_id"": ""GO:0000139"", ""term_name"": ""Golgi membrane"", ""namespace"": ""cellular_component"", ""evidence"": ""IDA""}, {""go_id"": ""GO:0005457"", ""term_name"": ""GDP-fucose transmembrane transporter activity"", ""namespace"": ""molecular_function"", ""evidence"": ""IDA""}, {""go_id"": ""GO:0036085"", ""term_name"": ""GDP-fucose import into Golgi lumen"", ""namespace"": ""biological_process"", ""evidence"": ""IDA""}]"
Q9H1J5,WNT8A_HUMAN,WNT8A,human,Homo sapiens (Human).,RecName: Full=Protein Wnt-8a; AltName: Full=Protein Wnt-8d; Flags: Precursor;,Ligand for members of the frizzled family of seven transmembrane receptors. Plays a role in embryonic patterning. {ECO:0000250|UniProtKB:P51028}.,3,GO:0048018|receptor ligand activity,GO:0060070|canonical Wnt signaling pathway; GO:0062009|secondary palate development,,"[{""go_id"": ""GO:0048018"", ""term_name"": ""receptor ligand activity"", ""namespace"": ""molecular_function"", ""evidence"": ""IDA""}, {""go_id"": ""GO:0060070"", ""term_name"": ""canonical Wnt signaling pathway"", ""namespace"": ""biological_process"", ""evidence"": ""IDA""}, {""go_id"": ""GO:0062009"", ""term_name"": ""secondary palate development"", ""namespace"": ""biological_process"", ""evidence"": ""IMP""}]"
Q8WZ75,ROBO4_HUMAN,ROBO4,human,Homo sapiens (Human).,RecName: Full=Roundabout homolog 4; AltName: Full=Magic roundabout; Flags: Precursor;,"Receptor for Slit proteins, at least for SLIT2, and seems to be involved in angiogenesis and vascular patterning. May mediate the inhibition of primary endothelial cell migration by Slit proteins (By similarity). Involved in the maintenance of endothelial barrier organization and function (PubMed:30455415). {ECO:0000250, ECO:0000269|PubMed:30455415}.",3,,GO:0001525|angiogenesis; GO:0061028|establishment of endothelial barrier,GO:0070062|extracellular exosome,"[{""go_id"": ""GO:0070062"", ""term_name"": ""extracellular exosome"", ""namespace"": ""cellular_component"", ""evidence"": ""HDA""}, {""go_id"": ""GO:0001525"", ""term_name"": ""angiogenesis"", ""namespace"": ""biological_process"", ""evidence"": ""IMP""}, {""go_id"": ""GO:0061028"", ""term_name"": ""establishment of endothelial barrier"", ""namespace"": ""biological_process"", ""evidence"": ""IMP""}]"
Q5VVY1,NTM1B_HUMAN,NTM1B,human,Homo sapiens (Human).,"RecName: Full=N-terminal Xaa-Pro-Lys N-methyltransferase 2; EC=2.1.1.299 {ECO:0000269|PubMed:24090352, ECO:0000269|PubMed:30417120}; AltName: Full=Alpha N-terminal protein methyltransferase 1B; AltName: Full=Methyltransferase-like protein 11B; AltName: Full=X-Pro-Lys N-terminal protein methyltransferase 1B; Short=NTM1B;","Alpha N-methyltransferase that methylates the N-terminus of target proteins containing the N-terminal motif [Ala/Pro/Ser]-Pro-Lys when the initiator Met is cleaved. Specifically catalyzes monomethylation of exposed alpha-amino group of Ala or Ser residue in the [Ala/Ser]-Pro-Lys motif and Pro in the Pro-Pro-Lys motif (PubMed:24090352, PubMed:30417120). Predominantly functions as a mono- methyltransferase but is also able to di-/tri-methylate the GPKRIA peptide and di-methylate the PPKRIA peptide (in vitro) (PubMed:30417120). May activate NTMT1 by priming its substrates for trimethylation (PubMed:24090352). {ECO:0000269|PubMed:24090352, ECO:0000269|PubMed:30417120}.",3,GO:0071885|N-terminal protein N-methyltransferase activity,GO:0006480|N-terminal protein amino acid methylation,GO:0005634|nucleus,"[{""go_id"": ""GO:0005634"", ""term_name"": ""nucleus"", ""namespace"": ""cellular_component"", ""evidence"": ""IDA""}, {""go_id"": ""GO:0071885"", ""term_name"": ""N-terminal protein N-methyltransferase activity"", ""namespace"": ""molecular_function"", ""evidence"": ""IDA""}, {""go_id"": ""GO:0006480"", ""term_name"": ""N-terminal protein amino acid methylation"", ""namespace"": ""biological_process"", ""evidence"": ""IDA""}]"
Q16572,VACHT_HUMAN,VACHT,human,Homo sapiens (Human).,RecName: Full=Vesicular acetylcholine transporter; Short=VAChT; AltName: Full=Solute carrier family 18 member 3;,"Electrogenic antiporter that exchanges one cholinergic neurotransmitter, acetylcholine or choline, with two intravesicular protons across the membrane of synaptic vesicles. Uses the electrochemical proton gradient established by the V-type proton-pump ATPase to store neurotransmitters inside the vesicles prior to their release via exocytosis (By similarity) (PubMed:20225888, PubMed:8910293). Determines cholinergic vesicular quantal size at presynaptic nerve terminals in developing neuro-muscular junctions with an impact on motor neuron differentiation and innervation pattern (By similarity). Part of forebrain cholinergic system, regulates hippocampal synapse transmissions that underlie spatial memory formation (By similarity). Can transport serotonin. {ECO:0000250|UniProtKB:O35304, ECO:0000250|UniProtKB:Q62666, ECO:0000269|PubMed:20225888, ECO:0000269|PubMed:25355561, ECO:0000269|PubMed:8910293}.",4,GO:0005278|acetylcholine:proton antiporter activity; GO:0015311|monoamine:proton antiporter activity,GO:0051630|acetylcholine uptake; GO:0051610|serotonin uptake,,"[{""go_id"": ""GO:0005278"", ""term_name"": ""acetylcholine:proton antiporter activity"", ""namespace"": ""molecular_function"", ""evidence"": ""IDA""}, {""go_id"": ""GO:0015311"", ""term_name"": ""monoamine:proton antiporter activity"", ""namespace"": ""molecular_function"", ""evidence"": ""IDA""}, {""go_id"": ""GO:0051630"", ""term_name"": ""acetylcholine uptake"", ""namespace"": ""biological_process"", ""evidence"": ""IDA""}, {""go_id"": ""GO:0051610"", ""term_name"": ""serotonin uptake"", ""namespace"": ""biological_process"", ""evidence"": ""IDA""}]"
Q14914,PTGR1_HUMAN,PTGR1,human,Homo sapiens (Human).,RecName: Full=Prostaglandin reductase 1 {ECO:0000303|PubMed:25619643}; Short=PRG-1 {ECO:0000303|PubMed:25619643}; AltName: Full=15-oxoprostaglandin 13-reductase {ECO:0000250|UniProtKB:Q29073}; EC=1.3.1.48 {ECO:0000269|PubMed:25619643}; AltName: Full=Dithiolethione-inducible gene 1 protein {ECO:0000250|UniProtKB:P97584}; Short=D3T-inducible gene 1 protein {ECO:0000250|UniProtKB:P97584}; Short=DIG-1 {ECO:0000250|UniProtKB:P97584}; AltName: Full=Leukotriene B4 12-hydroxydehydrogenase {ECO:0000303|PubMed:25619643}; AltName: Full=NAD(P)H-dependent alkenal/one oxidoreductase {ECO:0000303|PubMed:25619643}; EC=1.3.1.74 {ECO:0000269|PubMed:25619643};,"NAD(P)H-dependent oxidoreductase involved in metabolic inactivation of pro- and anti-inflammatory eicosanoids: prostaglandins (PG), leukotrienes (LT) and lipoxins (LX) (PubMed:25619643). Catalyzes with high efficiency the reduction of the 13,14 double bond of 15- oxoPGs, including 15-oxo-PGE1, 15-oxo-PGE2, 15-oxo-PGF1-alpha and 15- oxo-PGF2-alpha (PubMed:25619643). Catalyzes with lower efficiency the oxidation of the hydroxyl group at C12 of LTB4 and its derivatives, converting them into biologically less active 12-oxo-LTB4 metabolites (By similarity) (PubMed:25619643). Reduces 15-oxo-LXA4 to 13,14 dihydro-15-oxo-LXA4, enhancing neutrophil recruitment at the inflammatory site (By similarity). May play a role in metabolic detoxification of alkenals and ketones. Reduces alpha,beta-unsaturated alkenals and ketones, particularly those with medium-chain length, showing highest affinity toward (2E)-decenal and (3E)-3-nonen-2-one (PubMed:25619643). May inactivate 4-hydroxy-2-nonenal, a cytotoxic lipid constituent of oxidized low-density lipoprotein particles (By similarity). {ECO:0000250|UniProtKB:P97584, ECO:0000250|UniProtKB:Q29073, ECO:0000269|PubMed:25619643}.",4,GO:0047522|15-oxoprostaglandin 13-reductase [NAD(P)+] activity; GO:0035798|2-alkenal reductase (NADPH) activity,GO:0006693|prostaglandin metabolic process,GO:0070062|extracellular exosome,"[{""go_id"": ""GO:0070062"", ""term_name"": ""extracellular exosome"", ""namespace"": ""cellular_component"", ""evidence"": ""HDA""}, {""go_id"": ""GO:0047522"", ""term_name"": ""15-oxoprostaglandin 13-reductase [NAD(P)+] activity"", ""namespace"": ""molecular_function"", ""evidence"": ""IDA""}, {""go_id"": ""GO:0035798"", ""term_name"": ""2-alkenal reductase (NADPH) activity"", ""namespace"": ""molecular_function"", ""evidence"": ""IDA""}, {""go_id"": ""GO:0006693"", ""term_name"": ""prostaglandin metabolic process"", ""namespace"": ""biological_process"", ""evidence"": ""IDA""}]"
Q8NFT6,DBF4B_HUMAN,DBF4B,human,Homo sapiens (Human).,RecName: Full=Protein DBF4 homolog B; AltName: Full=Activator of S phase kinase-like protein 1; Short=ASK-like protein 1; AltName: Full=Chiffon homolog B; AltName: Full=Dbf4-related factor 1;,"Regulatory subunit for CDC7 which activates its kinase activity thereby playing a central role in DNA replication and cell proliferation. Required for progression of S and M phases. The complex CDC7-DBF4B selectively phosphorylates MCM2 subunit at 'Ser-40' and then is involved in regulating the initiation of DNA replication during cell cycle. {ECO:0000269|PubMed:12065429, ECO:0000269|PubMed:15668232, ECO:0000269|PubMed:17062569}.",8,GO:0030295|protein kinase activator activity; GO:0019901|protein kinase binding,GO:0008284|positive regulation of cell population proliferation; GO:0010971|positive regulation of G2/M transition of mitotic cell cycle; GO:0010571|positive regulation of nuclear cell cycle DNA replication,GO:0005737|cytoplasm; GO:0005654|nucleoplasm; GO:0005634|nucleus,"[{""go_id"": ""GO:0005737"", ""term_name"": ""cytoplasm"", ""namespace"": ""cellular_component"", ""evidence"": ""IDA""}, {""go_id"": ""GO:0005654"", ""term_name"": ""nucleoplasm"", ""namespace"": ""cellular_component"", ""evidence"": ""IDA""}, {""go_id"": ""GO:0005634"", ""term_name"": ""nucleus"", ""namespace"": ""cellular_component"", ""evidence"": ""IDA""}, {""go_id"": ""GO:0030295"", ""term_name"": ""protein kinase activator activity"", ""namespace"": ""molecular_function"", ""evidence"": ""IDA""}, {""go_id"": ""GO:0019901"", ""term_name"": ""protein kinase binding"", ""namespace"": ""molecular_function"", ""evidence"": ""IPI""}, {""go_id"": ""GO:0008284"", ""term_name"": ""positive regulation of cell population proliferation"", ""namespace"": ""biological_process"", ""evidence"": ""IMP""}, {""go_id"": ""GO:0010971"", ""term_name"": ""positive regulation of G2/M transition of mitotic cell cycle"", ""namespace"": ""biological_process"", ""evidence"": ""IMP""}, {""go_id"": ""GO:0010571"", ""term_name"": ""positive regulation of nuclear cell cycle DNA replication"", ""namespace"": ""biological_process"", ""evidence"": ""IMP""}]"
Q8NAC3,I17RC_HUMAN,I17RC,human,Homo sapiens (Human).,RecName: Full=Interleukin-17 receptor C; Short=IL-17 receptor C; Short=IL-17RC; AltName: Full=Interleukin-17 receptor homolog; Short=IL17Rhom; AltName: Full=Interleukin-17 receptor-like protein; Short=IL-17RL; AltName: Full=ZcytoR14; Flags: Precursor;,"Receptor for IL17A and IL17F, major effector cytokines of innate and adaptive immune system involved in antimicrobial host defense and maintenance of tissue integrity (By similarity). Receptor for IL17A and IL17F, major effector cytokines of innate and adaptive immune system involved in antimicrobial host defense and maintenance of tissue integrity. Receptor for IL17A and IL17F homodimers as part of a heterodimeric complex with IL17RA (PubMed:16785495). Receptor for the heterodimer formed by IL17A and IL17B as part of a heterodimeric complex with IL17RA (PubMed:18684971). Has also been shown to be the cognate receptor for IL17F and to bind IL17A with high affinity without the need for IL17RA (PubMed:17911633). Upon binding of IL17F homodimer triggers downstream activation of TRAF6 and NF-kappa-B signaling pathway (PubMed:16785495, PubMed:32187518). Induces transcriptional activation of IL33, a potent cytokine that stimulates group 2 innate lymphoid cells and adaptive T-helper 2 cells involved in pulmonary allergic response to fungi (By similarity). Promotes sympathetic innervation of peripheral organs by coordinating the communication between gamma-delta T cells and parenchymal cells. Stimulates sympathetic innervation of thermogenic adipose tissue by driving TGFB1 expression (By similarity). Binding of IL17A-IL17F to IL17RA-IL17RC heterodimeric receptor complex triggers homotypic interaction of IL17RA and IL17RC chains with TRAF3IP2 adapter through SEFIR domains. This leads to downstream TRAF6-mediated activation of NF-kappa-B and MAPkinase pathways ultimately resulting in transcriptional activation of cytokines, chemokines, antimicrobial peptides and matrix metalloproteinases, with potential strong immune inflammation (PubMed:17911633, PubMed:18684971). Primarily induces neutrophil activation and recruitment at infection and inflammatory sites (By similarity). Stimulates the production of antimicrobial beta-defensins DEFB1, DEFB103A, and DEFB104A by mucosal epithelial cells, limiting the entry of microbes through the epithelial barriers (By similarity). {ECO:0000250|UniProtKB:Q8K4C2, ECO:0000269|PubMed:16785495, ECO:0000269|PubMed:17911633, ECO:0000269|PubMed:18684971, ECO:0000269|PubMed:32187518}.",3,GO:0015026|coreceptor activity; GO:0030368|interleukin-17 receptor activity,GO:0038173|interleukin-17A-mediated signaling pathway,,"[{""go_id"": ""GO:0015026"", ""term_name"": ""coreceptor activity"", ""namespace"": ""molecular_function"", ""evidence"": ""IDA""}, {""go_id"": ""GO:0030368"", ""term_name"": ""interleukin-17 receptor activity"", ""namespace"": ""molecular_function"", ""evidence"": ""IDA""}, {""go_id"": ""GO:0038173"", ""term_name"": ""interleukin-17A-mediated signaling pathway"", ""namespace"": ""biological_process"", ""evidence"": ""IDA""}]"
Q8WWM9,CYGB_HUMAN,CYGB,human,Homo sapiens (Human).,RecName: Full=Cytoglobin {ECO:0000303|PubMed:11919282}; AltName: Full=Histoglobin {ECO:0000303|PubMed:11893755}; Short=HGb {ECO:0000303|PubMed:11893755}; AltName: Full=Nitric oxygen dioxygenase CYGB {ECO:0000305|PubMed:20511233}; Short=NOD {ECO:0000303|PubMed:20511233}; EC=1.14.12.- {ECO:0000269|PubMed:20511233}; AltName: Full=Nitrite reductase CYGB {ECO:0000305|PubMed:29128400}; EC=1.7.-.- {ECO:0000269|PubMed:29128400}; AltName: Full=Pseudoperoxidase CYGB {ECO:0000305|PubMed:12359339}; EC=1.11.1.- {ECO:0000269|PubMed:12359339}; AltName: Full=Stellate cell activation-associated protein {ECO:0000303|PubMed:12359339}; AltName: Full=Superoxide dismutase CYGB {ECO:0000305|PubMed:34930834}; EC=1.15.1.1 {ECO:0000269|PubMed:34930834};,"Probable multifunctional globin with a hexacoordinated heme iron required for the catalysis of various reactions depending on redox condition of the cell as well as oxygen availability (PubMed:11893755, PubMed:12359339, PubMed:15165856, PubMed:19147491, PubMed:20511233, PubMed:28393874, PubMed:28671819, PubMed:29128400, PubMed:33576020, PubMed:34930834). Has a nitric oxide dioxygenase (NOD) activity and is most probably involved in cell-mediated and oxygen-dependent nitric oxide consumption (PubMed:19147491, PubMed:20511233, PubMed:28393874, PubMed:28671819). By scavenging this second messenger may regulate several biological processes including endothelium-mediated vasodilation and vascular tone (PubMed:19147491, PubMed:28393874). Under normoxic conditions functions as a nitric oxide dioxygenase (NOD) but under hypoxic conditions the globin may switch its function to that of a nitrite (NO2) reductase (NiR), generating nitric oxide (PubMed:29128400). Could also have peroxidase and superoxide dismutase activities, detoxifying reactive oxygen species and protecting cells against oxidative stress (PubMed:12359339, PubMed:33576020, PubMed:34930834). Also binds dioxygen with low affinity and could function as an oxygen sensor but has probably no function as a respiratory oxygen carrier (PubMed:11893755, PubMed:15299006, PubMed:20553503). {ECO:0000269|PubMed:11893755, ECO:0000269|PubMed:12359339, ECO:0000269|PubMed:15165856, ECO:0000269|PubMed:15299006, ECO:0000269|PubMed:19147491, ECO:0000269|PubMed:20511233, ECO:0000269|PubMed:20553503, ECO:0000269|PubMed:28393874, ECO:0000269|PubMed:28671819, ECO:0000269|PubMed:29128400, ECO:0000269|PubMed:33576020, ECO:0000269|PubMed:34930834}.",11,"GO:0070025|carbon monoxide binding; GO:0141118|nitric oxide dioxygenase activity, heme protein as donor; GO:0098809|nitrite reductase activity; GO:0019825|oxygen binding; GO:0004784|superoxide dismutase activity",GO:0046210|nitric oxide catabolic process; GO:0019430|removal of superoxide radicals,GO:0005737|cytoplasm; GO:0005829|cytosol; GO:0016607|nuclear speck; GO:0005634|nucleus,"[{""go_id"": ""GO:0005737"", ""term_name"": ""cytoplasm"", ""namespace"": ""cellular_component"", ""evidence"": ""IDA""}, {""go_id"": ""GO:0005829"", ""term_name"": ""cytosol"", ""namespace"": ""cellular_component"", ""evidence"": ""IDA""}, {""go_id"": ""GO:0016607"", ""term_name"": ""nuclear speck"", ""namespace"": ""cellular_component"", ""evidence"": ""IDA""}, {""go_id"": ""GO:0005634"", ""term_name"": ""nucleus"", ""namespace"": ""cellular_component"", ""evidence"": ""IDA""}, {""go_id"": ""GO:0070025"", ""term_name"": ""carbon monoxide binding"", ""namespace"": ""molecular_function"", ""evidence"": ""IDA""}, {""go_id"": ""GO:0141118"", ""term_name"": ""nitric oxide dioxygenase activity, heme protein as donor"", ""namespace"": ""molecular_function"", ""evidence"": ""IDA""}, {""go_id"": ""GO:0098809"", ""term_name"": ""nitrite reductase activity"", ""namespace"": ""molecular_function"", ""evidence"": ""IDA""}, {""go_id"": ""GO:0019825"", ""term_name"": ""oxygen binding"", ""namespace"": ""molecular_function"", ""evidence"": ""IDA""}, {""go_id"": ""GO:0004784"", ""term_name"": ""superoxide dismutase activity"", ""namespace"": ""molecular_function"", ""evidence"": ""IDA""}, {""go_id"": ""GO:0046210"", ""term_name"": ""nitric oxide catabolic process"", ""namespace"": ""biological_process"", ""evidence"": ""IDA""}, {""go_id"": ""GO:0019430"", ""term_name"": ""removal of superoxide radicals"", ""namespace"": ""biological_process"", ""evidence"": ""IDA""}]"
C0HLZ6,HAS3P_HUMAN,HAS3P,human,Homo sapiens (Human).,RecName: Full=HOXB-AS3 peptide {ECO:0000303|PubMed:28985503};,"Blocks the binding of HNRNPA1 to the intronic sequences flanking exon 9 of the PKM gene by competitively binding to the HNRNPA1 RGG-box motif (PubMed:28985503). This inhibits inclusion of exon 9 and promotes inclusion of exon 10, suppressing formation of the PKM M2 isoform and promoting production of the M1 isoform (PubMed:28985503). Also suppresses HNRNPA1-mediated processing of microRNA 18a (miR-18a) (PubMed:28985503). Promotes MYC stability through interaction with IGF2BP2 (PubMed:34457052). {ECO:0000269|PubMed:28985503, ECO:0000269|PubMed:34457052}.",3,,GO:2000632|negative regulation of pre-miRNA processing; GO:0050821|protein stabilization; GO:0043484|regulation of RNA splicing,,"[{""go_id"": ""GO:2000632"", ""term_name"": ""negative regulation of pre-miRNA processing"", ""namespace"": ""biological_process"", ""evidence"": ""IDA""}, {""go_id"": ""GO:0050821"", ""term_name"": ""protein stabilization"", ""namespace"": ""biological_process"", ""evidence"": ""IMP""}, {""go_id"": ""GO:0043484"", ""term_name"": ""regulation of RNA splicing"", ""namespace"": ""biological_process"", ""evidence"": ""IMP""}]"
Q9C004,SPY4_HUMAN,SPY4,human,Homo sapiens (Human).,RecName: Full=Protein sprouty homolog 4; Short=Spry-4;,"Suppresses the insulin receptor and EGFR-transduced MAPK signaling pathway, but does not inhibit MAPK activation by a constitutively active mutant Ras (PubMed:12027893). Probably impairs the formation of GTP-Ras (PubMed:12027893). Inhibits Ras-independent, but not Ras-dependent, activation of RAF1 (PubMed:12717443). Represses integrin-mediated cell spreading via inhibition of TESK1-mediated phosphorylation of cofilin (PubMed:15584898). {ECO:0000269|PubMed:12027893, ECO:0000269|PubMed:12717443, ECO:0000269|PubMed:15584898}.",4,GO:0004860|protein kinase inhibitor activity,GO:1900025|negative regulation of substrate adhesion-dependent cell spreading,GO:0005737|cytoplasm; GO:0005925|focal adhesion,"[{""go_id"": ""GO:0005737"", ""term_name"": ""cytoplasm"", ""namespace"": ""cellular_component"", ""evidence"": ""IDA""}, {""go_id"": ""GO:0005925"", ""term_name"": ""focal adhesion"", ""namespace"": ""cellular_component"", ""evidence"": ""HDA""}, {""go_id"": ""GO:0004860"", ""term_name"": ""protein kinase inhibitor activity"", ""namespace"": ""molecular_function"", ""evidence"": ""IMP""}, {""go_id"": ""GO:1900025"", ""term_name"": ""negative regulation of substrate adhesion-dependent cell spreading"", ""namespace"": ""biological_process"", ""evidence"": ""IMP""}]"
O15266,SHOX_HUMAN,SHOX,human,Homo sapiens (Human).,RecName: Full=Short stature homeobox protein; AltName: Full=Pseudoautosomal homeobox-containing osteogenic protein; AltName: Full=Short stature homeobox-containing protein;,"Transcription factor that controls fundamental aspects of growth. Directly activates NPPB transcription in osteogenic cells (PubMed:11751690, PubMed:17881654). Preferentially binds DNA elements with the sequence 5'-TAATNNNATTA-3', possibly as a homodimer (PubMed:11751690). {ECO:0000269|PubMed:11751690, ECO:0000269|PubMed:17881654}.",5,"GO:0001228|DNA-binding transcription activator activity, RNA polymerase II-specific; GO:0043565|sequence-specific DNA binding; GO:1990837|sequence-specific double-stranded DNA binding",GO:0045944|positive regulation of transcription by RNA polymerase II,GO:0005654|nucleoplasm,"[{""go_id"": ""GO:0005654"", ""term_name"": ""nucleoplasm"", ""namespace"": ""cellular_component"", ""evidence"": ""IDA""}, {""go_id"": ""GO:0001228"", ""term_name"": ""DNA-binding transcription activator activity, RNA polymerase II-specific"", ""namespace"": ""molecular_function"", ""evidence"": ""IDA""}, {""go_id"": ""GO:0043565"", ""term_name"": ""sequence-specific DNA binding"", ""namespace"": ""molecular_function"", ""evidence"": ""IDA""}, {""go_id"": ""GO:1990837"", ""term_name"": ""sequence-specific double-stranded DNA binding"", ""namespace"": ""molecular_function"", ""evidence"": ""IDA""}, {""go_id"": ""GO:0045944"", ""term_name"": ""positive regulation of transcription by RNA polymerase II"", ""namespace"": ""biological_process"", ""evidence"": ""IMP""}]"
O43248,HXC11_HUMAN,HXC11,human,Homo sapiens (Human).,RecName: Full=Homeobox protein Hox-C11; AltName: Full=Homeobox protein Hox-3H;,Sequence-specific transcription factor which is part of a developmental regulatory system that provides cells with specific positional identities on the anterior-posterior axis. Binds to a promoter element of the lactase-phlorizin hydrolase gene.,6,"GO:0001228|DNA-binding transcription activator activity, RNA polymerase II-specific; GO:0000978|RNA polymerase II cis-regulatory region sequence-specific DNA binding; GO:1990837|sequence-specific double-stranded DNA binding",GO:0045944|positive regulation of transcription by RNA polymerase II,GO:0005829|cytosol; GO:0005654|nucleoplasm,"[{""go_id"": ""GO:0005829"", ""term_name"": ""cytosol"", ""namespace"": ""cellular_component"", ""evidence"": ""IDA""}, {""go_id"": ""GO:0005654"", ""term_name"": ""nucleoplasm"", ""namespace"": ""cellular_component"", ""evidence"": ""IDA""}, {""go_id"": ""GO:0001228"", ""term_name"": ""DNA-binding transcription activator activity, RNA polymerase II-specific"", ""namespace"": ""molecular_function"", ""evidence"": ""IDA""}, {""go_id"": ""GO:0000978"", ""term_name"": ""RNA polymerase II cis-regulatory region sequence-specific DNA binding"", ""namespace"": ""molecular_function"", ""evidence"": ""IDA""}, {""go_id"": ""GO:1990837"", ""term_name"": ""sequence-specific double-stranded DNA binding"", ""namespace"": ""molecular_function"", ""evidence"": ""IDA""}, {""go_id"": ""GO:0045944"", ""term_name"": ""positive regulation of transcription by RNA polymerase II"", ""namespace"": ""biological_process"", ""evidence"": ""IDA""}]"
A6NNZ2,TBB8B_HUMAN,TBB8B,human,Homo sapiens (Human).,RecName: Full=Tubulin beta 8B;,"Tubulin is the major constituent of microtubules, a cylinder consisting of laterally associated linear protofilaments composed of alpha- and beta-tubulin heterodimers. Microtubules grow by the addition of GTP-tubulin dimers to the microtubule end, where a stabilizing cap forms. Below the cap, tubulin dimers are in GDP-bound state, owing to GTPase activity of alpha-tubulin.",4,,,GO:0070062|extracellular exosome; GO:0045171|intercellular bridge; GO:0015630|microtubule cytoskeleton; GO:0072686|mitotic spindle,"[{""go_id"": ""GO:0070062"", ""term_name"": ""extracellular exosome"", ""namespace"": ""cellular_component"", ""evidence"": ""HDA""}, {""go_id"": ""GO:0045171"", ""term_name"": ""intercellular bridge"", ""namespace"": ""cellular_component"", ""evidence"": ""IDA""}, {""go_id"": ""GO:0015630"", ""term_name"": ""microtubule cytoskeleton"", ""namespace"": ""cellular_component"", ""evidence"": ""IDA""}, {""go_id"": ""GO:0072686"", ""term_name"": ""mitotic spindle"", ""namespace"": ""cellular_component"", ""evidence"": ""IDA""}]"
Q32M88,PGGHG_HUMAN,PGGHG,human,Homo sapiens (Human).,RecName: Full=Protein-glucosylgalactosylhydroxylysine glucosidase {ECO:0000303|PubMed:26682924}; EC=3.2.1.107 {ECO:0000269|PubMed:26682924}; AltName: Full=Acid trehalase-like protein 1 {ECO:0000312|HGNC:HGNC:26210};,Catalyzes the hydrolysis of glucose from the disaccharide unit linked to hydroxylysine residues of collagen and collagen-like proteins. {ECO:0000269|PubMed:26682924}.,3,GO:0047402|protein-glucosylgalactosylhydroxylysine glucosidase activity,GO:0005975|carbohydrate metabolic process,GO:0005829|cytosol,"[{""go_id"": ""GO:0005829"", ""term_name"": ""cytosol"", ""namespace"": ""cellular_component"", ""evidence"": ""IDA""}, {""go_id"": ""GO:0047402"", ""term_name"": ""protein-glucosylgalactosylhydroxylysine glucosidase activity"", ""namespace"": ""molecular_function"", ""evidence"": ""IDA""}, {""go_id"": ""GO:0005975"", ""term_name"": ""carbohydrate metabolic process"", ""namespace"": ""biological_process"", ""evidence"": ""IDA""}]"
Q4KMP7,TB10B_HUMAN,TB10B,human,Homo sapiens (Human).,RecName: Full=TBC1 domain family member 10B; AltName: Full=Rab27A-GAP-beta;,"Acts as a GTPase-activating protein for RAB3A, RAB22A, RAB27A, and RAB35. Does not act on RAB2A and RAB6A. {ECO:0000269|PubMed:16923811, ECO:0000269|PubMed:19077034}.",4,GO:0005096|GTPase activator activity,"GO:0043087|regulation of GTPase activity; GO:0042147|retrograde transport, endosome to Golgi",GO:0005886|plasma membrane,"[{""go_id"": ""GO:0005886"", ""term_name"": ""plasma membrane"", ""namespace"": ""cellular_component"", ""evidence"": ""IDA""}, {""go_id"": ""GO:0005096"", ""term_name"": ""GTPase activator activity"", ""namespace"": ""molecular_function"", ""evidence"": ""IDA""}, {""go_id"": ""GO:0043087"", ""term_name"": ""regulation of GTPase activity"", ""namespace"": ""biological_process"", ""evidence"": ""IDA""}, {""go_id"": ""GO:0042147"", ""term_name"": ""retrograde transport, endosome to Golgi"", ""namespace"": ""biological_process"", ""evidence"": ""IMP""}]"
Q9BXS6,NUSAP_HUMAN,NUSAP,human,Homo sapiens (Human).,RecName: Full=Nucleolar and spindle-associated protein 1; Short=NuSAP;,"Microtubule-associated protein with the capacity to bundle and stabilize microtubules (By similarity). May associate with chromosomes and promote the organization of mitotic spindle microtubules around them. {ECO:0000250, ECO:0000269|PubMed:12963707}.",6,GO:0003723|RNA binding,GO:0040001|establishment of mitotic spindle localization; GO:0007076|mitotic chromosome condensation; GO:0000281|mitotic cytokinesis; GO:0000070|mitotic sister chromatid segregation; GO:0045840|positive regulation of mitotic nuclear division,,"[{""go_id"": ""GO:0003723"", ""term_name"": ""RNA binding"", ""namespace"": ""molecular_function"", ""evidence"": ""HDA""}, {""go_id"": ""GO:0040001"", ""term_name"": ""establishment of mitotic spindle localization"", ""namespace"": ""biological_process"", ""evidence"": ""IDA""}, {""go_id"": ""GO:0007076"", ""term_name"": ""mitotic chromosome condensation"", ""namespace"": ""biological_process"", ""evidence"": ""IDA""}, {""go_id"": ""GO:0000281"", ""term_name"": ""mitotic cytokinesis"", ""namespace"": ""biological_process"", ""evidence"": ""IDA""}, {""go_id"": ""GO:0000070"", ""term_name"": ""mitotic sister chromatid segregation"", ""namespace"": ""biological_process"", ""evidence"": ""IDA""}, {""go_id"": ""GO:0045840"", ""term_name"": ""positive regulation of mitotic nuclear division"", ""namespace"": ""biological_process"", ""evidence"": ""IDA""}]"
O60682,MUSC_HUMAN,MUSC,human,Homo sapiens (Human).,RecName: Full=Musculin; AltName: Full=Activated B-cell factor 1; Short=ABF-1; AltName: Full=Class A basic helix-loop-helix protein 22; Short=bHLHa22;,Transcription repressor capable of inhibiting the transactivation capability of TCF3/E47. May play a role in regulating antigen-dependent B-cell differentiation.,3,GO:0000978|RNA polymerase II cis-regulatory region sequence-specific DNA binding; GO:1990837|sequence-specific double-stranded DNA binding,,GO:0005654|nucleoplasm,"[{""go_id"": ""GO:0005654"", ""term_name"": ""nucleoplasm"", ""namespace"": ""cellular_component"", ""evidence"": ""IDA""}, {""go_id"": ""GO:0000978"", ""term_name"": ""RNA polymerase II cis-regulatory region sequence-specific DNA binding"", ""namespace"": ""molecular_function"", ""evidence"": ""IDA""}, {""go_id"": ""GO:1990837"", ""term_name"": ""sequence-specific double-stranded DNA binding"", ""namespace"": ""molecular_function"", ""evidence"": ""IDA""}]"
Q92908,GATA6_HUMAN,GATA6,human,Homo sapiens (Human).,RecName: Full=Transcription factor GATA-6; AltName: Full=GATA-binding factor 6;,"Transcriptional activator (PubMed:19666519, PubMed:22750565, PubMed:22824924, PubMed:27756709). Regulates SEMA3C and PLXNA2 (PubMed:19666519). Involved in gene regulation specifically in the gastric epithelium (PubMed:9315713). May regulate genes that protect epithelial cells from bacterial infection (PubMed:16968778). Involved in bone morphogenetic protein (BMP)-mediated cardiac-specific gene expression (By similarity). Binds to BMP response element (BMPRE) DNA sequences within cardiac activating regions (By similarity). In human skin, controls several physiological processes contributing to homeostasis of the upper pilosebaceous unit. Triggers ductal and sebaceous differentiation as well as limits cell proliferation and lipid production to prevent hyperseborrhoea. Mediates the effects of retinoic acid on sebocyte proliferation, differentiation and lipid production. Also contributes to immune regulation of sebocytes and antimicrobial responses by modulating the expression of anti- inflammatory genes such as IL10 and pro-inflammatory genes such as IL6, TLR2, TLR4, and IFNG. Activates TGFB1 signaling which controls the interfollicular epidermis fate (PubMed:33082341). {ECO:0000250|UniProtKB:Q61169, ECO:0000269|PubMed:16968778, ECO:0000269|PubMed:19666519, ECO:0000269|PubMed:22750565, ECO:0000269|PubMed:22824924, ECO:0000269|PubMed:27756709, ECO:0000269|PubMed:33082341, ECO:0000269|PubMed:9315713}.",34,"GO:0003700|DNA-binding transcription factor activity; GO:0000981|DNA-binding transcription factor activity, RNA polymerase II-specific; GO:0140297|DNA-binding transcription factor binding; GO:0051525|NFAT protein binding; GO:0019901|protein kinase binding; GO:1990837|sequence-specific double-stranded DNA binding; GO:0000976|transcription cis-regulatory region binding; GO:0001223|transcription coactivator binding",GO:0060947|cardiac vascular smooth muscle cell differentiation; GO:0071456|cellular response to hypoxia; GO:0070315|G1 to G0 transition involved in cell differentiation; GO:0060575|intestinal epithelial cell differentiation; GO:0008584|male gonad development; GO:0043066|negative regulation of apoptotic process; GO:0045892|negative regulation of DNA-templated transcription; GO:1904003|negative regulation of sebum secreting cell proliferation; GO:0000122|negative regulation of transcription by RNA polymerase II; GO:0032911|negative regulation of transforming growth factor beta1 production; GO:0032912|negative regulation of transforming growth factor beta2 production; GO:0003148|outflow tract septum morphogenesis; GO:0045766|positive regulation of angiogenesis; GO:0110024|positive regulation of cardiac muscle myoblast proliferation; GO:0045893|positive regulation of DNA-templated transcription; GO:0045944|positive regulation of transcription by RNA polymerase II; GO:0002759|regulation of antimicrobial humoral response; GO:0070848|response to growth factor; GO:0032526|response to retinoic acid; GO:0009410|response to xenobiotic stimulus; GO:0001949|sebaceous gland cell differentiation; GO:0098773|skin epidermis development; GO:0051145|smooth muscle cell differentiation,GO:0031965|nuclear membrane; GO:0005654|nucleoplasm; GO:0005634|nucleus,"[{""go_id"": ""GO:0031965"", ""term_name"": ""nuclear membrane"", ""namespace"": ""cellular_component"", ""evidence"": ""IDA""}, {""go_id"": ""GO:0005654"", ""term_name"": ""nucleoplasm"", ""namespace"": ""cellular_component"", ""evidence"": ""IDA""}, {""go_id"": ""GO:0005634"", ""term_name"": ""nucleus"", ""namespace"": ""cellular_component"", ""evidence"": ""IDA""}, {""go_id"": ""GO:0003700"", ""term_name"": ""DNA-binding transcription factor activity"", ""namespace"": ""molecular_function"", ""evidence"": ""IDA""}, {""go_id"": ""GO:0000981"", ""term_name"": ""DNA-binding transcription factor activity, RNA polymerase II-specific"", ""namespace"": ""molecular_function"", ""evidence"": ""IMP""}, {""go_id"": ""GO:0140297"", ""term_name"": ""DNA-binding transcription factor binding"", ""namespace"": ""molecular_function"", ""evidence"": ""IPI""}, {""go_id"": ""GO:0051525"", ""term_name"": ""NFAT protein binding"", ""namespace"": ""molecular_function"", ""evidence"": ""IPI""}, {""go_id"": ""GO:0019901"", ""term_name"": ""protein kinase binding"", ""namespace"": ""molecular_function"", ""evidence"": ""IPI""}, {""go_id"": ""GO:1990837"", ""term_name"": ""sequence-specific double-stranded DNA binding"", ""namespace"": ""molecular_function"", ""evidence"": ""IDA""}, {""go_id"": ""GO:0000976"", ""term_name"": ""transcription cis-regulatory region binding"", ""namespace"": ""molecular_function"", ""evidence"": ""IDA""}, {""go_id"": ""GO:0001223"", ""term_name"": ""transcription coactivator binding"", ""namespace"": ""molecular_function"", ""evidence"": ""IPI""}, {""go_id"": ""GO:0060947"", ""term_name"": ""cardiac vascular smooth muscle cell differentiation"", ""namespace"": ""biological_process"", ""evidence"": ""IMP""}, {""go_id"": ""GO:0071456"", ""term_name"": ""cellular response to hypoxia"", ""namespace"": ""biological_process"", ""evidence"": ""IDA""}, {""go_id"": ""GO:0070315"", ""term_name"": ""G1 to G0 transition involved in cell differentiation"", ""namespace"": ""biological_process"", ""evidence"": ""IDA""}, {""go_id"": ""GO:0060575"", ""term_name"": ""intestinal epithelial cell differentiation"", ""namespace"": ""biological_process"", ""evidence"": ""IDA""}, {""go_id"": ""GO:0008584"", ""term_name"": ""male gonad development"", ""namespace"": ""biological_process"", ""evidence"": ""IEP""}, {""go_id"": ""GO:0043066"", ""term_name"": ""negative regulation of apoptotic process"", ""namespace"": ""biological_process"", ""evidence"": ""IMP""}, {""go_id"": ""GO:0045892"", ""term_name"": ""negative regulation of DNA-templated transcription"", ""namespace"": ""biological_process"", ""evidence"": ""IDA""}, {""go_id"": ""GO:1904003"", ""term_name"": ""negative regulation of sebum secreting cell proliferation"", ""namespace"": ""biological_process"", ""evidence"": ""IDA""}, {""go_id"": ""GO:0000122"", ""term_name"": ""negative regulation of transcription by RNA polymerase II"", ""namespace"": ""biological_process"", ""evidence"": ""IDA""}, {""go_id"": ""GO:0032911"", ""term_name"": ""negative regulation of transforming growth factor beta1 production"", ""namespace"": ""biological_process"", ""evidence"": ""IMP""}, {""go_id"": ""GO:0032912"", ""term_name"": ""negative regulation of transforming growth factor beta2 production"", ""namespace"": ""biological_process"", ""evidence"": ""IMP""}, {""go_id"": ""GO:0003148"", ""term_name"": ""outflow tract septum morphogenesis"", ""namespace"": ""biological_process"", ""evidence"": ""IMP""}, {""go_id"": ""GO:0045766"", ""term_name"": ""positive regulation of angiogenesis"", ""namespace"": ""biological_process"", ""evidence"": ""IDA""}, {""go_id"": ""GO:0110024"", ""term_name"": ""positive regulation of cardiac muscle myoblast proliferation"", ""namespace"": ""biological_process"", ""evidence"": ""IDA""}, {""go_id"": ""GO:0045893"", ""term_name"": ""positive regulation of DNA-templated transcription"", ""namespace"": ""biological_process"", ""evidence"": ""IMP""}, {""go_id"": ""GO:0045944"", ""term_name"": ""positive regulation of transcription by RNA polymerase II"", ""namespace"": ""biological_process"", ""evidence"": ""IDA""}, {""go_id"": ""GO:0002759"", ""term_name"": ""regulation of antimicrobial humoral response"", ""namespace"": ""biological_process"", ""evidence"": ""IDA""}, {""go_id"": ""GO:0070848"", ""term_name"": ""response to growth factor"", ""namespace"": ""biological_process"", ""evidence"": ""IDA""}, {""go_id"": ""GO:0032526"", ""term_name"": ""response to retinoic acid"", ""namespace"": ""biological_process"", ""evidence"": ""IDA""}, {""go_id"": ""GO:0009410"", ""term_name"": ""response to xenobiotic stimulus"", ""namespace"": ""biological_process"", ""evidence"": ""IMP""}, {""go_id"": ""GO:0001949"", ""term_name"": ""sebaceous gland cell differentiation"", ""namespace"": ""biological_process"", ""evidence"": ""IDA""}, {""go_id"": ""GO:0098773"", ""term_name"": ""skin epidermis development"", ""namespace"": ""biological_process"", ""evidence"": ""IDA""}, {""go_id"": ""GO:0051145"", ""term_name"": ""smooth muscle cell differentiation"", ""namespace"": ""biological_process"", ""evidence"": ""IMP""}]"
Q5T442,CXG2_HUMAN,CXG2,human,Homo sapiens (Human).,RecName: Full=Gap junction gamma-2 protein; AltName: Full=Connexin-46.6; Short=Cx46.6; AltName: Full=Connexin-47; Short=Cx47; AltName: Full=Gap junction alpha-12 protein;,"One gap junction consists of a cluster of closely packed pairs of transmembrane channels, the connexons, through which materials of low MW diffuse from one cell to a neighboring cell. May play a role in myelination in central and peripheral nervous systems. {ECO:0000269|PubMed:15192806}.",3,GO:1903763|gap junction channel activity involved in cell communication by electrical coupling,GO:0010644|cell communication by electrical coupling,GO:0005921|gap junction,"[{""go_id"": ""GO:0005921"", ""term_name"": ""gap junction"", ""namespace"": ""cellular_component"", ""evidence"": ""IMP""}, {""go_id"": ""GO:1903763"", ""term_name"": ""gap junction channel activity involved in cell communication by electrical coupling"", ""namespace"": ""molecular_function"", ""evidence"": ""IMP""}, {""go_id"": ""GO:0010644"", ""term_name"": ""cell communication by electrical coupling"", ""namespace"": ""biological_process"", ""evidence"": ""IMP""}]"
P08621,RU17_HUMAN,RU17,human,Homo sapiens (Human).,"RecName: Full=U1 small nuclear ribonucleoprotein 70 kDa; Short=U1 snRNP 70 kDa {ECO:0000303|PubMed:3028775}; Short=U1-70K {ECO:0000303|PubMed:2447561, ECO:0000303|PubMed:25555158}; Short=snRNP70;","Component of the spliceosomal U1 snRNP, which is essential for recognition of the pre-mRNA 5' splice-site and the subsequent assembly of the spliceosome (PubMed:19325628, PubMed:25555158). SNRNP70 binds to the loop I region of U1-snRNA (PubMed:19325628, PubMed:2467746, PubMed:25555158). {ECO:0000269|PubMed:19325628, ECO:0000269|PubMed:2467746, ECO:0000269|PubMed:25555158}.",11,GO:0003723|RNA binding; GO:0030619|U1 snRNA binding,"GO:0000398|mRNA splicing, via spliceosome; GO:1904715|negative regulation of chaperone-mediated autophagy; GO:0061084|negative regulation of protein refolding; GO:0043484|regulation of RNA splicing",GO:0043202|lysosomal lumen; GO:0005654|nucleoplasm; GO:0005634|nucleus; GO:0005681|spliceosomal complex; GO:0005685|U1 snRNP,"[{""go_id"": ""GO:0043202"", ""term_name"": ""lysosomal lumen"", ""namespace"": ""cellular_component"", ""evidence"": ""IDA""}, {""go_id"": ""GO:0005654"", ""term_name"": ""nucleoplasm"", ""namespace"": ""cellular_component"", ""evidence"": ""IDA""}, {""go_id"": ""GO:0005634"", ""term_name"": ""nucleus"", ""namespace"": ""cellular_component"", ""evidence"": ""IDA""}, {""go_id"": ""GO:0005681"", ""term_name"": ""spliceosomal complex"", ""namespace"": ""cellular_component"", ""evidence"": ""IDA""}, {""go_id"": ""GO:0005685"", ""term_name"": ""U1 snRNP"", ""namespace"": ""cellular_component"", ""evidence"": ""IDA""}, {""go_id"": ""GO:0003723"", ""term_name"": ""RNA binding"", ""namespace"": ""molecular_function"", ""evidence"": ""IMP""}, {""go_id"": ""GO:0030619"", ""term_name"": ""U1 snRNA binding"", ""namespace"": ""molecular_function"", ""evidence"": ""IDA""}, {""go_id"": ""GO:0000398"", ""term_name"": ""mRNA splicing, via spliceosome"", ""namespace"": ""biological_process"", ""evidence"": ""IDA""}, {""go_id"": ""GO:1904715"", ""term_name"": ""negative regulation of chaperone-mediated autophagy"", ""namespace"": ""biological_process"", ""evidence"": ""IDA""}, {""go_id"": ""GO:0061084"", ""term_name"": ""negative regulation of protein refolding"", ""namespace"": ""biological_process"", ""evidence"": ""IDA""}, {""go_id"": ""GO:0043484"", ""term_name"": ""regulation of RNA splicing"", ""namespace"": ""biological_process"", ""evidence"": ""IMP""}]"
Q8N983,RM43_HUMAN,RM43,human,Homo sapiens (Human).,"RecName: Full=Large ribosomal subunit protein mL43 {ECO:0000303|PubMed:25278503}; AltName: Full=39S ribosomal protein L43, mitochondrial; Short=L43mt; Short=MRP-L43; AltName: Full=Mitochondrial ribosomal protein bMRP36a; Flags: Precursor;",,3,GO:0003723|RNA binding,,GO:0005762|mitochondrial large ribosomal subunit; GO:0005739|mitochondrion,"[{""go_id"": ""GO:0005762"", ""term_name"": ""mitochondrial large ribosomal subunit"", ""namespace"": ""cellular_component"", ""evidence"": ""IDA""}, {""go_id"": ""GO:0005739"", ""term_name"": ""mitochondrion"", ""namespace"": ""cellular_component"", ""evidence"": ""IDA""}, {""go_id"": ""GO:0003723"", ""term_name"": ""RNA binding"", ""namespace"": ""molecular_function"", ""evidence"": ""HDA""}]"
P28907,CD38_HUMAN,CD38,human,Homo sapiens (Human).,"RecName: Full=ADP-ribosyl cyclase/cyclic ADP-ribose hydrolase 1; EC=3.2.2.- {ECO:0000269|PubMed:7961800, ECO:0000269|PubMed:8253715}; EC=3.2.2.6 {ECO:0000269|PubMed:8253715}; AltName: Full=2'-phospho-ADP-ribosyl cyclase; AltName: Full=2'-phospho-ADP-ribosyl cyclase/2'-phospho-cyclic-ADP-ribose transferase; EC=2.4.99.20 {ECO:0000305|PubMed:16690024}; AltName: Full=2'-phospho-cyclic-ADP-ribose transferase; AltName: Full=ADP-ribosyl cyclase 1; Short=ADPRC 1; AltName: Full=Cyclic ADP-ribose hydrolase 1; Short=cADPR hydrolase 1; AltName: Full=T10; AltName: CD_antigen=CD38;","Multifunctional transmembrane glycoprotein able to exert enzymatic activities and also to mobilize calcium, to transduce signals, to adhere to hyaluronan and to other ligands. Synthesizes cyclic ADP-ribose (cADPR), a second messenger for glucose-induced insulin secretion (PubMed:7961800, PubMed:8253715). Synthesizes the Ca(2+) mobilizer nicotinate-adenine dinucleotide phosphate, NAADP(+), from 2'-phospho-cADPR and nicotinic acid, as well as from NADP(+) and nicotinic acid. At both pH 5.0 and pH 7.4 preferentially transforms 2'- phospho-cADPR into NAADP(+), while preferentially cleaving NADP(+) to cADPR and ADPRP rather than into NADDP(+) (PubMed:16690024). Has cADPR hydrolase activity (PubMed:7961800, PubMed:8253715). Functions also as a receptor that binds the ligand CD31 on endothelial cells, promoting lymphocyte activation, proliferation, and migration across the endothelial barrier (PubMed:9551996). Involved in the regulation of crucial dendritic cell functions acquired at the mature stage, such as CCL21-driven migration, survival, and Th1-polarizing activity (PubMed:16293598). In lamina propria T lymphocytes, CD38/CD31 cognate interactions initiate a multistep signaling pathway resulting in activation of LCK anf LAT, followed by cytokine release (PubMed:11259373). {ECO:0000269|PubMed:11259373, ECO:0000269|PubMed:16293598, ECO:0000269|PubMed:16690024, ECO:0000269|PubMed:7961800, ECO:0000269|PubMed:8253715, ECO:0000269|PubMed:9551996}.",8,,GO:0050853|B cell receptor signaling pathway; GO:0043066|negative regulation of apoptotic process; GO:0045892|negative regulation of DNA-templated transcription; GO:0030890|positive regulation of B cell proliferation; GO:0045893|positive regulation of DNA-templated transcription; GO:0009410|response to xenobiotic stimulus,GO:0070062|extracellular exosome; GO:0005886|plasma membrane,"[{""go_id"": ""GO:0070062"", ""term_name"": ""extracellular exosome"", ""namespace"": ""cellular_component"", ""evidence"": ""HDA""}, {""go_id"": ""GO:0005886"", ""term_name"": ""plasma membrane"", ""namespace"": ""cellular_component"", ""evidence"": ""IDA""}, {""go_id"": ""GO:0050853"", ""term_name"": ""B cell receptor signaling pathway"", ""namespace"": ""biological_process"", ""evidence"": ""IMP""}, {""go_id"": ""GO:0043066"", ""term_name"": ""negative regulation of apoptotic process"", ""namespace"": ""biological_process"", ""evidence"": ""IMP""}, {""go_id"": ""GO:0045892"", ""term_name"": ""negative regulation of DNA-templated transcription"", ""namespace"": ""biological_process"", ""evidence"": ""IMP""}, {""go_id"": ""GO:0030890"", ""term_name"": ""positive regulation of B cell proliferation"", ""namespace"": ""biological_process"", ""evidence"": ""IMP""}, {""go_id"": ""GO:0045893"", ""term_name"": ""positive regulation of DNA-templated transcription"", ""namespace"": ""biological_process"", ""evidence"": ""IMP""}, {""go_id"": ""GO:0009410"", ""term_name"": ""response to xenobiotic stimulus"", ""namespace"": ""biological_process"", ""evidence"": ""IMP""}]"
Q2TB18,ASTE1_HUMAN,ASTE1,human,Homo sapiens (Human).,RecName: Full=Single-strand DNA endonuclease ASTE1; EC=3.1.-.-; AltName: Full=Protein asteroid homolog 1;,"Structure-specific DNA endonuclease that specifically cleaves single-stranded DNA and 3' overhang DNA. Contributes to the control of DNA double-strand break repair choice by antagonizing BRCA1-dependent homologous recombination (HR) and promoting non-homologous end-joining (NHEJ). Recruited to the single-stranded DNA ends by SHLD2 and cleaves the 3' exposed DNA ends, therefore inhibiting DNA end resection (necessary for HR) and promoting DNA end protection (necessary for NHEJ). {ECO:0000269|PubMed:34354233}.",4,GO:1990599|3' overhang single-stranded DNA endodeoxyribonuclease activity; GO:0000014|single-stranded DNA endodeoxyribonuclease activity,GO:0000724|double-strand break repair via homologous recombination; GO:0006303|double-strand break repair via nonhomologous end joining,,"[{""go_id"": ""GO:1990599"", ""term_name"": ""3' overhang single-stranded DNA endodeoxyribonuclease activity"", ""namespace"": ""molecular_function"", ""evidence"": ""IDA""}, {""go_id"": ""GO:0000014"", ""term_name"": ""single-stranded DNA endodeoxyribonuclease activity"", ""namespace"": ""molecular_function"", ""evidence"": ""IDA""}, {""go_id"": ""GO:0000724"", ""term_name"": ""double-strand break repair via homologous recombination"", ""namespace"": ""biological_process"", ""evidence"": ""IMP""}, {""go_id"": ""GO:0006303"", ""term_name"": ""double-strand break repair via nonhomologous end joining"", ""namespace"": ""biological_process"", ""evidence"": ""IMP""}]"
O75122,CLAP2_HUMAN,CLAP2,human,Homo sapiens (Human).,RecName: Full=CLIP-associating protein 2; AltName: Full=Cytoplasmic linker-associated protein 2; AltName: Full=Protein Orbit homolog 2; Short=hOrbit2;,"Microtubule plus-end tracking protein that promotes the stabilization of dynamic microtubules (PubMed:26003921). Involved in the nucleation of noncentrosomal microtubules originating from the trans-Golgi network (TGN). Required for the polarization of the cytoplasmic microtubule arrays in migrating cells towards the leading edge of the cell. May act at the cell cortex to enhance the frequency of rescue of depolymerizing microtubules by attaching their plus-ends to cortical platforms composed of ERC1 and PHLDB2 (PubMed:16824950). This cortical microtubule stabilizing activity is regulated at least in part by phosphatidylinositol 3-kinase signaling. Also performs a similar stabilizing function at the kinetochore which is essential for the bipolar alignment of chromosomes on the mitotic spindle (PubMed:16866869, PubMed:16914514). Acts as a mediator of ERBB2- dependent stabilization of microtubules at the cell cortex. {ECO:0000269|PubMed:11290329, ECO:0000269|PubMed:15631994, ECO:0000269|PubMed:16824950, ECO:0000269|PubMed:16866869, ECO:0000269|PubMed:16914514, ECO:0000269|PubMed:17543864, ECO:0000269|PubMed:20937854, ECO:0000269|PubMed:26003921}.",41,GO:0051015|actin filament binding; GO:0002162|dystroglycan binding; GO:0008017|microtubule binding; GO:0051010|microtubule plus-end binding; GO:1990782|protein tyrosine kinase binding,"GO:0071711|basement membrane organization; GO:0010458|exit from mitosis; GO:0007030|Golgi organization; GO:0034453|microtubule anchoring; GO:0000226|microtubule cytoskeleton organization; GO:0007020|microtubule nucleation; GO:0031023|microtubule organizing center organization; GO:0007052|mitotic spindle organization; GO:0051895|negative regulation of focal adhesion assembly; GO:0051497|negative regulation of stress fiber assembly; GO:1903690|negative regulation of wound healing, spreading of epidermal cells; GO:0035791|platelet-derived growth factor receptor-beta signaling pathway; GO:0010634|positive regulation of epithelial cell migration; GO:0045921|positive regulation of exocytosis; GO:0090091|positive regulation of extracellular matrix disassembly; GO:0099187|presynaptic cytoskeleton organization; GO:0032956|regulation of actin cytoskeleton organization; GO:0030516|regulation of axon extension; GO:0031113|regulation of microtubule polymerization; GO:0031110|regulation of microtubule polymerization or depolymerization; GO:0032886|regulation of microtubule-based process; GO:0006903|vesicle targeting",GO:0044295|axonal growth cone; GO:0045180|basal cortex; GO:0005938|cell cortex; GO:0031252|cell leading edge; GO:1903754|cortical microtubule plus-end; GO:0005881|cytoplasmic microtubule; GO:0005829|cytosol; GO:0098978|glutamatergic synapse; GO:0005794|Golgi apparatus; GO:0016020|membrane; GO:0005874|microtubule; GO:0005886|plasma membrane; GO:0032587|ruffle membrane; GO:0005802|trans-Golgi network,"[{""go_id"": ""GO:0044295"", ""term_name"": ""axonal growth cone"", ""namespace"": ""cellular_component"", ""evidence"": ""IDA""}, {""go_id"": ""GO:0045180"", ""term_name"": ""basal cortex"", ""namespace"": ""cellular_component"", ""evidence"": ""IDA""}, {""go_id"": ""GO:0005938"", ""term_name"": ""cell cortex"", ""namespace"": ""cellular_component"", ""evidence"": ""IDA""}, {""go_id"": ""GO:0031252"", ""term_name"": ""cell leading edge"", ""namespace"": ""cellular_component"", ""evidence"": ""IDA""}, {""go_id"": ""GO:1903754"", ""term_name"": ""cortical microtubule plus-end"", ""namespace"": ""cellular_component"", ""evidence"": ""IDA""}, {""go_id"": ""GO:0005881"", ""term_name"": ""cytoplasmic microtubule"", ""namespace"": ""cellular_component"", ""evidence"": ""IDA""}, {""go_id"": ""GO:0005829"", ""term_name"": ""cytosol"", ""namespace"": ""cellular_component"", ""evidence"": ""IDA""}, {""go_id"": ""GO:0098978"", ""term_name"": ""glutamatergic synapse"", ""namespace"": ""cellular_component"", ""evidence"": ""IDA""}, {""go_id"": ""GO:0005794"", ""term_name"": ""Golgi apparatus"", ""namespace"": ""cellular_component"", ""evidence"": ""IDA""}, {""go_id"": ""GO:0016020"", ""term_name"": ""membrane"", ""namespace"": ""cellular_component"", ""evidence"": ""HDA""}, {""go_id"": ""GO:0005874"", ""term_name"": ""microtubule"", ""namespace"": ""cellular_component"", ""evidence"": ""IDA""}, {""go_id"": ""GO:0005886"", ""term_name"": ""plasma membrane"", ""namespace"": ""cellular_component"", ""evidence"": ""IDA""}, {""go_id"": ""GO:0032587"", ""term_name"": ""ruffle membrane"", ""namespace"": ""cellular_component"", ""evidence"": ""IDA""}, {""go_id"": ""GO:0005802"", ""term_name"": ""trans-Golgi network"", ""namespace"": ""cellular_component"", ""evidence"": ""IDA""}, {""go_id"": ""GO:0051015"", ""term_name"": ""actin filament binding"", ""namespace"": ""molecular_function"", ""evidence"": ""IDA""}, {""go_id"": ""GO:0002162"", ""term_name"": ""dystroglycan binding"", ""namespace"": ""molecular_function"", ""evidence"": ""IPI""}, {""go_id"": ""GO:0008017"", ""term_name"": ""microtubule binding"", ""namespace"": ""molecular_function"", ""evidence"": ""IDA""}, {""go_id"": ""GO:0051010"", ""term_name"": ""microtubule plus-end binding"", ""namespace"": ""molecular_function"", ""evidence"": ""IDA""}, {""go_id"": ""GO:1990782"", ""term_name"": ""protein tyrosine kinase binding"", ""namespace"": ""molecular_function"", ""evidence"": ""IPI""}, {""go_id"": ""GO:0071711"", ""term_name"": ""basement membrane organization"", ""namespace"": ""biological_process"", ""evidence"": ""IMP""}, {""go_id"": ""GO:0010458"", ""term_name"": ""exit from mitosis"", ""namespace"": ""biological_process"", ""evidence"": ""IMP""}, {""go_id"": ""GO:0007030"", ""term_name"": ""Golgi organization"", ""namespace"": ""biological_process"", ""evidence"": ""IMP""}, {""go_id"": ""GO:0034453"", ""term_name"": ""microtubule anchoring"", ""namespace"": ""biological_process"", ""evidence"": ""IMP""}, {""go_id"": ""GO:0000226"", ""term_name"": ""microtubule cytoskeleton organization"", ""namespace"": ""biological_process"", ""evidence"": ""IMP""}, {""go_id"": ""GO:0007020"", ""term_name"": ""microtubule nucleation"", ""namespace"": ""biological_process"", ""evidence"": ""IMP""}, {""go_id"": ""GO:0031023"", ""term_name"": ""microtubule organizing center organization"", ""namespace"": ""biological_process"", ""evidence"": ""IMP""}, {""go_id"": ""GO:0007052"", ""term_name"": ""mitotic spindle organization"", ""namespace"": ""biological_process"", ""evidence"": ""IMP""}, {""go_id"": ""GO:0051895"", ""term_name"": ""negative regulation of focal adhesion assembly"", ""namespace"": ""biological_process"", ""evidence"": ""IMP""}, {""go_id"": ""GO:0051497"", ""term_name"": ""negative regulation of stress fiber assembly"", ""namespace"": ""biological_process"", ""evidence"": ""IMP""}, {""go_id"": ""GO:1903690"", ""term_name"": ""negative regulation of wound healing, spreading of epidermal cells"", ""namespace"": ""biological_process"", ""evidence"": ""IMP""}, {""go_id"": ""GO:0035791"", ""term_name"": ""platelet-derived growth factor receptor-beta signaling pathway"", ""namespace"": ""biological_process"", ""evidence"": ""IDA""}, {""go_id"": ""GO:0010634"", ""term_name"": ""positive regulation of epithelial cell migration"", ""namespace"": ""biological_process"", ""evidence"": ""IMP""}, {""go_id"": ""GO:0045921"", ""term_name"": ""positive regulation of exocytosis"", ""namespace"": ""biological_process"", ""evidence"": ""IMP""}, {""go_id"": ""GO:0090091"", ""term_name"": ""positive regulation of extracellular matrix disassembly"", ""namespace"": ""biological_process"", ""evidence"": ""IMP""}, {""go_id"": ""GO:0099187"", ""term_name"": ""presynaptic cytoskeleton organization"", ""namespace"": ""biological_process"", ""evidence"": ""IDA""}, {""go_id"": ""GO:0032956"", ""term_name"": ""regulation of actin cytoskeleton organization"", ""namespace"": ""biological_process"", ""evidence"": ""IDA""}, {""go_id"": ""GO:0030516"", ""term_name"": ""regulation of axon extension"", ""namespace"": ""biological_process"", ""evidence"": ""IDA""}, {""go_id"": ""GO:0031113"", ""term_name"": ""regulation of microtubule polymerization"", ""namespace"": ""biological_process"", ""evidence"": ""IDA""}, {""go_id"": ""GO:0031110"", ""term_name"": ""regulation of microtubule polymerization or depolymerization"", ""namespace"": ""biological_process"", ""evidence"": ""IMP""}, {""go_id"": ""GO:0032886"", ""term_name"": ""regulation of microtubule-based process"", ""namespace"": ""biological_process"", ""evidence"": ""IMP""}, {""go_id"": ""GO:0006903"", ""term_name"": ""vesicle targeting"", ""namespace"": ""biological_process"", ""evidence"": ""IMP""}]"
P28845,DHI1_HUMAN,DHI1,human,Homo sapiens (Human).,"RecName: Full=11-beta-hydroxysteroid dehydrogenase 1 {ECO:0000303|PubMed:10497248, ECO:0000303|PubMed:14973125}; Short=11-DH; Short=11-beta-HSD1 {ECO:0000303|PubMed:10497248, ECO:0000303|PubMed:14973125, ECO:0000303|PubMed:27927697}; EC=1.1.1.146 {ECO:0000269|PubMed:10497248, ECO:0000269|PubMed:12460758, ECO:0000269|PubMed:14973125, ECO:0000269|PubMed:15152005, ECO:0000269|PubMed:21453287, ECO:0000269|PubMed:30902677, ECO:0000269|PubMed:8319583}; AltName: Full=7-oxosteroid reductase; EC=1.1.1.201 {ECO:0000269|PubMed:14973125, ECO:0000269|PubMed:15095019, ECO:0000269|PubMed:15152005, ECO:0000269|PubMed:17593962, ECO:0000269|PubMed:21453287}; AltName: Full=Corticosteroid 11-beta-dehydrogenase isozyme 1 {ECO:0000305}; AltName: Full=Short chain dehydrogenase/reductase family 26C member 1;","Controls the reversible conversion of biologically active glucocorticoids such as cortisone to cortisol, and 11- dehydrocorticosterone to corticosterone in the presence of NADP(H) (PubMed:10497248, PubMed:12460758, PubMed:14973125, PubMed:15152005, PubMed:15280030, PubMed:17593962, PubMed:21453287, PubMed:27927697, PubMed:30902677). Participates in the corticosteroid receptor-mediated anti-inflammatory response, as well as metabolic and homeostatic processes (PubMed:10497248, PubMed:12414862, PubMed:15152005, PubMed:21453287). Plays a role in the secretion of aqueous humor in the eye, maintaining a normotensive, intraocular environment (PubMed:11481269). Bidirectional in vitro, predominantly functions as a reductase in vivo, thereby increasing the concentration of active glucocorticoids (PubMed:10497248, PubMed:11481269, PubMed:12414862, PubMed:12460758). It has broad substrate specificity, besides glucocorticoids, it accepts other steroid and sterol substrates (PubMed:15095019, PubMed:15152005, PubMed:17593962, PubMed:21453287). Interconverts 7-oxo- and 7-hydroxy-neurosteroids such as 7- oxopregnenolone and 7beta-hydroxypregnenolone, 7- oxodehydroepiandrosterone (3beta-hydroxy-5-androstene-7,17-dione) and 7beta-hydroxydehydroepiandrosterone (3beta,7beta-dihydroxyandrost-5-en- 17-one), among others (PubMed:17593962). Catalyzes the stereo-specific conversion of the major dietary oxysterol, 7-ketocholesterol (7- oxocholesterol), into the more polar 7-beta-hydroxycholesterol metabolite (PubMed:15095019, PubMed:15152005). 7-oxocholesterol is one of the most important oxysterols, it participates in several events such as induction of apoptosis, accumulation in atherosclerotic lesions, lipid peroxidation, and induction of foam cell formation (PubMed:15095019). Mediates the 7-oxo reduction of 7-oxolithocholate mainly to chenodeoxycholate, and to a lesser extent to ursodeoxycholate, both in its free form and when conjugated to glycine or taurine, providing a link between glucocorticoid activation and bile acid metabolism (PubMed:21453287). Catalyzes the synthesis of 7-beta- 25-dihydroxycholesterol from 7-oxo-25-hydroxycholesterol in vitro, which acts as a ligand for the G-protein-coupled receptor (GPCR) Epstein-Barr virus-induced gene 2 (EBI2) and may thereby regulate immune cell migration (PubMed:30902677). {ECO:0000269|PubMed:10497248, ECO:0000269|PubMed:12460758, ECO:0000269|PubMed:14973125, ECO:0000269|PubMed:15095019, ECO:0000269|PubMed:15152005, ECO:0000269|PubMed:17593962, ECO:0000269|PubMed:21453287, ECO:0000269|PubMed:27927697, ECO:0000269|PubMed:30902677, ECO:0000303|PubMed:10497248, ECO:0000303|PubMed:11481269, ECO:0000303|PubMed:12414862, ECO:0000303|PubMed:12460758, ECO:0000303|PubMed:15095019, ECO:0000303|PubMed:15152005, ECO:0000303|PubMed:21453287}.",5,GO:0070524|11-beta-hydroxysteroid dehydrogenase (NADP+) activity; GO:0050661|NADP binding; GO:0042803|protein homodimerization activity,,GO:0005789|endoplasmic reticulum membrane; GO:0016020|membrane,"[{""go_id"": ""GO:0005789"", ""term_name"": ""endoplasmic reticulum membrane"", ""namespace"": ""cellular_component"", ""evidence"": ""IDA""}, {""go_id"": ""GO:0016020"", ""term_name"": ""membrane"", ""namespace"": ""cellular_component"", ""evidence"": ""HDA""}, {""go_id"": ""GO:0070524"", ""term_name"": ""11-beta-hydroxysteroid dehydrogenase (NADP+) activity"", ""namespace"": ""molecular_function"", ""evidence"": ""IDA""}, {""go_id"": ""GO:0050661"", ""term_name"": ""NADP binding"", ""namespace"": ""molecular_function"", ""evidence"": ""IDA""}, {""go_id"": ""GO:0042803"", ""term_name"": ""protein homodimerization activity"", ""namespace"": ""molecular_function"", ""evidence"": ""IDA""}]"
O43396,TXNL1_HUMAN,TXNL1,human,Homo sapiens (Human).,RecName: Full=Thioredoxin-like protein 1; AltName: Full=32 kDa thioredoxin-related protein;,Active thioredoxin with a redox potential of about -250 mV. {ECO:0000269|PubMed:19349277}.,3,GO:0015036|disulfide oxidoreductase activity,,GO:0005737|cytoplasm; GO:0005829|cytosol,"[{""go_id"": ""GO:0005737"", ""term_name"": ""cytoplasm"", ""namespace"": ""cellular_component"", ""evidence"": ""IDA""}, {""go_id"": ""GO:0005829"", ""term_name"": ""cytosol"", ""namespace"": ""cellular_component"", ""evidence"": ""IDA""}, {""go_id"": ""GO:0015036"", ""term_name"": ""disulfide oxidoreductase activity"", ""namespace"": ""molecular_function"", ""evidence"": ""IDA""}]"
P06340,DOA_HUMAN,DOA,human,Homo sapiens (Human).,"RecName: Full=HLA class II histocompatibility antigen, DO alpha chain; AltName: Full=MHC DN-alpha; AltName: Full=MHC DZ alpha; AltName: Full=MHC class II antigen DOA; Flags: Precursor;",Important modulator in the HLA class II restricted antigen presentation pathway by interaction with the HLA-DM molecule in B- cells. Modifies peptide exchange activity of HLA-DM.,3,GO:0023026|MHC class II protein complex binding,GO:0002587|negative regulation of antigen processing and presentation of peptide antigen via MHC class II,GO:0042613|MHC class II protein complex,"[{""go_id"": ""GO:0042613"", ""term_name"": ""MHC class II protein complex"", ""namespace"": ""cellular_component"", ""evidence"": ""IDA""}, {""go_id"": ""GO:0023026"", ""term_name"": ""MHC class II protein complex binding"", ""namespace"": ""molecular_function"", ""evidence"": ""IDA""}, {""go_id"": ""GO:0002587"", ""term_name"": ""negative regulation of antigen processing and presentation of peptide antigen via MHC class II"", ""namespace"": ""biological_process"", ""evidence"": ""IDA""}]"
Q14432,PDE3A_HUMAN,PDE3A,human,Homo sapiens (Human).,"RecName: Full=cGMP-inhibited 3',5'-cyclic phosphodiesterase 3A {ECO:0000305|PubMed:8155697}; EC=3.1.4.17 {ECO:0000269|PubMed:1315035, ECO:0000269|PubMed:25961942, ECO:0000269|PubMed:8155697, ECO:0000269|PubMed:8695850}; AltName: Full=Cyclic GMP-inhibited phosphodiesterase A; Short=CGI-PDE A; AltName: Full=cGMP-inhibited cAMP phosphodiesterase {ECO:0000303|PubMed:8155697}; Short=cGI-PDE {ECO:0000303|PubMed:8155697};","Cyclic nucleotide phosphodiesterase with specificity for the second messengers cAMP and cGMP, which are key regulators of many important physiological processes (PubMed:1315035, PubMed:25961942, PubMed:8155697, PubMed:8695850). Also has activity toward cUMP (PubMed:27975297). Independently of its catalytic activity it is part of an E2/17beta-estradiol-induced pro-apoptotic signaling pathway. E2 stabilizes the PDE3A/SLFN12 complex in the cytosol, promoting the dephosphorylation of SLFN12 and activating its pro-apoptotic ribosomal RNA/rRNA ribonuclease activity. This apoptotic pathway might be relevant in tissues with high concentration of E2 and be for instance involved in placenta remodeling (PubMed:31420216, PubMed:34707099). {ECO:0000269|PubMed:1315035, ECO:0000269|PubMed:25961942, ECO:0000269|PubMed:27975297, ECO:0000269|PubMed:31420216, ECO:0000269|PubMed:34707099, ECO:0000269|PubMed:8155697, ECO:0000269|PubMed:8695850}.",14,"GO:0004119|3',5'-cGMP-inhibited cyclic-nucleotide phosphodiesterase activity; GO:0004115|3',5'-cyclic-AMP phosphodiesterase activity; GO:0047555|3',5'-cyclic-GMP phosphodiesterase activity; GO:0004114|3',5'-cyclic-nucleotide phosphodiesterase activity; GO:0099130|estrogen binding; GO:0030284|nuclear estrogen receptor activity",GO:0097190|apoptotic signaling pathway; GO:0071321|cellular response to cGMP; GO:0071560|cellular response to transforming growth factor beta stimulus; GO:0106072|negative regulation of adenylate cyclase-activating G protein-coupled receptor signaling pathway; GO:0043116|negative regulation of vascular permeability; GO:0043117|positive regulation of vascular permeability; GO:0060700|regulation of ribonuclease activity,GO:0005829|cytosol,"[{""go_id"": ""GO:0005829"", ""term_name"": ""cytosol"", ""namespace"": ""cellular_component"", ""evidence"": ""IDA""}, {""go_id"": ""GO:0004119"", ""term_name"": ""3',5'-cGMP-inhibited cyclic-nucleotide phosphodiesterase activity"", ""namespace"": ""molecular_function"", ""evidence"": ""IDA""}, {""go_id"": ""GO:0004115"", ""term_name"": ""3',5'-cyclic-AMP phosphodiesterase activity"", ""namespace"": ""molecular_function"", ""evidence"": ""IDA""}, {""go_id"": ""GO:0047555"", ""term_name"": ""3',5'-cyclic-GMP phosphodiesterase activity"", ""namespace"": ""molecular_function"", ""evidence"": ""IDA""}, {""go_id"": ""GO:0004114"", ""term_name"": ""3',5'-cyclic-nucleotide phosphodiesterase activity"", ""namespace"": ""molecular_function"", ""evidence"": ""IDA""}, {""go_id"": ""GO:0099130"", ""term_name"": ""estrogen binding"", ""namespace"": ""molecular_function"", ""evidence"": ""IDA""}, {""go_id"": ""GO:0030284"", ""term_name"": ""nuclear estrogen receptor activity"", ""namespace"": ""molecular_function"", ""evidence"": ""IDA""}, {""go_id"": ""GO:0097190"", ""term_name"": ""apoptotic signaling pathway"", ""namespace"": ""biological_process"", ""evidence"": ""IDA""}, {""go_id"": ""GO:0071321"", ""term_name"": ""cellular response to cGMP"", ""namespace"": ""biological_process"", ""evidence"": ""IDA""}, {""go_id"": ""GO:0071560"", ""term_name"": ""cellular response to transforming growth factor beta stimulus"", ""namespace"": ""biological_process"", ""evidence"": ""IEP""}, {""go_id"": ""GO:0106072"", ""term_name"": ""negative regulation of adenylate cyclase-activating G protein-coupled receptor signaling pathway"", ""namespace"": ""biological_process"", ""evidence"": ""IMP""}, {""go_id"": ""GO:0043116"", ""term_name"": ""negative regulation of vascular permeability"", ""namespace"": ""biological_process"", ""evidence"": ""IMP""}, {""go_id"": ""GO:0043117"", ""term_name"": ""positive regulation of vascular permeability"", ""namespace"": ""biological_process"", ""evidence"": ""IMP""}, {""go_id"": ""GO:0060700"", ""term_name"": ""regulation of ribonuclease activity"", ""namespace"": ""biological_process"", ""evidence"": ""IDA""}]"
P09110,THIK_HUMAN,THIK,human,Homo sapiens (Human).,"RecName: Full=3-ketoacyl-CoA thiolase, peroxisomal {ECO:0000305}; EC=2.3.1.16 {ECO:0000305|PubMed:2882519}; AltName: Full=Acetyl-CoA C-myristoyltransferase; EC=2.3.1.155 {ECO:0000305|PubMed:2882519}; AltName: Full=Acetyl-CoA acyltransferase; EC=2.3.1.9 {ECO:0000250|UniProtKB:P21775}; AltName: Full=Beta-ketothiolase; AltName: Full=Peroxisomal 3-oxoacyl-CoA thiolase {ECO:0000303|PubMed:2882519}; Flags: Precursor;","Responsible for the thiolytic cleavage of straight chain 3- keto fatty acyl-CoAs (3-oxoacyl-CoAs) (PubMed:11734571, PubMed:2882519). Plays an important role in fatty acid peroxisomal beta-oxidation (PubMed:11734571, PubMed:2882519). Catalyzes the cleavage of short, medium, long, and very long straight chain 3- oxoacyl-CoAs (PubMed:11734571, PubMed:2882519). {ECO:0000305|PubMed:11734571, ECO:0000305|PubMed:2882519}.",7,GO:0008775|acetate CoA-transferase activity; GO:0120524|long-chain fatty acyl-CoA oxidase activity,GO:0008206|bile acid metabolic process; GO:0006635|fatty acid beta-oxidation; GO:0000038|very long-chain fatty acid metabolic process,GO:0016020|membrane; GO:0005777|peroxisome,"[{""go_id"": ""GO:0016020"", ""term_name"": ""membrane"", ""namespace"": ""cellular_component"", ""evidence"": ""HDA""}, {""go_id"": ""GO:0005777"", ""term_name"": ""peroxisome"", ""namespace"": ""cellular_component"", ""evidence"": ""IDA""}, {""go_id"": ""GO:0008775"", ""term_name"": ""acetate CoA-transferase activity"", ""namespace"": ""molecular_function"", ""evidence"": ""EXP""}, {""go_id"": ""GO:0120524"", ""term_name"": ""long-chain fatty acyl-CoA oxidase activity"", ""namespace"": ""molecular_function"", ""evidence"": ""IMP""}, {""go_id"": ""GO:0008206"", ""term_name"": ""bile acid metabolic process"", ""namespace"": ""biological_process"", ""evidence"": ""IMP""}, {""go_id"": ""GO:0006635"", ""term_name"": ""fatty acid beta-oxidation"", ""namespace"": ""biological_process"", ""evidence"": ""IMP""}, {""go_id"": ""GO:0000038"", ""term_name"": ""very long-chain fatty acid metabolic process"", ""namespace"": ""biological_process"", ""evidence"": ""IMP""}]"
P30411,BKRB2_HUMAN,BKRB2,human,Homo sapiens (Human).,RecName: Full=B2 bradykinin receptor; Short=B2R; Short=BK-2 receptor;,"Receptor for bradykinin. It is associated with G proteins that activate a phosphatidylinositol-calcium second messenger system. {ECO:0000269|PubMed:1314587, ECO:0000269|PubMed:1329734}.",8,GO:0004947|bradykinin receptor activity; GO:0002020|protease binding; GO:0046982|protein heterodimerization activity; GO:0031702|type 1 angiotensin receptor binding,GO:0050482|arachidonate secretion; GO:0042311|vasodilation,GO:0005768|endosome; GO:0005886|plasma membrane,"[{""go_id"": ""GO:0005768"", ""term_name"": ""endosome"", ""namespace"": ""cellular_component"", ""evidence"": ""IDA""}, {""go_id"": ""GO:0005886"", ""term_name"": ""plasma membrane"", ""namespace"": ""cellular_component"", ""evidence"": ""IDA""}, {""go_id"": ""GO:0004947"", ""term_name"": ""bradykinin receptor activity"", ""namespace"": ""molecular_function"", ""evidence"": ""IDA""}, {""go_id"": ""GO:0002020"", ""term_name"": ""protease binding"", ""namespace"": ""molecular_function"", ""evidence"": ""IPI""}, {""go_id"": ""GO:0046982"", ""term_name"": ""protein heterodimerization activity"", ""namespace"": ""molecular_function"", ""evidence"": ""IPI""}, {""go_id"": ""GO:0031702"", ""term_name"": ""type 1 angiotensin receptor binding"", ""namespace"": ""molecular_function"", ""evidence"": ""IPI""}, {""go_id"": ""GO:0050482"", ""term_name"": ""arachidonate secretion"", ""namespace"": ""biological_process"", ""evidence"": ""IDA""}, {""go_id"": ""GO:0042311"", ""term_name"": ""vasodilation"", ""namespace"": ""biological_process"", ""evidence"": ""IDA""}]"
Q9NZ94,NLGN3_HUMAN,NLGN3,human,Homo sapiens (Human).,RecName: Full=Neuroligin-3; AltName: Full=Gliotactin homolog; Flags: Precursor;,"Cell surface protein involved in cell-cell-interactions via its interactions with neurexin family members. Plays a role in synapse function and synaptic signal transmission, and may mediate its effects by clustering other synaptic proteins. May promote the initial formation of synapses, but is not essential for this. May also play a role in glia-glia or glia-neuron interactions in the developing peripheral nervous system (By similarity). {ECO:0000250, ECO:0000269|PubMed:15620359}.",8,GO:0097110|scaffold protein binding,GO:0030534|adult behavior; GO:0007612|learning; GO:0035176|social behavior; GO:0050808|synapse organization; GO:0071625|vocalization behavior,GO:0009986|cell surface; GO:0060076|excitatory synapse,"[{""go_id"": ""GO:0009986"", ""term_name"": ""cell surface"", ""namespace"": ""cellular_component"", ""evidence"": ""IDA""}, {""go_id"": ""GO:0060076"", ""term_name"": ""excitatory synapse"", ""namespace"": ""cellular_component"", ""evidence"": ""IDA""}, {""go_id"": ""GO:0097110"", ""term_name"": ""scaffold protein binding"", ""namespace"": ""molecular_function"", ""evidence"": ""IPI""}, {""go_id"": ""GO:0030534"", ""term_name"": ""adult behavior"", ""namespace"": ""biological_process"", ""evidence"": ""IMP""}, {""go_id"": ""GO:0007612"", ""term_name"": ""learning"", ""namespace"": ""biological_process"", ""evidence"": ""IMP""}, {""go_id"": ""GO:0035176"", ""term_name"": ""social behavior"", ""namespace"": ""biological_process"", ""evidence"": ""IMP""}, {""go_id"": ""GO:0050808"", ""term_name"": ""synapse organization"", ""namespace"": ""biological_process"", ""evidence"": ""IMP""}, {""go_id"": ""GO:0071625"", ""term_name"": ""vocalization behavior"", ""namespace"": ""biological_process"", ""evidence"": ""IMP""}]"
Q96E22,NGBR_HUMAN,NGBR,human,Homo sapiens (Human).,"RecName: Full=Dehydrodolichyl diphosphate synthase complex subunit NUS1 {ECO:0000305}; EC=2.5.1.87 {ECO:0000269|PubMed:25066056, ECO:0000269|PubMed:28842490}; AltName: Full=Cis-prenyltransferase subunit NgBR {ECO:0000303|PubMed:28842490}; AltName: Full=Nogo-B receptor {ECO:0000303|PubMed:16835300}; Short=NgBR {ECO:0000303|PubMed:16835300, ECO:0000303|PubMed:28842490}; AltName: Full=Nuclear undecaprenyl pyrophosphate synthase 1 homolog {ECO:0000305};","With DHDDS, forms the dehydrodolichyl diphosphate synthase (DDS) complex, an essential component of the dolichol monophosphate (Dol-P) biosynthetic machinery (PubMed:21572394, PubMed:25066056, PubMed:28842490, PubMed:32817466, PubMed:33077723). Both subunits contribute to enzymatic activity, i.e. condensation of multiple copies of isopentenyl pyrophosphate (IPP) to farnesyl pyrophosphate (FPP) to produce dehydrodolichyl diphosphate (Dedol-PP), a precursor of dolichol phosphate which is utilized as a sugar carrier in protein glycosylation in the endoplasmic reticulum (ER) (PubMed:21572394, PubMed:25066056, PubMed:28842490, PubMed:32817466, PubMed:33077723). Synthesizes long- chain polyprenols, mostly of C95 and C100 chain length (PubMed:32817466). Regulates the glycosylation and stability of nascent NPC2, thereby promoting trafficking of LDL-derived cholesterol (PubMed:21572394). Acts as a specific receptor for the N-terminus of Nogo-B, a neural and cardiovascular regulator (PubMed:16835300). {ECO:0000269|PubMed:16835300, ECO:0000269|PubMed:21572394, ECO:0000269|PubMed:25066056, ECO:0000269|PubMed:28842490, ECO:0000269|PubMed:32817466, ECO:0000269|PubMed:33077723}.",9,"GO:0045547|ditrans,polycis-polyprenyl diphosphate synthase [(2E,6E)-farnesyl diphosphate specific] activity",GO:0006489|dolichyl diphosphate biosynthetic process; GO:0043048|dolichyl monophosphate biosynthetic process; GO:1903589|positive regulation of blood vessel endothelial cell proliferation involved in sprouting angiogenesis; GO:0090050|positive regulation of cell migration involved in sprouting angiogenesis; GO:0032383|regulation of intracellular cholesterol transport; GO:0038084|vascular endothelial growth factor signaling pathway,GO:1904423|dehydrodolichyl diphosphate synthase complex; GO:0005789|endoplasmic reticulum membrane,"[{""go_id"": ""GO:1904423"", ""term_name"": ""dehydrodolichyl diphosphate synthase complex"", ""namespace"": ""cellular_component"", ""evidence"": ""IDA""}, {""go_id"": ""GO:0005789"", ""term_name"": ""endoplasmic reticulum membrane"", ""namespace"": ""cellular_component"", ""evidence"": ""IDA""}, {""go_id"": ""GO:0045547"", ""term_name"": ""ditrans,polycis-polyprenyl diphosphate synthase [(2E,6E)-farnesyl diphosphate specific] activity"", ""namespace"": ""molecular_function"", ""evidence"": ""IDA""}, {""go_id"": ""GO:0006489"", ""term_name"": ""dolichyl diphosphate biosynthetic process"", ""namespace"": ""biological_process"", ""evidence"": ""IDA""}, {""go_id"": ""GO:0043048"", ""term_name"": ""dolichyl monophosphate biosynthetic process"", ""namespace"": ""biological_process"", ""evidence"": ""IMP""}, {""go_id"": ""GO:1903589"", ""term_name"": ""positive regulation of blood vessel endothelial cell proliferation involved in sprouting angiogenesis"", ""namespace"": ""biological_process"", ""evidence"": ""IMP""}, {""go_id"": ""GO:0090050"", ""term_name"": ""positive regulation of cell migration involved in sprouting angiogenesis"", ""namespace"": ""biological_process"", ""evidence"": ""IMP""}, {""go_id"": ""GO:0032383"", ""term_name"": ""regulation of intracellular cholesterol transport"", ""namespace"": ""biological_process"", ""evidence"": ""IGI""}, {""go_id"": ""GO:0038084"", ""term_name"": ""vascular endothelial growth factor signaling pathway"", ""namespace"": ""biological_process"", ""evidence"": ""IMP""}]"
Q9H5L6,THAP9_HUMAN,THAP9,human,Homo sapiens (Human).,RecName: Full=DNA transposase THAP9; EC=2.7.7.-; AltName: Full=THAP domain-containing protein 9; Short=hTh9;,"Active transposase that specifically recognizes the bipartite 5'-TXXGGGX(A/T)-3' consensus motif and mediates transposition. {ECO:0000269|PubMed:20010837, ECO:0000269|PubMed:23349291}.",5,GO:0043565|sequence-specific DNA binding; GO:0004803|transposase activity,GO:0015074|DNA integration; GO:0006310|DNA recombination; GO:0006313|DNA transposition,,"[{""go_id"": ""GO:0043565"", ""term_name"": ""sequence-specific DNA binding"", ""namespace"": ""molecular_function"", ""evidence"": ""IDA""}, {""go_id"": ""GO:0004803"", ""term_name"": ""transposase activity"", ""namespace"": ""molecular_function"", ""evidence"": ""IDA""}, {""go_id"": ""GO:0015074"", ""term_name"": ""DNA integration"", ""namespace"": ""biological_process"", ""evidence"": ""IDA""}, {""go_id"": ""GO:0006310"", ""term_name"": ""DNA recombination"", ""namespace"": ""biological_process"", ""evidence"": ""IDA""}, {""go_id"": ""GO:0006313"", ""term_name"": ""DNA transposition"", ""namespace"": ""biological_process"", ""evidence"": ""IDA""}]"
P20338,RAB4A_HUMAN,RAB4A,human,Homo sapiens (Human).,"RecName: Full=Ras-related protein Rab-4A; EC=3.6.5.2 {ECO:0000305|PubMed:15907487, ECO:0000305|PubMed:16034420};","The small GTPases Rab are key regulators of intracellular membrane trafficking, from the formation of transport vesicles to their fusion with membranes. Rabs cycle between an inactive GDP-bound form and an active GTP-bound form that is able to recruit to membranes different sets of downstream effectors directly responsible for vesicle formation, movement, tethering and fusion (PubMed:15907487, PubMed:16034420). RAB4A is involved in protein transport (PubMed:29425100). Also plays a role in vesicular traffic. Mediates VEGFR2 endosomal trafficking to enhance VEGFR2 signaling (PubMed:29425100). Acts as a regulator of platelet alpha-granule release during activation and aggregation of platelets (By similarity). {ECO:0000250|UniProtKB:P56371, ECO:0000269|PubMed:15907487, ECO:0000269|PubMed:16034420, ECO:0000269|PubMed:29425100}.",8,GO:0003925|G protein activity; GO:0019003|GDP binding; GO:0005525|GTP binding; GO:0003924|GTPase activity,GO:0019882|antigen processing and presentation,GO:0070062|extracellular exosome; GO:0048471|perinuclear region of cytoplasm; GO:0031982|vesicle,"[{""go_id"": ""GO:0070062"", ""term_name"": ""extracellular exosome"", ""namespace"": ""cellular_component"", ""evidence"": ""IDA""}, {""go_id"": ""GO:0048471"", ""term_name"": ""perinuclear region of cytoplasm"", ""namespace"": ""cellular_component"", ""evidence"": ""IDA""}, {""go_id"": ""GO:0031982"", ""term_name"": ""vesicle"", ""namespace"": ""cellular_component"", ""evidence"": ""IDA""}, {""go_id"": ""GO:0003925"", ""term_name"": ""G protein activity"", ""namespace"": ""molecular_function"", ""evidence"": ""IDA""}, {""go_id"": ""GO:0019003"", ""term_name"": ""GDP binding"", ""namespace"": ""molecular_function"", ""evidence"": ""IDA""}, {""go_id"": ""GO:0005525"", ""term_name"": ""GTP binding"", ""namespace"": ""molecular_function"", ""evidence"": ""IDA""}, {""go_id"": ""GO:0003924"", ""term_name"": ""GTPase activity"", ""namespace"": ""molecular_function"", ""evidence"": ""IDA""}, {""go_id"": ""GO:0019882"", ""term_name"": ""antigen processing and presentation"", ""namespace"": ""biological_process"", ""evidence"": ""IMP""}]"
Q14108,SCRB2_HUMAN,SCRB2,human,Homo sapiens (Human).,RecName: Full=Lysosome membrane protein 2; AltName: Full=85 kDa lysosomal membrane sialoglycoprotein; Short=LGP85; AltName: Full=CD36 antigen-like 2; AltName: Full=Lysosome membrane protein II; Short=LIMP II; AltName: Full=Scavenger receptor class B member 2; AltName: CD_antigen=CD36;,Acts as a lysosomal receptor for glucosylceramidase (GBA1) targeting. {ECO:0000269|PubMed:18022370}.,9,GO:0038024|cargo receptor activity; GO:0019899|enzyme binding; GO:0042803|protein homodimerization activity,GO:0006622|protein targeting to lysosome; GO:0043470|regulation of carbohydrate catabolic process,GO:0070062|extracellular exosome; GO:0005925|focal adhesion; GO:0005765|lysosomal membrane; GO:0016020|membrane,"[{""go_id"": ""GO:0070062"", ""term_name"": ""extracellular exosome"", ""namespace"": ""cellular_component"", ""evidence"": ""HDA""}, {""go_id"": ""GO:0005925"", ""term_name"": ""focal adhesion"", ""namespace"": ""cellular_component"", ""evidence"": ""HDA""}, {""go_id"": ""GO:0005765"", ""term_name"": ""lysosomal membrane"", ""namespace"": ""cellular_component"", ""evidence"": ""HDA""}, {""go_id"": ""GO:0016020"", ""term_name"": ""membrane"", ""namespace"": ""cellular_component"", ""evidence"": ""HDA""}, {""go_id"": ""GO:0038024"", ""term_name"": ""cargo receptor activity"", ""namespace"": ""molecular_function"", ""evidence"": ""IMP""}, {""go_id"": ""GO:0019899"", ""term_name"": ""enzyme binding"", ""namespace"": ""molecular_function"", ""evidence"": ""IPI""}, {""go_id"": ""GO:0042803"", ""term_name"": ""protein homodimerization activity"", ""namespace"": ""molecular_function"", ""evidence"": ""IPI""}, {""go_id"": ""GO:0006622"", ""term_name"": ""protein targeting to lysosome"", ""namespace"": ""biological_process"", ""evidence"": ""IMP""}, {""go_id"": ""GO:0043470"", ""term_name"": ""regulation of carbohydrate catabolic process"", ""namespace"": ""biological_process"", ""evidence"": ""IMP""}]"
Q15011,HERP1_HUMAN,HERP1,human,Homo sapiens (Human).,RecName: Full=Homocysteine-responsive endoplasmic reticulum-resident ubiquitin-like domain member 1 protein; AltName: Full=Methyl methanesulfonate (MMF)-inducible fragment protein 1;,"Component of the endoplasmic reticulum quality control (ERQC) system also called ER-associated degradation (ERAD) involved in ubiquitin-dependent degradation of misfolded endoplasmic reticulum proteins (PubMed:16289116, PubMed:28827405). Could enhance presenilin- mediated amyloid-beta protein 40 generation. Binds to ubiquilins and this interaction is required for efficient degradation of CD3D via the ERAD pathway (PubMed:18307982). {ECO:0000269|PubMed:16289116, ECO:0000269|PubMed:18307982, ECO:0000269|PubMed:28827405}.",14,GO:0044325|transmembrane transporter binding,"GO:0032469|endoplasmic reticulum calcium ion homeostasis; GO:0036503|ERAD pathway; GO:1902236|negative regulation of endoplasmic reticulum stress-induced intrinsic apoptotic signaling pathway; GO:2001243|negative regulation of intrinsic apoptotic signaling pathway; GO:1904294|positive regulation of ERAD pathway; GO:2000060|positive regulation of ubiquitin-dependent protein catabolic process; GO:0006986|response to unfolded protein; GO:0030970|retrograde protein transport, ER to cytosol",GO:0005783|endoplasmic reticulum; GO:0005789|endoplasmic reticulum membrane; GO:0000836|Hrd1p ubiquitin ligase complex; GO:1990037|Lewy body core; GO:0016020|membrane,"[{""go_id"": ""GO:0005783"", ""term_name"": ""endoplasmic reticulum"", ""namespace"": ""cellular_component"", ""evidence"": ""IDA""}, {""go_id"": ""GO:0005789"", ""term_name"": ""endoplasmic reticulum membrane"", ""namespace"": ""cellular_component"", ""evidence"": ""IDA""}, {""go_id"": ""GO:0000836"", ""term_name"": ""Hrd1p ubiquitin ligase complex"", ""namespace"": ""cellular_component"", ""evidence"": ""IDA""}, {""go_id"": ""GO:1990037"", ""term_name"": ""Lewy body core"", ""namespace"": ""cellular_component"", ""evidence"": ""IDA""}, {""go_id"": ""GO:0016020"", ""term_name"": ""membrane"", ""namespace"": ""cellular_component"", ""evidence"": ""HDA""}, {""go_id"": ""GO:0044325"", ""term_name"": ""transmembrane transporter binding"", ""namespace"": ""molecular_function"", ""evidence"": ""IPI""}, {""go_id"": ""GO:0032469"", ""term_name"": ""endoplasmic reticulum calcium ion homeostasis"", ""namespace"": ""biological_process"", ""evidence"": ""IDA""}, {""go_id"": ""GO:0036503"", ""term_name"": ""ERAD pathway"", ""namespace"": ""biological_process"", ""evidence"": ""IMP""}, {""go_id"": ""GO:1902236"", ""term_name"": ""negative regulation of endoplasmic reticulum stress-induced intrinsic apoptotic signaling pathway"", ""namespace"": ""biological_process"", ""evidence"": ""IDA""}, {""go_id"": ""GO:2001243"", ""term_name"": ""negative regulation of intrinsic apoptotic signaling pathway"", ""namespace"": ""biological_process"", ""evidence"": ""IGI""}, {""go_id"": ""GO:1904294"", ""term_name"": ""positive regulation of ERAD pathway"", ""namespace"": ""biological_process"", ""evidence"": ""IDA""}, {""go_id"": ""GO:2000060"", ""term_name"": ""positive regulation of ubiquitin-dependent protein catabolic process"", ""namespace"": ""biological_process"", ""evidence"": ""IDA""}, {""go_id"": ""GO:0006986"", ""term_name"": ""response to unfolded protein"", ""namespace"": ""biological_process"", ""evidence"": ""IEP""}, {""go_id"": ""GO:0030970"", ""term_name"": ""retrograde protein transport, ER to cytosol"", ""namespace"": ""biological_process"", ""evidence"": ""IMP""}]"
P08294,SODE_HUMAN,SODE,human,Homo sapiens (Human).,RecName: Full=Extracellular superoxide dismutase [Cu-Zn]; Short=EC-SOD; EC=1.15.1.1; Flags: Precursor;,Protect the extracellular space from toxic effect of reactive oxygen intermediates by converting superoxide radicals into hydrogen peroxide and oxygen.,4,GO:0060090|molecular adaptor activity,,GO:0070062|extracellular exosome; GO:0005576|extracellular region; GO:0005615|extracellular space,"[{""go_id"": ""GO:0070062"", ""term_name"": ""extracellular exosome"", ""namespace"": ""cellular_component"", ""evidence"": ""HDA""}, {""go_id"": ""GO:0005576"", ""term_name"": ""extracellular region"", ""namespace"": ""cellular_component"", ""evidence"": ""HDA""}, {""go_id"": ""GO:0005615"", ""term_name"": ""extracellular space"", ""namespace"": ""cellular_component"", ""evidence"": ""IDA""}, {""go_id"": ""GO:0060090"", ""term_name"": ""molecular adaptor activity"", ""namespace"": ""molecular_function"", ""evidence"": ""EXP""}]"
Q8WYK0,ACO12_HUMAN,ACO12,human,Homo sapiens (Human).,RecName: Full=Acetyl-coenzyme A thioesterase {ECO:0000305}; EC=3.1.2.1 {ECO:0000269|PubMed:16951743}; AltName: Full=Acyl-CoA thioester hydrolase 12; AltName: Full=Acyl-coenzyme A thioesterase 12; Short=Acyl-CoA thioesterase 12; AltName: Full=Cytoplasmic acetyl-CoA hydrolase 1; Short=CACH-1; Short=hCACH-1; AltName: Full=START domain-containing protein 15; Short=StARD15;,"Catalyzes the hydrolysis of acyl-CoAs into free fatty acids and coenzyme A (CoASH), regulating their respective intracellular levels (PubMed:16951743). Preferentially hydrolyzes acetyl-CoA (PubMed:16951743). {ECO:0000269|PubMed:16951743}.",4,GO:0042802|identical protein binding,,GO:0005829|cytosol; GO:0045171|intercellular bridge; GO:0005654|nucleoplasm,"[{""go_id"": ""GO:0005829"", ""term_name"": ""cytosol"", ""namespace"": ""cellular_component"", ""evidence"": ""IDA""}, {""go_id"": ""GO:0045171"", ""term_name"": ""intercellular bridge"", ""namespace"": ""cellular_component"", ""evidence"": ""IDA""}, {""go_id"": ""GO:0005654"", ""term_name"": ""nucleoplasm"", ""namespace"": ""cellular_component"", ""evidence"": ""IDA""}, {""go_id"": ""GO:0042802"", ""term_name"": ""identical protein binding"", ""namespace"": ""molecular_function"", ""evidence"": ""IPI""}]"
O94983,CMTA2_HUMAN,CMTA2,human,Homo sapiens (Human).,RecName: Full=Calmodulin-binding transcription activator 2;,Transcription activator. May act as tumor suppressor. {ECO:0000269|PubMed:11925432}.,8,GO:0003682|chromatin binding; GO:0042826|histone deacetylase binding; GO:0003713|transcription coactivator activity,GO:0014898|cardiac muscle hypertrophy in response to stress; GO:0045944|positive regulation of transcription by RNA polymerase II; GO:0006357|regulation of transcription by RNA polymerase II,GO:0000785|chromatin; GO:0005634|nucleus,"[{""go_id"": ""GO:0000785"", ""term_name"": ""chromatin"", ""namespace"": ""cellular_component"", ""evidence"": ""IDA""}, {""go_id"": ""GO:0005634"", ""term_name"": ""nucleus"", ""namespace"": ""cellular_component"", ""evidence"": ""IDA""}, {""go_id"": ""GO:0003682"", ""term_name"": ""chromatin binding"", ""namespace"": ""molecular_function"", ""evidence"": ""IDA""}, {""go_id"": ""GO:0042826"", ""term_name"": ""histone deacetylase binding"", ""namespace"": ""molecular_function"", ""evidence"": ""IDA""}, {""go_id"": ""GO:0003713"", ""term_name"": ""transcription coactivator activity"", ""namespace"": ""molecular_function"", ""evidence"": ""IDA""}, {""go_id"": ""GO:0014898"", ""term_name"": ""cardiac muscle hypertrophy in response to stress"", ""namespace"": ""biological_process"", ""evidence"": ""IDA""}, {""go_id"": ""GO:0045944"", ""term_name"": ""positive regulation of transcription by RNA polymerase II"", ""namespace"": ""biological_process"", ""evidence"": ""IGI""}, {""go_id"": ""GO:0006357"", ""term_name"": ""regulation of transcription by RNA polymerase II"", ""namespace"": ""biological_process"", ""evidence"": ""IDA""}]"
Q96HU1,SGSM3_HUMAN,SGSM3,human,Homo sapiens (Human).,RecName: Full=Small G protein signaling modulator 3; AltName: Full=Merlin-associated protein; AltName: Full=RUN and TBC1 domain-containing protein 3; AltName: Full=Rab-GTPase-activating protein-like protein; Short=RabGAPLP; AltName: Full=RabGAP-5 {ECO:0000303|PubMed:16086013};,"GTPase-activating protein (GAP) specific for Rab5 small GTPase for which it accelerates the intrinsic GTP hydrolysis rate, thereby controlling trafficking through the early endocytic pathway (PubMed:16086013, PubMed:17562788). May play a cooperative role in NF2- mediated growth suppression of cells. {ECO:0000269|PubMed:15541357, ECO:0000269|PubMed:16086013, ECO:0000269|PubMed:17562788}.",9,GO:0005096|GTPase activator activity; GO:0031267|small GTPase binding,GO:0016197|endosomal transport; GO:0048227|plasma membrane to endosome transport; GO:0043547|positive regulation of GTPase activity; GO:0032486|Rap protein signal transduction; GO:0030100|regulation of endocytosis; GO:0032483|regulation of Rab protein signal transduction,GO:0005829|cytosol,"[{""go_id"": ""GO:0005829"", ""term_name"": ""cytosol"", ""namespace"": ""cellular_component"", ""evidence"": ""IDA""}, {""go_id"": ""GO:0005096"", ""term_name"": ""GTPase activator activity"", ""namespace"": ""molecular_function"", ""evidence"": ""IDA""}, {""go_id"": ""GO:0031267"", ""term_name"": ""small GTPase binding"", ""namespace"": ""molecular_function"", ""evidence"": ""IDA""}, {""go_id"": ""GO:0016197"", ""term_name"": ""endosomal transport"", ""namespace"": ""biological_process"", ""evidence"": ""IMP""}, {""go_id"": ""GO:0048227"", ""term_name"": ""plasma membrane to endosome transport"", ""namespace"": ""biological_process"", ""evidence"": ""IMP""}, {""go_id"": ""GO:0043547"", ""term_name"": ""positive regulation of GTPase activity"", ""namespace"": ""biological_process"", ""evidence"": ""IDA""}, {""go_id"": ""GO:0032486"", ""term_name"": ""Rap protein signal transduction"", ""namespace"": ""biological_process"", ""evidence"": ""IEP""}, {""go_id"": ""GO:0030100"", ""term_name"": ""regulation of endocytosis"", ""namespace"": ""biological_process"", ""evidence"": ""IMP""}, {""go_id"": ""GO:0032483"", ""term_name"": ""regulation of Rab protein signal transduction"", ""namespace"": ""biological_process"", ""evidence"": ""IEP""}]"
P41134,ID1_HUMAN,ID1,human,Homo sapiens (Human).,RecName: Full=DNA-binding protein inhibitor ID-1; AltName: Full=Class B basic helix-loop-helix protein 24; Short=bHLHb24; AltName: Full=Inhibitor of DNA binding 1; AltName: Full=Inhibitor of differentiation 1;,"Transcriptional regulator (lacking a basic DNA binding domain) which negatively regulates the basic helix-loop-helix (bHLH) transcription factors by forming heterodimers and inhibiting their DNA binding and transcriptional activity. Implicated in regulating a variety of cellular processes, including cellular growth, senescence, differentiation, apoptosis, angiogenesis, and neoplastic transformation. Inhibits skeletal muscle and cardiac myocyte differentiation. Regulates the circadian clock by repressing the transcriptional activator activity of the CLOCK-BMAL1 heterodimer (By similarity). {ECO:0000250}.",5,GO:0140416|transcription regulator inhibitor activity,GO:0043433|negative regulation of DNA-binding transcription factor activity; GO:0045892|negative regulation of DNA-templated transcription; GO:0000122|negative regulation of transcription by RNA polymerase II,GO:0005654|nucleoplasm,"[{""go_id"": ""GO:0005654"", ""term_name"": ""nucleoplasm"", ""namespace"": ""cellular_component"", ""evidence"": ""IDA""}, {""go_id"": ""GO:0140416"", ""term_name"": ""transcription regulator inhibitor activity"", ""namespace"": ""molecular_function"", ""evidence"": ""IDA""}, {""go_id"": ""GO:0043433"", ""term_name"": ""negative regulation of DNA-binding transcription factor activity"", ""namespace"": ""biological_process"", ""evidence"": ""IDA""}, {""go_id"": ""GO:0045892"", ""term_name"": ""negative regulation of DNA-templated transcription"", ""namespace"": ""biological_process"", ""evidence"": ""IDA""}, {""go_id"": ""GO:0000122"", ""term_name"": ""negative regulation of transcription by RNA polymerase II"", ""namespace"": ""biological_process"", ""evidence"": ""IDA""}]"
Q9Y6N9,USH1C_HUMAN,USH1C,human,Homo sapiens (Human).,RecName: Full=Harmonin; AltName: Full=Antigen NY-CO-38/NY-CO-37; AltName: Full=Autoimmune enteropathy-related antigen AIE-75; AltName: Full=Protein PDZ-73; AltName: Full=Renal carcinoma antigen NY-REN-3; AltName: Full=Usher syndrome type-1C protein;,"Anchoring/scaffolding protein that is a part of the functional network formed by USH1C, USH1G, CDH23 and MYO7A that mediates mechanotransduction in cochlear hair cells. Required for normal development and maintenance of cochlear hair cell bundles (By similarity). As part of the intermicrovillar adhesion complex/IMAC plays a role in brush border differentiation, controlling microvilli organization and length. Probably plays a central regulatory role in the assembly of the complex, recruiting CDHR2, CDHR5 and MYO7B to the microvilli tips (PubMed:24725409, PubMed:26812018). {ECO:0000250|UniProtKB:Q9ES64, ECO:0000269|PubMed:24725409, ECO:0000269|PubMed:26812018}.",14,GO:0030507|spectrin binding,GO:1904970|brush border assembly; GO:0050957|equilibrioception; GO:0000086|G2/M transition of mitotic cell cycle; GO:0045494|photoreceptor cell maintenance; GO:1904106|protein localization to microvillus; GO:0065003|protein-containing complex assembly; GO:0050953|sensory perception of light stimulus; GO:0007605|sensory perception of sound,GO:0045177|apical part of cell; GO:0005903|brush border; GO:0005737|cytoplasm; GO:0005829|cytosol; GO:0005902|microvillus,"[{""go_id"": ""GO:0045177"", ""term_name"": ""apical part of cell"", ""namespace"": ""cellular_component"", ""evidence"": ""IDA""}, {""go_id"": ""GO:0005903"", ""term_name"": ""brush border"", ""namespace"": ""cellular_component"", ""evidence"": ""IDA""}, {""go_id"": ""GO:0005737"", ""term_name"": ""cytoplasm"", ""namespace"": ""cellular_component"", ""evidence"": ""IDA""}, {""go_id"": ""GO:0005829"", ""term_name"": ""cytosol"", ""namespace"": ""cellular_component"", ""evidence"": ""IDA""}, {""go_id"": ""GO:0005902"", ""term_name"": ""microvillus"", ""namespace"": ""cellular_component"", ""evidence"": ""IDA""}, {""go_id"": ""GO:0030507"", ""term_name"": ""spectrin binding"", ""namespace"": ""molecular_function"", ""evidence"": ""IDA""}, {""go_id"": ""GO:1904970"", ""term_name"": ""brush border assembly"", ""namespace"": ""biological_process"", ""evidence"": ""IDA""}, {""go_id"": ""GO:0050957"", ""term_name"": ""equilibrioception"", ""namespace"": ""biological_process"", ""evidence"": ""IMP""}, {""go_id"": ""GO:0000086"", ""term_name"": ""G2/M transition of mitotic cell cycle"", ""namespace"": ""biological_process"", ""evidence"": ""IMP""}, {""go_id"": ""GO:0045494"", ""term_name"": ""photoreceptor cell maintenance"", ""namespace"": ""biological_process"", ""evidence"": ""IMP""}, {""go_id"": ""GO:1904106"", ""term_name"": ""protein localization to microvillus"", ""namespace"": ""biological_process"", ""evidence"": ""IMP""}, {""go_id"": ""GO:0065003"", ""term_name"": ""protein-containing complex assembly"", ""namespace"": ""biological_process"", ""evidence"": ""IDA""}, {""go_id"": ""GO:0050953"", ""term_name"": ""sensory perception of light stimulus"", ""namespace"": ""biological_process"", ""evidence"": ""IMP""}, {""go_id"": ""GO:0007605"", ""term_name"": ""sensory perception of sound"", ""namespace"": ""biological_process"", ""evidence"": ""IMP""}]"
Q16820,MEP1B_HUMAN,MEP1B,human,Homo sapiens (Human).,RecName: Full=Meprin A subunit beta; EC=3.4.24.63 {ECO:0000269|PubMed:34125978}; AltName: Full=Endopeptidase-2; AltName: Full=Meprin B; AltName: Full=N-benzoyl-L-tyrosyl-P-amino-benzoic acid hydrolase subunit beta; AltName: Full=PABA peptide hydrolase; AltName: Full=PPH beta; Flags: Precursor;,"Membrane metallopeptidase that sheds many membrane-bound proteins. Exhibits a strong preference for acidic amino acids at the P1' position. Known substrates include: FGF19, VGFA, IL1B, IL18, procollagen I and III, E-cadherin, KLK7, gastrin, ADAM10, tenascin-C. The presence of several pro-inflammatory cytokine among substrates implicate MEP1B in inflammation. It is also involved in tissue remodeling due to its capability to degrade extracellular matrix components. Also cleaves the amyloid precursor protein/APP, thereby releasing neurotoxic amyloid beta peptides (PubMed:27180357). {ECO:0000269|PubMed:21693781, ECO:0000269|PubMed:27180357}.",3,GO:0042802|identical protein binding,,GO:0017090|meprin A complex; GO:0005886|plasma membrane,"[{""go_id"": ""GO:0017090"", ""term_name"": ""meprin A complex"", ""namespace"": ""cellular_component"", ""evidence"": ""IDA""}, {""go_id"": ""GO:0005886"", ""term_name"": ""plasma membrane"", ""namespace"": ""cellular_component"", ""evidence"": ""IDA""}, {""go_id"": ""GO:0042802"", ""term_name"": ""identical protein binding"", ""namespace"": ""molecular_function"", ""evidence"": ""IPI""}]"
P56750,CLD17_HUMAN,CLD17,human,Homo sapiens (Human).,RecName: Full=Claudin-17;,"Channel-forming tight junction protein with selectivity for anions, including chloride and hydrogencarbonate, and for solutes smaller than 9 Angstrom in diameter. In the kidney proximal tubule, may be involved in paracellular reabsorption of filtered anions. Does not affect water permeability. {ECO:0000269|PubMed:22402829, ECO:0000269|PubMed:26194246}.",5,GO:0015267|channel activity; GO:0160187|paracellular tight junction channel activity,GO:0160184|paracellular transport,GO:0005886|plasma membrane; GO:0070160|tight junction,"[{""go_id"": ""GO:0005886"", ""term_name"": ""plasma membrane"", ""namespace"": ""cellular_component"", ""evidence"": ""IDA""}, {""go_id"": ""GO:0070160"", ""term_name"": ""tight junction"", ""namespace"": ""cellular_component"", ""evidence"": ""IDA""}, {""go_id"": ""GO:0015267"", ""term_name"": ""channel activity"", ""namespace"": ""molecular_function"", ""evidence"": ""IDA""}, {""go_id"": ""GO:0160187"", ""term_name"": ""paracellular tight junction channel activity"", ""namespace"": ""molecular_function"", ""evidence"": ""IDA""}, {""go_id"": ""GO:0160184"", ""term_name"": ""paracellular transport"", ""namespace"": ""biological_process"", ""evidence"": ""IDA""}]"
Q13557,KCC2D_HUMAN,KCC2D,human,Homo sapiens (Human).,RecName: Full=Calcium/calmodulin-dependent protein kinase type II subunit delta; Short=CaM kinase II subunit delta; Short=CaMK-II subunit delta; EC=2.7.11.17;,"Calcium/calmodulin-dependent protein kinase involved in the regulation of Ca(2+) homeostatis and excitation-contraction coupling (ECC) in heart by targeting ion channels, transporters and accessory proteins involved in Ca(2+) influx into the myocyte, Ca(2+) release from the sarcoplasmic reticulum (SR), SR Ca(2+) uptake and Na(+) and K(+) channel transport. Targets also transcription factors and signaling molecules to regulate heart function. In its activated form, is involved in the pathogenesis of dilated cardiomyopathy and heart failure. Contributes to cardiac decompensation and heart failure by regulating SR Ca(2+) release via direct phosphorylation of RYR2 Ca(2+) channel on 'Ser-2808'. In the nucleus, phosphorylates the MEF2 repressor HDAC4, promoting its nuclear export and binding to 14-3-3 protein, and expression of MEF2 and genes involved in the hypertrophic program (PubMed:17179159). Is essential for left ventricular remodeling responses to myocardial infarction. In pathological myocardial remodeling acts downstream of the beta adrenergic receptor signaling cascade to regulate key proteins involved in ECC. Regulates Ca(2+) influx to myocytes by binding and phosphorylating the L-type Ca(2+) channel subunit beta-2 CACNB2. In addition to Ca(2+) channels, can target and regulate the cardiac sarcolemmal Na(+) channel Nav1.5/SCN5A and the K+ channel Kv4.3/KCND3, which contribute to arrhythmogenesis in heart failure. Phosphorylates phospholamban (PLN/PLB), an endogenous inhibitor of SERCA2A/ATP2A2, contributing to the enhancement of SR Ca(2+) uptake that may be important in frequency-dependent acceleration of relaxation (FDAR) and maintenance of contractile function during acidosis (PubMed:16690701). May participate in the modulation of skeletal muscle function in response to exercise, by regulating SR Ca(2+) transport through phosphorylation of PLN/PLB and triadin, a ryanodine receptor-coupling factor. In response to interferon-gamma (IFN-gamma) stimulation, catalyzes phosphorylation of STAT1, stimulating the JAK-STAT signaling pathway (By similarity). {ECO:0000250|UniProtKB:Q6PHZ2, ECO:0000269|PubMed:16690701, ECO:0000269|PubMed:17179159}.",16,GO:0004683|calcium/calmodulin-dependent protein kinase activity; GO:0005516|calmodulin binding; GO:0042802|identical protein binding; GO:0042803|protein homodimerization activity; GO:0004674|protein serine/threonine kinase activity; GO:0019871|sodium channel inhibitor activity; GO:0031432|titin binding; GO:0044325|transmembrane transporter binding,GO:1902306|negative regulation of sodium ion transmembrane transport; GO:0010613|positive regulation of cardiac muscle hypertrophy; GO:0006468|protein phosphorylation; GO:0060341|regulation of cellular localization; GO:0003254|regulation of membrane depolarization; GO:1901897|regulation of relaxation of cardiac muscle,GO:0005954|calcium- and calmodulin-dependent protein kinase complex; GO:0016020|membrane,"[{""go_id"": ""GO:0005954"", ""term_name"": ""calcium- and calmodulin-dependent protein kinase complex"", ""namespace"": ""cellular_component"", ""evidence"": ""IDA""}, {""go_id"": ""GO:0016020"", ""term_name"": ""membrane"", ""namespace"": ""cellular_component"", ""evidence"": ""HDA""}, {""go_id"": ""GO:0004683"", ""term_name"": ""calcium/calmodulin-dependent protein kinase activity"", ""namespace"": ""molecular_function"", ""evidence"": ""IDA""}, {""go_id"": ""GO:0005516"", ""term_name"": ""calmodulin binding"", ""namespace"": ""molecular_function"", ""evidence"": ""IPI""}, {""go_id"": ""GO:0042802"", ""term_name"": ""identical protein binding"", ""namespace"": ""molecular_function"", ""evidence"": ""IPI""}, {""go_id"": ""GO:0042803"", ""term_name"": ""protein homodimerization activity"", ""namespace"": ""molecular_function"", ""evidence"": ""IPI""}, {""go_id"": ""GO:0004674"", ""term_name"": ""protein serine/threonine kinase activity"", ""namespace"": ""molecular_function"", ""evidence"": ""IDA""}, {""go_id"": ""GO:0019871"", ""term_name"": ""sodium channel inhibitor activity"", ""namespace"": ""molecular_function"", ""evidence"": ""IDA""}, {""go_id"": ""GO:0031432"", ""term_name"": ""titin binding"", ""namespace"": ""molecular_function"", ""evidence"": ""IPI""}, {""go_id"": ""GO:0044325"", ""term_name"": ""transmembrane transporter binding"", ""namespace"": ""molecular_function"", ""evidence"": ""IPI""}, {""go_id"": ""GO:1902306"", ""term_name"": ""negative regulation of sodium ion transmembrane transport"", ""namespace"": ""biological_process"", ""evidence"": ""IDA""}, {""go_id"": ""GO:0010613"", ""term_name"": ""positive regulation of cardiac muscle hypertrophy"", ""namespace"": ""biological_process"", ""evidence"": ""IMP""}, {""go_id"": ""GO:0006468"", ""term_name"": ""protein phosphorylation"", ""namespace"": ""biological_process"", ""evidence"": ""IDA""}, {""go_id"": ""GO:0060341"", ""term_name"": ""regulation of cellular localization"", ""namespace"": ""biological_process"", ""evidence"": ""IMP""}, {""go_id"": ""GO:0003254"", ""term_name"": ""regulation of membrane depolarization"", ""namespace"": ""biological_process"", ""evidence"": ""IDA""}, {""go_id"": ""GO:1901897"", ""term_name"": ""regulation of relaxation of cardiac muscle"", ""namespace"": ""biological_process"", ""evidence"": ""IDA""}]"
P12273,PIP_HUMAN,PIP,human,Homo sapiens (Human).,RecName: Full=Prolactin-inducible protein; AltName: Full=Gross cystic disease fluid protein 15; Short=GCDFP-15; AltName: Full=Prolactin-induced protein; AltName: Full=Secretory actin-binding protein; Short=SABP; AltName: Full=gp17; Flags: Precursor;,,10,GO:0004190|aspartic-type endopeptidase activity; GO:0042802|identical protein binding; GO:0019864|IgG binding,GO:0001580|detection of chemical stimulus involved in sensory perception of bitter taste; GO:0070233|negative regulation of T cell apoptotic process; GO:0010628|positive regulation of gene expression; GO:0006508|proteolysis,GO:0070062|extracellular exosome; GO:0005615|extracellular space; GO:0005634|nucleus,"[{""go_id"": ""GO:0070062"", ""term_name"": ""extracellular exosome"", ""namespace"": ""cellular_component"", ""evidence"": ""HDA""}, {""go_id"": ""GO:0005615"", ""term_name"": ""extracellular space"", ""namespace"": ""cellular_component"", ""evidence"": ""IDA""}, {""go_id"": ""GO:0005634"", ""term_name"": ""nucleus"", ""namespace"": ""cellular_component"", ""evidence"": ""IDA""}, {""go_id"": ""GO:0004190"", ""term_name"": ""aspartic-type endopeptidase activity"", ""namespace"": ""molecular_function"", ""evidence"": ""IMP""}, {""go_id"": ""GO:0042802"", ""term_name"": ""identical protein binding"", ""namespace"": ""molecular_function"", ""evidence"": ""IPI""}, {""go_id"": ""GO:0019864"", ""term_name"": ""IgG binding"", ""namespace"": ""molecular_function"", ""evidence"": ""IDA""}, {""go_id"": ""GO:0001580"", ""term_name"": ""detection of chemical stimulus involved in sensory perception of bitter taste"", ""namespace"": ""biological_process"", ""evidence"": ""IDA""}, {""go_id"": ""GO:0070233"", ""term_name"": ""negative regulation of T cell apoptotic process"", ""namespace"": ""biological_process"", ""evidence"": ""IMP""}, {""go_id"": ""GO:0010628"", ""term_name"": ""positive regulation of gene expression"", ""namespace"": ""biological_process"", ""evidence"": ""IDA""}, {""go_id"": ""GO:0006508"", ""term_name"": ""proteolysis"", ""namespace"": ""biological_process"", ""evidence"": ""IMP""}]"
P31689,DNJA1_HUMAN,DNJA1,human,Homo sapiens (Human).,RecName: Full=DnaJ homolog subfamily A member 1; AltName: Full=DnaJ protein homolog 2; AltName: Full=HSDJ; AltName: Full=Heat shock 40 kDa protein 4; AltName: Full=Heat shock protein J2; Short=HSJ-2; AltName: Full=Human DnaJ protein 2; Short=hDj-2; Flags: Precursor;,"Co-chaperone for HSPA8/Hsc70 (PubMed:10816573). Stimulates ATP hydrolysis, but not the folding of unfolded proteins mediated by HSPA1A (in vitro) (PubMed:24318877). Plays a role in protein transport into mitochondria via its role as co-chaperone. Functions as a co- chaperone for HSPA1B and negatively regulates the translocation of BAX from the cytosol to mitochondria in response to cellular stress, thereby protecting cells against apoptosis (PubMed:14752510). Promotes apoptosis in response to cellular stress mediated by exposure to anisomycin or UV (PubMed:24512202). {ECO:0000269|PubMed:10816573, ECO:0000269|PubMed:14752510, ECO:0000269|PubMed:24318877, ECO:0000269|PubMed:24512202, ECO:0000269|PubMed:9192730}.",20,GO:0001671|ATPase activator activity; GO:0055131|C3HC4-type RING finger domain binding; GO:0001664|G protein-coupled receptor binding; GO:0030544|Hsp70 protein binding; GO:0050750|low-density lipoprotein particle receptor binding; GO:0051087|protein-folding chaperone binding; GO:0030957|Tat protein binding; GO:0031625|ubiquitin protein ligase binding,GO:0043066|negative regulation of apoptotic process; GO:1903748|negative regulation of establishment of protein localization to mitochondrion; GO:0043508|negative regulation of JUN kinase activity; GO:1905259|negative regulation of nitrosative stress-induced intrinsic apoptotic signaling pathway; GO:0031397|negative regulation of protein ubiquitination; GO:0043065|positive regulation of apoptotic process; GO:0070585|protein localization to mitochondrion; GO:0051223|regulation of protein transport,GO:0005829|cytosol; GO:0070062|extracellular exosome; GO:0016020|membrane; GO:0015630|microtubule cytoskeleton,"[{""go_id"": ""GO:0005829"", ""term_name"": ""cytosol"", ""namespace"": ""cellular_component"", ""evidence"": ""IDA""}, {""go_id"": ""GO:0070062"", ""term_name"": ""extracellular exosome"", ""namespace"": ""cellular_component"", ""evidence"": ""HDA""}, {""go_id"": ""GO:0016020"", ""term_name"": ""membrane"", ""namespace"": ""cellular_component"", ""evidence"": ""IDA""}, {""go_id"": ""GO:0015630"", ""term_name"": ""microtubule cytoskeleton"", ""namespace"": ""cellular_component"", ""evidence"": ""IDA""}, {""go_id"": ""GO:0001671"", ""term_name"": ""ATPase activator activity"", ""namespace"": ""molecular_function"", ""evidence"": ""IDA""}, {""go_id"": ""GO:0055131"", ""term_name"": ""C3HC4-type RING finger domain binding"", ""namespace"": ""molecular_function"", ""evidence"": ""IPI""}, {""go_id"": ""GO:0001664"", ""term_name"": ""G protein-coupled receptor binding"", ""namespace"": ""molecular_function"", ""evidence"": ""IPI""}, {""go_id"": ""GO:0030544"", ""term_name"": ""Hsp70 protein binding"", ""namespace"": ""molecular_function"", ""evidence"": ""IDA""}, {""go_id"": ""GO:0050750"", ""term_name"": ""low-density lipoprotein particle receptor binding"", ""namespace"": ""molecular_function"", ""evidence"": ""IDA""}, {""go_id"": ""GO:0051087"", ""term_name"": ""protein-folding chaperone binding"", ""namespace"": ""molecular_function"", ""evidence"": ""IDA""}, {""go_id"": ""GO:0030957"", ""term_name"": ""Tat protein binding"", ""namespace"": ""molecular_function"", ""evidence"": ""IPI""}, {""go_id"": ""GO:0031625"", ""term_name"": ""ubiquitin protein ligase binding"", ""namespace"": ""molecular_function"", ""evidence"": ""IPI""}, {""go_id"": ""GO:0043066"", ""term_name"": ""negative regulation of apoptotic process"", ""namespace"": ""biological_process"", ""evidence"": ""IMP""}, {""go_id"": ""GO:1903748"", ""term_name"": ""negative regulation of establishment of protein localization to mitochondrion"", ""namespace"": ""biological_process"", ""evidence"": ""IDA""}, {""go_id"": ""GO:0043508"", ""term_name"": ""negative regulation of JUN kinase activity"", ""namespace"": ""biological_process"", ""evidence"": ""IMP""}, {""go_id"": ""GO:1905259"", ""term_name"": ""negative regulation of nitrosative stress-induced intrinsic apoptotic signaling pathway"", ""namespace"": ""biological_process"", ""evidence"": ""IDA""}, {""go_id"": ""GO:0031397"", ""term_name"": ""negative regulation of protein ubiquitination"", ""namespace"": ""biological_process"", ""evidence"": ""IDA""}, {""go_id"": ""GO:0043065"", ""term_name"": ""positive regulation of apoptotic process"", ""namespace"": ""biological_process"", ""evidence"": ""IMP""}, {""go_id"": ""GO:0070585"", ""term_name"": ""protein localization to mitochondrion"", ""namespace"": ""biological_process"", ""evidence"": ""IMP""}, {""go_id"": ""GO:0051223"", ""term_name"": ""regulation of protein transport"", ""namespace"": ""biological_process"", ""evidence"": ""IDA""}]"
Q92786,PROX1_HUMAN,PROX1,human,Homo sapiens (Human).,RecName: Full=Prospero homeobox protein 1; AltName: Full=Homeobox prospero-like protein PROX1; Short=PROX-1;,"Transcription factor involved in developmental processes such as cell fate determination, gene transcriptional regulation and progenitor cell regulation in a number of organs. Plays a critical role in embryonic development and functions as a key regulatory protein in neurogenesis and the development of the heart, eye lens, liver, pancreas and the lymphatic system. Involved in the regulation of the circadian rhythm. Represses: transcription of the retinoid-related orphan receptor RORG, transcriptional activator activity of RORA and RORG and the expression of RORA/G-target genes including core clock components: BMAL1, NPAS2 and CRY1 and metabolic genes: AVPR1A and ELOVL3. {ECO:0000269|PubMed:23723244, ECO:0000303|PubMed:22733308}.",36,"GO:0003677|DNA binding; GO:0050692|DNA binding domain binding; GO:0001228|DNA-binding transcription activator activity, RNA polymerase II-specific; GO:0001227|DNA-binding transcription repressor activity, RNA polymerase II-specific; GO:0050693|LBD domain binding; GO:0016922|nuclear receptor binding; GO:1990837|sequence-specific double-stranded DNA binding; GO:0000976|transcription cis-regulatory region binding",GO:0007420|brain development; GO:0060059|embryonic retina morphogenesis in camera-type eye; GO:0070365|hepatocyte differentiation; GO:0001822|kidney development; GO:0002088|lens development in camera-type eye; GO:0070309|lens fiber cell morphogenesis; GO:0001889|liver development; GO:0030324|lung development; GO:0001946|lymphangiogenesis; GO:0060836|lymphatic endothelial cell differentiation; GO:0060838|lymphatic endothelial cell fate commitment; GO:0070858|negative regulation of bile acid biosynthetic process; GO:0008285|negative regulation of cell population proliferation; GO:0045892|negative regulation of DNA-templated transcription; GO:0000122|negative regulation of transcription by RNA polymerase II; GO:0045071|negative regulation of viral genome replication; GO:0031016|pancreas development; GO:0008284|positive regulation of cell population proliferation; GO:0010595|positive regulation of endothelial cell migration; GO:0001938|positive regulation of endothelial cell proliferation; GO:0045944|positive regulation of transcription by RNA polymerase II; GO:1900748|positive regulation of vascular endothelial growth factor signaling pathway; GO:0042752|regulation of circadian rhythm; GO:0010468|regulation of gene expression,GO:0005737|cytoplasm; GO:0005829|cytosol; GO:0005654|nucleoplasm; GO:0005634|nucleus,"[{""go_id"": ""GO:0005737"", ""term_name"": ""cytoplasm"", ""namespace"": ""cellular_component"", ""evidence"": ""IDA""}, {""go_id"": ""GO:0005829"", ""term_name"": ""cytosol"", ""namespace"": ""cellular_component"", ""evidence"": ""IDA""}, {""go_id"": ""GO:0005654"", ""term_name"": ""nucleoplasm"", ""namespace"": ""cellular_component"", ""evidence"": ""IDA""}, {""go_id"": ""GO:0005634"", ""term_name"": ""nucleus"", ""namespace"": ""cellular_component"", ""evidence"": ""IDA""}, {""go_id"": ""GO:0003677"", ""term_name"": ""DNA binding"", ""namespace"": ""molecular_function"", ""evidence"": ""IMP""}, {""go_id"": ""GO:0050692"", ""term_name"": ""DNA binding domain binding"", ""namespace"": ""molecular_function"", ""evidence"": ""IPI""}, {""go_id"": ""GO:0001228"", ""term_name"": ""DNA-binding transcription activator activity, RNA polymerase II-specific"", ""namespace"": ""molecular_function"", ""evidence"": ""IDA""}, {""go_id"": ""GO:0001227"", ""term_name"": ""DNA-binding transcription repressor activity, RNA polymerase II-specific"", ""namespace"": ""molecular_function"", ""evidence"": ""IDA""}, {""go_id"": ""GO:0050693"", ""term_name"": ""LBD domain binding"", ""namespace"": ""molecular_function"", ""evidence"": ""IPI""}, {""go_id"": ""GO:0016922"", ""term_name"": ""nuclear receptor binding"", ""namespace"": ""molecular_function"", ""evidence"": ""IPI""}, {""go_id"": ""GO:1990837"", ""term_name"": ""sequence-specific double-stranded DNA binding"", ""namespace"": ""molecular_function"", ""evidence"": ""IDA""}, {""go_id"": ""GO:0000976"", ""term_name"": ""transcription cis-regulatory region binding"", ""namespace"": ""molecular_function"", ""evidence"": ""IDA""}, {""go_id"": ""GO:0007420"", ""term_name"": ""brain development"", ""namespace"": ""biological_process"", ""evidence"": ""IEP""}, {""go_id"": ""GO:0060059"", ""term_name"": ""embryonic retina morphogenesis in camera-type eye"", ""namespace"": ""biological_process"", ""evidence"": ""IEP""}, {""go_id"": ""GO:0070365"", ""term_name"": ""hepatocyte differentiation"", ""namespace"": ""biological_process"", ""evidence"": ""IEP""}, {""go_id"": ""GO:0001822"", ""term_name"": ""kidney development"", ""namespace"": ""biological_process"", ""evidence"": ""IEP""}, {""go_id"": ""GO:0002088"", ""term_name"": ""lens development in camera-type eye"", ""namespace"": ""biological_process"", ""evidence"": ""IEP""}, {""go_id"": ""GO:0070309"", ""term_name"": ""lens fiber cell morphogenesis"", ""namespace"": ""biological_process"", ""evidence"": ""IEP""}, {""go_id"": ""GO:0001889"", ""term_name"": ""liver development"", ""namespace"": ""biological_process"", ""evidence"": ""IEP""}, {""go_id"": ""GO:0030324"", ""term_name"": ""lung development"", ""namespace"": ""biological_process"", ""evidence"": ""IEP""}, {""go_id"": ""GO:0001946"", ""term_name"": ""lymphangiogenesis"", ""namespace"": ""biological_process"", ""evidence"": ""IDA""}, {""go_id"": ""GO:0060836"", ""term_name"": ""lymphatic endothelial cell differentiation"", ""namespace"": ""biological_process"", ""evidence"": ""IDA""}, {""go_id"": ""GO:0060838"", ""term_name"": ""lymphatic endothelial cell fate commitment"", ""namespace"": ""biological_process"", ""evidence"": ""IMP""}, {""go_id"": ""GO:0070858"", ""term_name"": ""negative regulation of bile acid biosynthetic process"", ""namespace"": ""biological_process"", ""evidence"": ""IMP""}, {""go_id"": ""GO:0008285"", ""term_name"": ""negative regulation of cell population proliferation"", ""namespace"": ""biological_process"", ""evidence"": ""IMP""}, {""go_id"": ""GO:0045892"", ""term_name"": ""negative regulation of DNA-templated transcription"", ""namespace"": ""biological_process"", ""evidence"": ""IDA""}, {""go_id"": ""GO:0000122"", ""term_name"": ""negative regulation of transcription by RNA polymerase II"", ""namespace"": ""biological_process"", ""evidence"": ""IDA""}, {""go_id"": ""GO:0045071"", ""term_name"": ""negative regulation of viral genome replication"", ""namespace"": ""biological_process"", ""evidence"": ""IDA""}, {""go_id"": ""GO:0031016"", ""term_name"": ""pancreas development"", ""namespace"": ""biological_process"", ""evidence"": ""IEP""}, {""go_id"": ""GO:0008284"", ""term_name"": ""positive regulation of cell population proliferation"", ""namespace"": ""biological_process"", ""evidence"": ""IDA""}, {""go_id"": ""GO:0010595"", ""term_name"": ""positive regulation of endothelial cell migration"", ""namespace"": ""biological_process"", ""evidence"": ""IDA""}, {""go_id"": ""GO:0001938"", ""term_name"": ""positive regulation of endothelial cell proliferation"", ""namespace"": ""biological_process"", ""evidence"": ""IDA""}, {""go_id"": ""GO:0045944"", ""term_name"": ""positive regulation of transcription by RNA polymerase II"", ""namespace"": ""biological_process"", ""evidence"": ""IMP""}, {""go_id"": ""GO:1900748"", ""term_name"": ""positive regulation of vascular endothelial growth factor signaling pathway"", ""namespace"": ""biological_process"", ""evidence"": ""IMP""}, {""go_id"": ""GO:0042752"", ""term_name"": ""regulation of circadian rhythm"", ""namespace"": ""biological_process"", ""evidence"": ""IMP""}, {""go_id"": ""GO:0010468"", ""term_name"": ""regulation of gene expression"", ""namespace"": ""biological_process"", ""evidence"": ""IDA""}]"
P04217,A1BG_HUMAN,A1BG,human,Homo sapiens (Human).,RecName: Full=Alpha-1B-glycoprotein; AltName: Full=Alpha-1-B glycoprotein; Flags: Precursor;,,4,,,GO:0072562|blood microparticle; GO:0070062|extracellular exosome; GO:0005576|extracellular region; GO:0005615|extracellular space,"[{""go_id"": ""GO:0072562"", ""term_name"": ""blood microparticle"", ""namespace"": ""cellular_component"", ""evidence"": ""HDA""}, {""go_id"": ""GO:0070062"", ""term_name"": ""extracellular exosome"", ""namespace"": ""cellular_component"", ""evidence"": ""HDA""}, {""go_id"": ""GO:0005576"", ""term_name"": ""extracellular region"", ""namespace"": ""cellular_component"", ""evidence"": ""IDA""}, {""go_id"": ""GO:0005615"", ""term_name"": ""extracellular space"", ""namespace"": ""cellular_component"", ""evidence"": ""HDA""}]"
P19367,HXK1_HUMAN,HXK1,human,Homo sapiens (Human).,RecName: Full=Hexokinase-1 {ECO:0000305}; EC=2.7.1.1 {ECO:0000269|PubMed:1637300}; AltName: Full=Brain form hexokinase {ECO:0000303|PubMed:8706938}; AltName: Full=Hexokinase type I {ECO:0000303|PubMed:9531504}; Short=HK I {ECO:0000303|PubMed:9531504}; AltName: Full=Hexokinase-A {ECO:0000250|UniProtKB:P05708};,"Catalyzes the phosphorylation of various hexoses, such as D- glucose, D-glucosamine, D-fructose, D-mannose and 2-deoxy-D-glucose, to hexose 6-phosphate (D-glucose 6-phosphate, D-glucosamine 6-phosphate, D-fructose 6-phosphate, D-mannose 6-phosphate and 2-deoxy-D-glucose 6- phosphate, respectively) (PubMed:1637300, PubMed:25316723, PubMed:27374331). Does not phosphorylate N-acetyl-D-glucosamine (PubMed:27374331). Mediates the initial step of glycolysis by catalyzing phosphorylation of D-glucose to D-glucose 6-phosphate (By similarity). Involved in innate immunity and inflammation by acting as a pattern recognition receptor for bacterial peptidoglycan (PubMed:27374331). When released in the cytosol, N-acetyl-D-glucosamine component of bacterial peptidoglycan inhibits the hexokinase activity of HK1 and causes its dissociation from mitochondrial outer membrane, thereby activating the NLRP3 inflammasome (PubMed:27374331). {ECO:0000250|UniProtKB:P05708, ECO:0000269|PubMed:1637300, ECO:0000269|PubMed:25316723, ECO:0000269|PubMed:27374331}.",7,GO:0004396|hexokinase activity; GO:0019158|mannokinase activity; GO:0042834|peptidoglycan binding,GO:0046835|carbohydrate phosphorylation; GO:0072655|establishment of protein localization to mitochondrion; GO:0072656|maintenance of protein location in mitochondrion,GO:0005739|mitochondrion,"[{""go_id"": ""GO:0005739"", ""term_name"": ""mitochondrion"", ""namespace"": ""cellular_component"", ""evidence"": ""IDA""}, {""go_id"": ""GO:0004396"", ""term_name"": ""hexokinase activity"", ""namespace"": ""molecular_function"", ""evidence"": ""IMP""}, {""go_id"": ""GO:0019158"", ""term_name"": ""mannokinase activity"", ""namespace"": ""molecular_function"", ""evidence"": ""EXP""}, {""go_id"": ""GO:0042834"", ""term_name"": ""peptidoglycan binding"", ""namespace"": ""molecular_function"", ""evidence"": ""IDA""}, {""go_id"": ""GO:0046835"", ""term_name"": ""carbohydrate phosphorylation"", ""namespace"": ""biological_process"", ""evidence"": ""IMP""}, {""go_id"": ""GO:0072655"", ""term_name"": ""establishment of protein localization to mitochondrion"", ""namespace"": ""biological_process"", ""evidence"": ""IMP""}, {""go_id"": ""GO:0072656"", ""term_name"": ""maintenance of protein location in mitochondrion"", ""namespace"": ""biological_process"", ""evidence"": ""IMP""}]"
P62875,RPAB5_HUMAN,RPAB5,human,Homo sapiens (Human).,"RecName: Full=DNA-directed RNA polymerases I, II, and III subunit RPABC5; Short=RNA polymerases I, II, and III subunit ABC5; AltName: Full=DNA-directed RNA polymerase III subunit L; AltName: Full=RNA polymerase II 7.6 kDa subunit; Short=RPB7.6; AltName: Full=RPB10 homolog;","DNA-dependent RNA polymerase catalyzes the transcription of DNA into RNA using the four ribonucleoside triphosphates as substrates. Common component of RNA polymerases I, II and III which synthesize ribosomal RNA precursors, mRNA precursors and many functional non- coding RNAs, and a small RNAs, such as 5S rRNA and tRNAs, respectively. {ECO:0000250, ECO:0000250|UniProtKB:P22139, ECO:0000269|PubMed:16809778, ECO:0000269|PubMed:20413673, ECO:0000269|PubMed:27193682, ECO:0000269|PubMed:30190596, ECO:0000269|PubMed:34671025, ECO:0000269|PubMed:34887565, ECO:0000269|PubMed:36271492, ECO:0000269|PubMed:9852112}.",7,GO:0008270|zinc ion binding,GO:0006366|transcription by RNA polymerase II,"GO:0005654|nucleoplasm; GO:0005634|nucleus; GO:0005736|RNA polymerase I complex; GO:0005665|RNA polymerase II, core complex; GO:0005666|RNA polymerase III complex","[{""go_id"": ""GO:0005654"", ""term_name"": ""nucleoplasm"", ""namespace"": ""cellular_component"", ""evidence"": ""IDA""}, {""go_id"": ""GO:0005634"", ""term_name"": ""nucleus"", ""namespace"": ""cellular_component"", ""evidence"": ""IDA""}, {""go_id"": ""GO:0005736"", ""term_name"": ""RNA polymerase I complex"", ""namespace"": ""cellular_component"", ""evidence"": ""IDA""}, {""go_id"": ""GO:0005665"", ""term_name"": ""RNA polymerase II, core complex"", ""namespace"": ""cellular_component"", ""evidence"": ""IDA""}, {""go_id"": ""GO:0005666"", ""term_name"": ""RNA polymerase III complex"", ""namespace"": ""cellular_component"", ""evidence"": ""IDA""}, {""go_id"": ""GO:0008270"", ""term_name"": ""zinc ion binding"", ""namespace"": ""molecular_function"", ""evidence"": ""IDA""}, {""go_id"": ""GO:0006366"", ""term_name"": ""transcription by RNA polymerase II"", ""namespace"": ""biological_process"", ""evidence"": ""IDA""}]"
P08246,ELNE_HUMAN,ELNE,human,Homo sapiens (Human).,RecName: Full=Neutrophil elastase; EC=3.4.21.37 {ECO:0000269|PubMed:36899106}; AltName: Full=Bone marrow serine protease; AltName: Full=Elastase-2; AltName: Full=Human leukocyte elastase; Short=HLE; AltName: Full=Medullasin; AltName: Full=PMN elastase; Flags: Precursor;,"Serine protease that modifies the functions of natural killer cells, monocytes and granulocytes. Inhibits C5a-dependent neutrophil enzyme release and chemotaxis (PubMed:15140022). Promotes cleavage of GSDMB, thereby inhibiting pyroptosis (PubMed:36899106). Promotes blood coagulation (PubMed:20676107). Through the activation of the platelet fibrinogen receptor integrin alpha-IIb/beta-3, potentiates platelet aggregation induced by a threshold concentration of cathepsin G (CTSG) (PubMed:25211214, PubMed:9111081). Cleaves and thus inactivates tissue factor pathway inhibitor (TFPI) (PubMed:20676107, PubMed:25211214). Capable of killing E.coli but not S.aureus in vitro; digests outer membrane protein A (ompA) in E.coli and K.pneumoniae (PubMed:10947984). {ECO:0000269|PubMed:10947984, ECO:0000269|PubMed:15140022, ECO:0000269|PubMed:20676107, ECO:0000269|PubMed:25211214, ECO:0000269|PubMed:36899106, ECO:0000269|PubMed:9111081}.",25,GO:0019955|cytokine binding; GO:0004175|endopeptidase activity; GO:0008201|heparin binding; GO:0008233|peptidase activity; GO:0002020|protease binding; GO:0004252|serine-type endopeptidase activity; GO:0003714|transcription corepressor activity,GO:0002812|biosynthetic process of antibacterial peptides active against Gram-negative bacteria; GO:0042742|defense response to bacterium; GO:0032682|negative regulation of chemokine production; GO:0032717|negative regulation of interleukin-8 production; GO:0000122|negative regulation of transcription by RNA polymerase II; GO:0070945|neutrophil-mediated killing of gram-negative bacterium; GO:0032757|positive regulation of interleukin-8 production; GO:0048661|positive regulation of smooth muscle cell proliferation; GO:0006508|proteolysis; GO:0009411|response to UV,GO:0009986|cell surface; GO:0005737|cytoplasm; GO:0070062|extracellular exosome; GO:0031012|extracellular matrix; GO:0005615|extracellular space; GO:0005794|Golgi apparatus; GO:0030141|secretory granule; GO:0017053|transcription repressor complex,"[{""go_id"": ""GO:0009986"", ""term_name"": ""cell surface"", ""namespace"": ""cellular_component"", ""evidence"": ""IDA""}, {""go_id"": ""GO:0005737"", ""term_name"": ""cytoplasm"", ""namespace"": ""cellular_component"", ""evidence"": ""IDA""}, {""go_id"": ""GO:0070062"", ""term_name"": ""extracellular exosome"", ""namespace"": ""cellular_component"", ""evidence"": ""HDA""}, {""go_id"": ""GO:0031012"", ""term_name"": ""extracellular matrix"", ""namespace"": ""cellular_component"", ""evidence"": ""HDA""}, {""go_id"": ""GO:0005615"", ""term_name"": ""extracellular space"", ""namespace"": ""cellular_component"", ""evidence"": ""IDA""}, {""go_id"": ""GO:0005794"", ""term_name"": ""Golgi apparatus"", ""namespace"": ""cellular_component"", ""evidence"": ""IDA""}, {""go_id"": ""GO:0030141"", ""term_name"": ""secretory granule"", ""namespace"": ""cellular_component"", ""evidence"": ""IDA""}, {""go_id"": ""GO:0017053"", ""term_name"": ""transcription repressor complex"", ""namespace"": ""cellular_component"", ""evidence"": ""IDA""}, {""go_id"": ""GO:0019955"", ""term_name"": ""cytokine binding"", ""namespace"": ""molecular_function"", ""evidence"": ""IPI""}, {""go_id"": ""GO:0004175"", ""term_name"": ""endopeptidase activity"", ""namespace"": ""molecular_function"", ""evidence"": ""IDA""}, {""go_id"": ""GO:0008201"", ""term_name"": ""heparin binding"", ""namespace"": ""molecular_function"", ""evidence"": ""IDA""}, {""go_id"": ""GO:0008233"", ""term_name"": ""peptidase activity"", ""namespace"": ""molecular_function"", ""evidence"": ""IDA""}, {""go_id"": ""GO:0002020"", ""term_name"": ""protease binding"", ""namespace"": ""molecular_function"", ""evidence"": ""IPI""}, {""go_id"": ""GO:0004252"", ""term_name"": ""serine-type endopeptidase activity"", ""namespace"": ""molecular_function"", ""evidence"": ""IDA""}, {""go_id"": ""GO:0003714"", ""term_name"": ""transcription corepressor activity"", ""namespace"": ""molecular_function"", ""evidence"": ""IMP""}, {""go_id"": ""GO:0002812"", ""term_name"": ""biosynthetic process of antibacterial peptides active against Gram-negative bacteria"", ""namespace"": ""biological_process"", ""evidence"": ""IDA""}, {""go_id"": ""GO:0042742"", ""term_name"": ""defense response to bacterium"", ""namespace"": ""biological_process"", ""evidence"": ""IDA""}, {""go_id"": ""GO:0032682"", ""term_name"": ""negative regulation of chemokine production"", ""namespace"": ""biological_process"", ""evidence"": ""IDA""}, {""go_id"": ""GO:0032717"", ""term_name"": ""negative regulation of interleukin-8 production"", ""namespace"": ""biological_process"", ""evidence"": ""IDA""}, {""go_id"": ""GO:0000122"", ""term_name"": ""negative regulation of transcription by RNA polymerase II"", ""namespace"": ""biological_process"", ""evidence"": ""IMP""}, {""go_id"": ""GO:0070945"", ""term_name"": ""neutrophil-mediated killing of gram-negative bacterium"", ""namespace"": ""biological_process"", ""evidence"": ""IDA""}, {""go_id"": ""GO:0032757"", ""term_name"": ""positive regulation of interleukin-8 production"", ""namespace"": ""biological_process"", ""evidence"": ""IDA""}, {""go_id"": ""GO:0048661"", ""term_name"": ""positive regulation of smooth muscle cell proliferation"", ""namespace"": ""biological_process"", ""evidence"": ""IDA""}, {""go_id"": ""GO:0006508"", ""term_name"": ""proteolysis"", ""namespace"": ""biological_process"", ""evidence"": ""IDA""}, {""go_id"": ""GO:0009411"", ""term_name"": ""response to UV"", ""namespace"": ""biological_process"", ""evidence"": ""IDA""}]"
Q9Y2R5,RT17_HUMAN,RT17,human,Homo sapiens (Human).,"RecName: Full=Small ribosomal subunit protein uS17m {ECO:0000303|PubMed:25838379}; AltName: Full=28S ribosomal protein S17, mitochondrial; Short=MRP-S17; Short=S17mt; Flags: Precursor;",,3,GO:0003735|structural constituent of ribosome,GO:0032543|mitochondrial translation,GO:0005763|mitochondrial small ribosomal subunit,"[{""go_id"": ""GO:0005763"", ""term_name"": ""mitochondrial small ribosomal subunit"", ""namespace"": ""cellular_component"", ""evidence"": ""IDA""}, {""go_id"": ""GO:0003735"", ""term_name"": ""structural constituent of ribosome"", ""namespace"": ""molecular_function"", ""evidence"": ""HDA""}, {""go_id"": ""GO:0032543"", ""term_name"": ""mitochondrial translation"", ""namespace"": ""biological_process"", ""evidence"": ""HDA""}]"
Q9GZS9,CHST5_HUMAN,CHST5,human,Homo sapiens (Human).,"RecName: Full=Carbohydrate sulfotransferase 5; EC=2.8.2.- {ECO:0000269|PubMed:10491328, ECO:0000269|PubMed:12218059, ECO:0000269|PubMed:12626414, ECO:0000269|PubMed:12855678, ECO:0000269|PubMed:30093410}; AltName: Full=Galactose/N-acetylglucosamine/N-acetylglucosamine 6-O-sulfotransferase 4-alpha {ECO:0000303|PubMed:11352640}; Short=GST4-alpha {ECO:0000303|PubMed:11352640}; AltName: Full=Intestinal N-acetylglucosamine-6-O-sulfotransferase {ECO:0000303|PubMed:10491328}; Short=I-GlcNAc6ST {ECO:0000303|PubMed:10491328}; Short=Intestinal GlcNAc-6-sulfotransferase {ECO:0000303|PubMed:10491328, ECO:0000303|PubMed:12218059}; Short=hIGn6ST {ECO:0000303|PubMed:12218059}; AltName: Full=N-acetylglucosamine 6-O-sulfotransferase 3; Short=GlcNAc6ST-3 {ECO:0000303|PubMed:12626414}; Short=Gn6st-3;","Sulfotransferase that utilizes 3'-phospho-5'-adenylyl sulfate (PAPS) as sulfonate donor to catalyze the transfer of sulfate to position 6 of non-reducing N-acetylglucosamine (GlcNAc) residues and O- linked sugars of mucin-type acceptors (PubMed:10491328, PubMed:12218059, PubMed:12626414, PubMed:30093410). Acts on the non- reducing terminal GlcNAc of short carbohydrate substrates (in vitro) (PubMed:12218059). Preferentially add sulfate onto core 2- based O- glycan structures, but does not act on extended core 1 structures (in vitro) (PubMed:30093410). Involved in sulfation of endothelial mucins such as GLYCAM1 (PubMed:10491328, PubMed:12855678). Has no activity toward keratan (PubMed:11278593). Not involved in generating HEV- expressed ligands for SELL (PubMed:12855678). {ECO:0000269|PubMed:10491328, ECO:0000269|PubMed:11278593, ECO:0000269|PubMed:12218059, ECO:0000269|PubMed:12626414, ECO:0000269|PubMed:12855678, ECO:0000269|PubMed:30093410}.",4,GO:0001517|N-acetylglucosamine 6-O-sulfotransferase activity,GO:0006044|N-acetylglucosamine metabolic process; GO:0006790|sulfur compound metabolic process,GO:0005794|Golgi apparatus,"[{""go_id"": ""GO:0005794"", ""term_name"": ""Golgi apparatus"", ""namespace"": ""cellular_component"", ""evidence"": ""IDA""}, {""go_id"": ""GO:0001517"", ""term_name"": ""N-acetylglucosamine 6-O-sulfotransferase activity"", ""namespace"": ""molecular_function"", ""evidence"": ""IDA""}, {""go_id"": ""GO:0006044"", ""term_name"": ""N-acetylglucosamine metabolic process"", ""namespace"": ""biological_process"", ""evidence"": ""IDA""}, {""go_id"": ""GO:0006790"", ""term_name"": ""sulfur compound metabolic process"", ""namespace"": ""biological_process"", ""evidence"": ""IDA""}]"
Q86TV6,TTC7B_HUMAN,TTC7B,human,Homo sapiens (Human).,RecName: Full=Tetratricopeptide repeat protein 7B; Short=TPR repeat protein 7B; AltName: Full=Tetratricopeptide repeat protein 7-like-1; Short=TPR repeat protein 7-like-1;,"Component of a complex required to localize phosphatidylinositol 4-kinase (PI4K) to the plasma membrane. The complex acts as a regulator of phosphatidylinositol 4-phosphate (PtdIns(4)P) synthesis. In the complex, plays a central role in bridging PI4KA to EFR3B and HYCC1, via direct interactions (PubMed:26571211). {ECO:0000269|PubMed:23229899, ECO:0000269|PubMed:26571211}.",4,,GO:0046854|phosphatidylinositol phosphate biosynthetic process; GO:0072659|protein localization to plasma membrane,GO:0005829|cytosol; GO:0005886|plasma membrane,"[{""go_id"": ""GO:0005829"", ""term_name"": ""cytosol"", ""namespace"": ""cellular_component"", ""evidence"": ""IDA""}, {""go_id"": ""GO:0005886"", ""term_name"": ""plasma membrane"", ""namespace"": ""cellular_component"", ""evidence"": ""IDA""}, {""go_id"": ""GO:0046854"", ""term_name"": ""phosphatidylinositol phosphate biosynthetic process"", ""namespace"": ""biological_process"", ""evidence"": ""IDA""}, {""go_id"": ""GO:0072659"", ""term_name"": ""protein localization to plasma membrane"", ""namespace"": ""biological_process"", ""evidence"": ""IDA""}]"
Q9Y2K7,KDM2A_HUMAN,KDM2A,human,Homo sapiens (Human).,RecName: Full=Lysine-specific demethylase 2A; EC=1.14.11.27 {ECO:0000269|PubMed:16362057}; AltName: Full=CXXC-type zinc finger protein 8; AltName: Full=F-box and leucine-rich repeat protein 11; AltName: Full=F-box protein FBL7; AltName: Full=F-box protein Lilina; AltName: Full=F-box/LRR-repeat protein 11; AltName: Full=JmjC domain-containing histone demethylation protein 1A; AltName: Full=[Histone-H3]-lysine-36 demethylase 1A;,"Histone demethylase that specifically demethylates 'Lys-36' of histone H3, thereby playing a central role in histone code. Preferentially demethylates dimethylated H3 'Lys-36' residue while it has weak or no activity for mono- and tri-methylated H3 'Lys-36'. May also recognize and bind to some phosphorylated proteins and promote their ubiquitination and degradation. Required to maintain the heterochromatic state. Associates with centromeres and represses transcription of small non-coding RNAs that are encoded by the clusters of satellite repeats at the centromere. Required to sustain centromeric integrity and genomic stability, particularly during mitosis. Regulates circadian gene expression by repressing the transcriptional activator activity of CLOCK-BMAL1 heterodimer and RORA in a catalytically- independent manner (PubMed:26037310). {ECO:0000269|PubMed:16362057, ECO:0000269|PubMed:19001877, ECO:0000269|PubMed:26037310, ECO:0000269|PubMed:28262558}.",8,GO:0051864|histone H3K36 demethylase activity; GO:0045322|unmethylated CpG binding; GO:0008270|zinc ion binding,GO:0032922|circadian regulation of gene expression; GO:0006303|double-strand break repair via nonhomologous end joining; GO:0010944|negative regulation of transcription by competitive promoter binding; GO:0042752|regulation of circadian rhythm,GO:0005654|nucleoplasm,"[{""go_id"": ""GO:0005654"", ""term_name"": ""nucleoplasm"", ""namespace"": ""cellular_component"", ""evidence"": ""IDA""}, {""go_id"": ""GO:0051864"", ""term_name"": ""histone H3K36 demethylase activity"", ""namespace"": ""molecular_function"", ""evidence"": ""IMP""}, {""go_id"": ""GO:0045322"", ""term_name"": ""unmethylated CpG binding"", ""namespace"": ""molecular_function"", ""evidence"": ""IDA""}, {""go_id"": ""GO:0008270"", ""term_name"": ""zinc ion binding"", ""namespace"": ""molecular_function"", ""evidence"": ""IDA""}, {""go_id"": ""GO:0032922"", ""term_name"": ""circadian regulation of gene expression"", ""namespace"": ""biological_process"", ""evidence"": ""IMP""}, {""go_id"": ""GO:0006303"", ""term_name"": ""double-strand break repair via nonhomologous end joining"", ""namespace"": ""biological_process"", ""evidence"": ""IMP""}, {""go_id"": ""GO:0010944"", ""term_name"": ""negative regulation of transcription by competitive promoter binding"", ""namespace"": ""biological_process"", ""evidence"": ""IMP""}, {""go_id"": ""GO:0042752"", ""term_name"": ""regulation of circadian rhythm"", ""namespace"": ""biological_process"", ""evidence"": ""IMP""}]"
Q6H3X3,ULBP5_HUMAN,ULBP5,human,Homo sapiens (Human).,RecName: Full=UL-16 binding protein 5; AltName: Full=Retinoic acid early transcript 1G protein {ECO:0000312|HGNC:HGNC:16795}; Flags: Precursor;,"[Isoform 1]: Binds and activates the KLRK1/NKG2D receptor, mediating natural killer cell cytotoxicity. {ECO:0000269|PubMed:15240696, ECO:0000269|PubMed:18544572, ECO:0000269|PubMed:19658097}.",4,GO:0046703|natural killer cell lectin-like receptor binding,GO:0042267|natural killer cell mediated cytotoxicity; GO:0002729|positive regulation of natural killer cell cytokine production,GO:0005886|plasma membrane,"[{""go_id"": ""GO:0005886"", ""term_name"": ""plasma membrane"", ""namespace"": ""cellular_component"", ""evidence"": ""IDA""}, {""go_id"": ""GO:0046703"", ""term_name"": ""natural killer cell lectin-like receptor binding"", ""namespace"": ""molecular_function"", ""evidence"": ""IPI""}, {""go_id"": ""GO:0042267"", ""term_name"": ""natural killer cell mediated cytotoxicity"", ""namespace"": ""biological_process"", ""evidence"": ""IDA""}, {""go_id"": ""GO:0002729"", ""term_name"": ""positive regulation of natural killer cell cytokine production"", ""namespace"": ""biological_process"", ""evidence"": ""IDA""}]"
Q9Y5L0,TNPO3_HUMAN,TNPO3,human,Homo sapiens (Human).,"RecName: Full=Transportin-3 {ECO:0000303|PubMed:23667635}; AltName: Full=Importin-12; Short=Imp12; AltName: Full=Transportin-SR {ECO:0000303|PubMed:10366588, ECO:0000303|PubMed:18722123}; Short=TRN-SR {ECO:0000303|PubMed:10366588};","Importin, which transports target proteins into the nucleus (PubMed:10366588, PubMed:10713112, PubMed:11517331, PubMed:12628928, PubMed:24449914). Specifically mediates the nuclear import of splicing factor serine/arginine (SR) proteins, such as RBM4, SFRS1 and SFRS2, by recognizing phosphorylated SR domains (PubMed:10366588, PubMed:10713112, PubMed:11517331, PubMed:12628928, PubMed:24449914). Also mediates the nuclear import of serine/arginine (SR) protein CPSF6, independently of CPSF6 phosphorylation (PubMed:30916345, PubMed:31465518). The nuclear import process is regulated by the small GTPase Ran that partitions between cytoplasm and nucleus in the predominantly GDP- and GTP-bound form, respectively (PubMed:23878195, PubMed:24449914). Importin associates with target cargo proteins in the cytoplasm, and the competitive binding of GTP-bound Ran induces the release of cargos in the nucleus (PubMed:23878195, PubMed:24449914). {ECO:0000269|PubMed:10366588, ECO:0000269|PubMed:10713112, ECO:0000269|PubMed:11517331, ECO:0000269|PubMed:12628928, ECO:0000269|PubMed:23878195, ECO:0000269|PubMed:24449914, ECO:0000269|PubMed:30916345, ECO:0000269|PubMed:31465518}.",7,GO:0042802|identical protein binding; GO:0031267|small GTPase binding,GO:0006606|protein import into nucleus,GO:0005642|annulate lamellae; GO:0005829|cytosol; GO:0005635|nuclear envelope; GO:0005654|nucleoplasm,"[{""go_id"": ""GO:0005642"", ""term_name"": ""annulate lamellae"", ""namespace"": ""cellular_component"", ""evidence"": ""IDA""}, {""go_id"": ""GO:0005829"", ""term_name"": ""cytosol"", ""namespace"": ""cellular_component"", ""evidence"": ""IDA""}, {""go_id"": ""GO:0005635"", ""term_name"": ""nuclear envelope"", ""namespace"": ""cellular_component"", ""evidence"": ""IDA""}, {""go_id"": ""GO:0005654"", ""term_name"": ""nucleoplasm"", ""namespace"": ""cellular_component"", ""evidence"": ""IDA""}, {""go_id"": ""GO:0042802"", ""term_name"": ""identical protein binding"", ""namespace"": ""molecular_function"", ""evidence"": ""IPI""}, {""go_id"": ""GO:0031267"", ""term_name"": ""small GTPase binding"", ""namespace"": ""molecular_function"", ""evidence"": ""IDA""}, {""go_id"": ""GO:0006606"", ""term_name"": ""protein import into nucleus"", ""namespace"": ""biological_process"", ""evidence"": ""IDA""}]"
Q9Y297,FBW1A_HUMAN,FBW1A,human,Homo sapiens (Human).,RecName: Full=F-box/WD repeat-containing protein 1A; AltName: Full=E3RSIkappaB; AltName: Full=Epididymis tissue protein Li 2a; AltName: Full=F-box and WD repeats protein beta-TrCP; AltName: Full=pIkappaBalpha-E3 receptor subunit {ECO:0000303|PubMed:9859996};,"Substrate recognition component of a SCF (SKP1-CUL1-F-box protein) E3 ubiquitin-protein ligase complex which mediates the ubiquitination and subsequent proteasomal degradation of target proteins (PubMed:10066435, PubMed:10497169, PubMed:10644755, PubMed:10835356, PubMed:11158290, PubMed:11238952, PubMed:11359933, PubMed:11994270, PubMed:12791267, PubMed:12902344, PubMed:14603323, PubMed:14681206, PubMed:14988407, PubMed:15448698, PubMed:15917222, PubMed:16371461, PubMed:22017875, PubMed:22017876, PubMed:22017877, PubMed:22087322, PubMed:25503564, PubMed:25704143, PubMed:36608670, PubMed:9859996, PubMed:9990852). Recognizes and binds to phosphorylated target proteins (PubMed:10066435, PubMed:10497169, PubMed:10644755, PubMed:10835356, PubMed:11158290, PubMed:11238952, PubMed:11359933, PubMed:11994270, PubMed:12791267, PubMed:12902344, PubMed:14603323, PubMed:14681206, PubMed:14988407, PubMed:15448698, PubMed:15917222, PubMed:16371461, PubMed:22017875, PubMed:22017876, PubMed:22017877, PubMed:22087322, PubMed:25503564, PubMed:25704143, PubMed:36608670, PubMed:9859996, PubMed:9990852). SCF(BTRC) mediates the ubiquitination of CTNNB1 and participates in Wnt signaling (PubMed:12077367, PubMed:12820959). SCF(BTRC) mediates the ubiquitination of phosphorylated NFKB1, ATF4, CDC25A, DLG1, FBXO5, PER1, SMAD3, SMAD4, SNAI1 and probably NFKB2 (PubMed:10835356, PubMed:11238952, PubMed:14603323, PubMed:14681206). SCF(BTRC) mediates the ubiquitination of NFKBIA, NFKBIB and NFKBIE; the degradation frees the associated NFKB1 to translocate into the nucleus and to activate transcription (PubMed:10066435, PubMed:10497169, PubMed:10644755, PubMed:9859996). Ubiquitination of NFKBIA occurs at 'Lys-21' and 'Lys- 22' (PubMed:10066435). The SCF(FBXW11) complex also regulates NF-kappa- B by mediating ubiquitination of phosphorylated NFKB1: specifically ubiquitinates the p105 form of NFKB1, leading to its degradation (PubMed:10835356, PubMed:11158290, PubMed:14673179). SCF(BTRC) mediates the ubiquitination of CEP68; this is required for centriole separation during mitosis (PubMed:25503564, PubMed:25704143). SCF(BTRC) mediates the ubiquitination and subsequent degradation of nuclear NFE2L1 (By similarity). Has an essential role in the control of the clock- dependent transcription via degradation of phosphorylated PER1 and PER2 (PubMed:15917222). May be involved in ubiquitination and subsequent proteasomal degradation through a DBB1-CUL4 E3 ubiquitin-protein ligase. Required for activation of NFKB-mediated transcription by IL1B, MAP3K14, MAP3K1, IKBKB and TNF. Required for proteolytic processing of GLI3 (PubMed:16371461). Mediates ubiquitination of REST, thereby leading to its proteasomal degradation (PubMed:18354482, PubMed:21258371). SCF(BTRC) mediates the ubiquitination and subsequent proteasomal degradation of KLF4; thereby negatively regulating cell pluripotency maintenance and embryogenesis (By similarity). SCF(BTRC) acts as a regulator of mTORC1 signaling pathway by catalyzing ubiquitination and subsequent proteasomal degradation of phosphorylated DEPTOR, TFE3 and MITF (PubMed:22017875, PubMed:22017876, PubMed:22017877, PubMed:33110214, PubMed:36608670). SCF(BTRC) directs 'Lys-48'-linked ubiquitination of UBR2 in the T-cell receptor signaling pathway (PubMed:38225265). {ECO:0000250|UniProtKB:Q3ULA2, ECO:0000269|PubMed:10066435, ECO:0000269|PubMed:10497169, ECO:0000269|PubMed:10644755, ECO:0000269|PubMed:10835356, ECO:0000269|PubMed:11158290, ECO:0000269|PubMed:11238952, ECO:0000269|PubMed:11359933, ECO:0000269|PubMed:11994270, ECO:0000269|PubMed:12077367, ECO:0000269|PubMed:12791267, ECO:0000269|PubMed:12820959, ECO:0000269|PubMed:12902344, ECO:0000269|PubMed:14603323, ECO:0000269|PubMed:14673179, ECO:0000269|PubMed:14681206, ECO:0000269|PubMed:14988407, ECO:0000269|PubMed:15448698, ECO:0000269|PubMed:15917222, ECO:0000269|PubMed:16371461, ECO:0000269|PubMed:18354482, ECO:0000269|PubMed:21258371, ECO:0000269|PubMed:22017875, ECO:0000269|PubMed:22017876, ECO:0000269|PubMed:22017877, ECO:0000269|PubMed:22087322, ECO:0000269|PubMed:25503564, ECO:0000269|PubMed:25704143, ECO:0000269|PubMed:33110214, ECO:0000269|PubMed:38225265, ECO:0000269|PubMed:9859996, ECO:0000269|PubMed:9990852}.",13,GO:0008013|beta-catenin binding; GO:1990757|ubiquitin ligase activator activity; GO:1990756|ubiquitin-like ligase-substrate adaptor activity,GO:0050860|negative regulation of T cell receptor signaling pathway; GO:0038061|non-canonical NF-kappaB signal transduction; GO:0043161|proteasome-mediated ubiquitin-dependent protein catabolic process; GO:0070936|protein K48-linked ubiquitination; GO:0000209|protein polyubiquitination; GO:0016567|protein ubiquitination; GO:0042752|regulation of circadian rhythm; GO:0031146|SCF-dependent proteasomal ubiquitin-dependent protein catabolic process; GO:0006511|ubiquitin-dependent protein catabolic process,GO:0019005|SCF ubiquitin ligase complex,"[{""go_id"": ""GO:0019005"", ""term_name"": ""SCF ubiquitin ligase complex"", ""namespace"": ""cellular_component"", ""evidence"": ""IDA""}, {""go_id"": ""GO:0008013"", ""term_name"": ""beta-catenin binding"", ""namespace"": ""molecular_function"", ""evidence"": ""IDA""}, {""go_id"": ""GO:1990757"", ""term_name"": ""ubiquitin ligase activator activity"", ""namespace"": ""molecular_function"", ""evidence"": ""IDA""}, {""go_id"": ""GO:1990756"", ""term_name"": ""ubiquitin-like ligase-substrate adaptor activity"", ""namespace"": ""molecular_function"", ""evidence"": ""IDA""}, {""go_id"": ""GO:0050860"", ""term_name"": ""negative regulation of T cell receptor signaling pathway"", ""namespace"": ""biological_process"", ""evidence"": ""IDA""}, {""go_id"": ""GO:0038061"", ""term_name"": ""non-canonical NF-kappaB signal transduction"", ""namespace"": ""biological_process"", ""evidence"": ""IDA""}, {""go_id"": ""GO:0043161"", ""term_name"": ""proteasome-mediated ubiquitin-dependent protein catabolic process"", ""namespace"": ""biological_process"", ""evidence"": ""IDA""}, {""go_id"": ""GO:0070936"", ""term_name"": ""protein K48-linked ubiquitination"", ""namespace"": ""biological_process"", ""evidence"": ""IDA""}, {""go_id"": ""GO:0000209"", ""term_name"": ""protein polyubiquitination"", ""namespace"": ""biological_process"", ""evidence"": ""IDA""}, {""go_id"": ""GO:0016567"", ""term_name"": ""protein ubiquitination"", ""namespace"": ""biological_process"", ""evidence"": ""IDA""}, {""go_id"": ""GO:0042752"", ""term_name"": ""regulation of circadian rhythm"", ""namespace"": ""biological_process"", ""evidence"": ""IDA""}, {""go_id"": ""GO:0031146"", ""term_name"": ""SCF-dependent proteasomal ubiquitin-dependent protein catabolic process"", ""namespace"": ""biological_process"", ""evidence"": ""IDA""}, {""go_id"": ""GO:0006511"", ""term_name"": ""ubiquitin-dependent protein catabolic process"", ""namespace"": ""biological_process"", ""evidence"": ""IDA""}]"
Q9UHB4,NDOR1_HUMAN,NDOR1,human,Homo sapiens (Human).,"RecName: Full=NADPH-dependent diflavin oxidoreductase 1 {ECO:0000255|HAMAP-Rule:MF_03178}; EC=1.18.1.- {ECO:0000255|HAMAP-Rule:MF_03178, ECO:0000269|PubMed:23596212, ECO:0000269|PubMed:28648056}; AltName: Full=NADPH-dependent FMN and FAD-containing oxidoreductase {ECO:0000255|HAMAP-Rule:MF_03178}; AltName: Full=Novel reductase 1 {ECO:0000303|PubMed:10625700};","NADPH-dependent reductase which is a central component of the cytosolic iron-sulfur (Fe-S) protein assembly (CIA) machinery (PubMed:10625700, PubMed:15900210, PubMed:20802492, PubMed:23596212, PubMed:28648056). Transfers electrons from NADPH via its FAD and FMN prosthetic groups to the [2Fe-2S] cluster of CIAPIN1, another key component of the CIA machinery (PubMed:20802492, PubMed:23596212, PubMed:28648056). In turn, this reduced cluster provides electrons for assembly of cytosolic iron-sulfur cluster proteins (PubMed:20802492, PubMed:23596212). It can also reduce the [2Fe-2S] cluster of CISD1 and activate this protein implicated in Fe/S cluster repair (PubMed:28648056). In vitro can fully activate methionine synthase/MTR in the presence of soluble cytochrome b5/CYB5A (PubMed:12871938). {ECO:0000255|HAMAP-Rule:MF_03178, ECO:0000269|PubMed:10625700, ECO:0000269|PubMed:12871938, ECO:0000269|PubMed:15900210, ECO:0000269|PubMed:20802492, ECO:0000269|PubMed:23596212, ECO:0000269|PubMed:28648056}.",13,"GO:0009055|electron transfer activity; GO:0071949|FAD binding; GO:0010181|FMN binding; GO:0050661|NADP binding; GO:0070402|NADPH binding; GO:0003958|NADPH-hemoprotein reductase activity; GO:0160246|NADPH-iron-sulfur [2Fe-2S] protein oxidoreductase activity; GO:0016653|oxidoreductase activity, acting on NAD(P)H, heme protein as acceptor",GO:0022900|electron transport chain,GO:0005737|cytoplasm; GO:0005829|cytosol; GO:0045111|intermediate filament cytoskeleton; GO:0005654|nucleoplasm,"[{""go_id"": ""GO:0005737"", ""term_name"": ""cytoplasm"", ""namespace"": ""cellular_component"", ""evidence"": ""IDA""}, {""go_id"": ""GO:0005829"", ""term_name"": ""cytosol"", ""namespace"": ""cellular_component"", ""evidence"": ""IDA""}, {""go_id"": ""GO:0045111"", ""term_name"": ""intermediate filament cytoskeleton"", ""namespace"": ""cellular_component"", ""evidence"": ""IDA""}, {""go_id"": ""GO:0005654"", ""term_name"": ""nucleoplasm"", ""namespace"": ""cellular_component"", ""evidence"": ""IDA""}, {""go_id"": ""GO:0009055"", ""term_name"": ""electron transfer activity"", ""namespace"": ""molecular_function"", ""evidence"": ""IDA""}, {""go_id"": ""GO:0071949"", ""term_name"": ""FAD binding"", ""namespace"": ""molecular_function"", ""evidence"": ""IDA""}, {""go_id"": ""GO:0010181"", ""term_name"": ""FMN binding"", ""namespace"": ""molecular_function"", ""evidence"": ""IDA""}, {""go_id"": ""GO:0050661"", ""term_name"": ""NADP binding"", ""namespace"": ""molecular_function"", ""evidence"": ""IDA""}, {""go_id"": ""GO:0070402"", ""term_name"": ""NADPH binding"", ""namespace"": ""molecular_function"", ""evidence"": ""IDA""}, {""go_id"": ""GO:0003958"", ""term_name"": ""NADPH-hemoprotein reductase activity"", ""namespace"": ""molecular_function"", ""evidence"": ""IDA""}, {""go_id"": ""GO:0160246"", ""term_name"": ""NADPH-iron-sulfur [2Fe-2S] protein oxidoreductase activity"", ""namespace"": ""molecular_function"", ""evidence"": ""IDA""}, {""go_id"": ""GO:0016653"", ""term_name"": ""oxidoreductase activity, acting on NAD(P)H, heme protein as acceptor"", ""namespace"": ""molecular_function"", ""evidence"": ""IDA""}, {""go_id"": ""GO:0022900"", ""term_name"": ""electron transport chain"", ""namespace"": ""biological_process"", ""evidence"": ""IDA""}]"
O60762,DPM1_HUMAN,DPM1,human,Homo sapiens (Human).,RecName: Full=Dolichol-phosphate mannosyltransferase subunit 1; EC=2.4.1.83 {ECO:0000305|PubMed:10835346}; AltName: Full=Dolichol-phosphate mannose synthase subunit 1; Short=DPM synthase subunit 1; AltName: Full=Dolichyl-phosphate beta-D-mannosyltransferase subunit 1; AltName: Full=Mannose-P-dolichol synthase subunit 1; Short=MPD synthase subunit 1;,"Transfers mannose from GDP-mannose to dolichol monophosphate to form dolichol phosphate mannose (Dol-P-Man) which is the mannosyl donor in pathways leading to N-glycosylation, glycosyl phosphatidylinositol membrane anchoring, and O-mannosylation of proteins; catalytic subunit of the dolichol-phosphate mannose (DPM) synthase complex. {ECO:0000269|PubMed:10835346}.",10,GO:0004582|dolichyl-phosphate beta-D-mannosyltransferase activity,GO:0180047|dolichol phosphate mannose biosynthetic process; GO:0043048|dolichyl monophosphate biosynthetic process; GO:0006506|GPI anchor biosynthetic process; GO:0035269|protein O-linked glycosylation via mannose,GO:0033185|dolichol-phosphate-mannose synthase complex; GO:0005783|endoplasmic reticulum; GO:0005789|endoplasmic reticulum membrane; GO:0016020|membrane; GO:0005634|nucleus,"[{""go_id"": ""GO:0033185"", ""term_name"": ""dolichol-phosphate-mannose synthase complex"", ""namespace"": ""cellular_component"", ""evidence"": ""IDA""}, {""go_id"": ""GO:0005783"", ""term_name"": ""endoplasmic reticulum"", ""namespace"": ""cellular_component"", ""evidence"": ""IDA""}, {""go_id"": ""GO:0005789"", ""term_name"": ""endoplasmic reticulum membrane"", ""namespace"": ""cellular_component"", ""evidence"": ""IDA""}, {""go_id"": ""GO:0016020"", ""term_name"": ""membrane"", ""namespace"": ""cellular_component"", ""evidence"": ""IDA""}, {""go_id"": ""GO:0005634"", ""term_name"": ""nucleus"", ""namespace"": ""cellular_component"", ""evidence"": ""HDA""}, {""go_id"": ""GO:0004582"", ""term_name"": ""dolichyl-phosphate beta-D-mannosyltransferase activity"", ""namespace"": ""molecular_function"", ""evidence"": ""IDA""}, {""go_id"": ""GO:0180047"", ""term_name"": ""dolichol phosphate mannose biosynthetic process"", ""namespace"": ""biological_process"", ""evidence"": ""IDA""}, {""go_id"": ""GO:0043048"", ""term_name"": ""dolichyl monophosphate biosynthetic process"", ""namespace"": ""biological_process"", ""evidence"": ""IDA""}, {""go_id"": ""GO:0006506"", ""term_name"": ""GPI anchor biosynthetic process"", ""namespace"": ""biological_process"", ""evidence"": ""IDA""}, {""go_id"": ""GO:0035269"", ""term_name"": ""protein O-linked glycosylation via mannose"", ""namespace"": ""biological_process"", ""evidence"": ""IDA""}]"
Q8N114,SHSA5_HUMAN,SHSA5,human,Homo sapiens (Human).,RecName: Full=Protein shisa-5; AltName: Full=Putative NF-kappa-B-activating protein 120; AltName: Full=Scotin; Flags: Precursor;,Can induce apoptosis in a caspase-dependent manner and plays a role in p53/TP53-dependent apoptosis. {ECO:0000269|PubMed:12135983}.,7,GO:0140693|molecular condensate scaffold activity; GO:0050699|WW domain binding,GO:0043123|positive regulation of canonical NF-kappaB signal transduction; GO:1900103|positive regulation of endoplasmic reticulum unfolded protein response; GO:1905898|positive regulation of response to endoplasmic reticulum stress; GO:0090111|regulation of COPII vesicle uncoating; GO:0060628|regulation of ER to Golgi vesicle-mediated transport,,"[{""go_id"": ""GO:0140693"", ""term_name"": ""molecular condensate scaffold activity"", ""namespace"": ""molecular_function"", ""evidence"": ""IDA""}, {""go_id"": ""GO:0050699"", ""term_name"": ""WW domain binding"", ""namespace"": ""molecular_function"", ""evidence"": ""IPI""}, {""go_id"": ""GO:0043123"", ""term_name"": ""positive regulation of canonical NF-kappaB signal transduction"", ""namespace"": ""biological_process"", ""evidence"": ""HMP""}, {""go_id"": ""GO:1900103"", ""term_name"": ""positive regulation of endoplasmic reticulum unfolded protein response"", ""namespace"": ""biological_process"", ""evidence"": ""IMP""}, {""go_id"": ""GO:1905898"", ""term_name"": ""positive regulation of response to endoplasmic reticulum stress"", ""namespace"": ""biological_process"", ""evidence"": ""IMP""}, {""go_id"": ""GO:0090111"", ""term_name"": ""regulation of COPII vesicle uncoating"", ""namespace"": ""biological_process"", ""evidence"": ""IMP""}, {""go_id"": ""GO:0060628"", ""term_name"": ""regulation of ER to Golgi vesicle-mediated transport"", ""namespace"": ""biological_process"", ""evidence"": ""IMP""}]"
P31040,SDHA_HUMAN,SDHA,human,Homo sapiens (Human).,"RecName: Full=Succinate dehydrogenase [ubiquinone] flavoprotein subunit, mitochondrial; EC=1.3.5.1 {ECO:0000269|PubMed:10746566, ECO:0000305|PubMed:24781757}; AltName: Full=Flavoprotein subunit of complex II; Short=Fp; AltName: Full=Malate dehydrogenase [quinone] flavoprotein subunit; EC=1.1.5.- {ECO:0000250|UniProtKB:P31039}; Flags: Precursor;","Flavoprotein (FP) subunit of succinate dehydrogenase (SDH) that is involved in complex II of the mitochondrial electron transport chain and is responsible for transferring electrons from succinate to ubiquinone (coenzyme Q) (PubMed:10746566, PubMed:24781757). SDH also oxidizes malate to the non-canonical enol form of oxaloacetate, enol- oxaloacetate (By similarity). Enol-oxaloacetate, which is a potent inhibitor of the succinate dehydrogenase activity, is further isomerized into keto-oxaloacetate (By similarity). Can act as a tumor suppressor (PubMed:20484225). {ECO:0000250|UniProtKB:P31039, ECO:0000269|PubMed:10746566, ECO:0000269|PubMed:20484225, ECO:0000269|PubMed:24781757}.",7,GO:0008177|succinate dehydrogenase (quinone) activity,GO:0007399|nervous system development; GO:0022904|respiratory electron transport chain; GO:0006105|succinate metabolic process,GO:0005739|mitochondrion; GO:0005730|nucleolus; GO:0045273|respiratory chain complex II (succinate dehydrogenase),"[{""go_id"": ""GO:0005739"", ""term_name"": ""mitochondrion"", ""namespace"": ""cellular_component"", ""evidence"": ""IDA""}, {""go_id"": ""GO:0005730"", ""term_name"": ""nucleolus"", ""namespace"": ""cellular_component"", ""evidence"": ""IDA""}, {""go_id"": ""GO:0045273"", ""term_name"": ""respiratory chain complex II (succinate dehydrogenase)"", ""namespace"": ""cellular_component"", ""evidence"": ""IDA""}, {""go_id"": ""GO:0008177"", ""term_name"": ""succinate dehydrogenase (quinone) activity"", ""namespace"": ""molecular_function"", ""evidence"": ""IMP""}, {""go_id"": ""GO:0007399"", ""term_name"": ""nervous system development"", ""namespace"": ""biological_process"", ""evidence"": ""IMP""}, {""go_id"": ""GO:0022904"", ""term_name"": ""respiratory electron transport chain"", ""namespace"": ""biological_process"", ""evidence"": ""IDA""}, {""go_id"": ""GO:0006105"", ""term_name"": ""succinate metabolic process"", ""namespace"": ""biological_process"", ""evidence"": ""IDA""}]"
Q13362,2A5G_HUMAN,2A5G,human,Homo sapiens (Human).,RecName: Full=Serine/threonine-protein phosphatase 2A 56 kDa regulatory subunit gamma isoform; AltName: Full=PP2A B subunit isoform B'-gamma; AltName: Full=PP2A B subunit isoform B56-gamma; AltName: Full=PP2A B subunit isoform PR61-gamma; AltName: Full=PP2A B subunit isoform R5-gamma; AltName: Full=Renal carcinoma antigen NY-REN-29;,"The B regulatory subunit might modulate substrate selectivity and catalytic activity, and might also direct the localization of the catalytic enzyme to a particular subcellular compartment. The PP2A- PPP2R5C holoenzyme may specifically dephosphorylate and activate TP53 and play a role in DNA damage-induced inhibition of cell proliferation. PP2A-PPP2R5C may also regulate the ERK signaling pathway through ERK dephosphorylation. {ECO:0000269|PubMed:16456541, ECO:0000269|PubMed:17245430}.",11,GO:0019888|protein phosphatase regulator activity,"GO:0030330|DNA damage response, signal transduction by p53 class mediator; GO:0042771|intrinsic apoptotic signaling pathway in response to DNA damage by p53 class mediator; GO:0008285|negative regulation of cell population proliferation; GO:0043161|proteasome-mediated ubiquitin-dependent protein catabolic process","GO:0000775|chromosome, centromeric region; GO:0005829|cytosol; GO:0005794|Golgi apparatus; GO:0005654|nucleoplasm; GO:0005634|nucleus; GO:0000159|protein phosphatase type 2A complex","[{""go_id"": ""GO:0000775"", ""term_name"": ""chromosome, centromeric region"", ""namespace"": ""cellular_component"", ""evidence"": ""IDA""}, {""go_id"": ""GO:0005829"", ""term_name"": ""cytosol"", ""namespace"": ""cellular_component"", ""evidence"": ""IDA""}, {""go_id"": ""GO:0005794"", ""term_name"": ""Golgi apparatus"", ""namespace"": ""cellular_component"", ""evidence"": ""IDA""}, {""go_id"": ""GO:0005654"", ""term_name"": ""nucleoplasm"", ""namespace"": ""cellular_component"", ""evidence"": ""IDA""}, {""go_id"": ""GO:0005634"", ""term_name"": ""nucleus"", ""namespace"": ""cellular_component"", ""evidence"": ""IDA""}, {""go_id"": ""GO:0000159"", ""term_name"": ""protein phosphatase type 2A complex"", ""namespace"": ""cellular_component"", ""evidence"": ""IDA""}, {""go_id"": ""GO:0019888"", ""term_name"": ""protein phosphatase regulator activity"", ""namespace"": ""molecular_function"", ""evidence"": ""IDA""}, {""go_id"": ""GO:0030330"", ""term_name"": ""DNA damage response, signal transduction by p53 class mediator"", ""namespace"": ""biological_process"", ""evidence"": ""IDA""}, {""go_id"": ""GO:0042771"", ""term_name"": ""intrinsic apoptotic signaling pathway in response to DNA damage by p53 class mediator"", ""namespace"": ""biological_process"", ""evidence"": ""IMP""}, {""go_id"": ""GO:0008285"", ""term_name"": ""negative regulation of cell population proliferation"", ""namespace"": ""biological_process"", ""evidence"": ""IDA""}, {""go_id"": ""GO:0043161"", ""term_name"": ""proteasome-mediated ubiquitin-dependent protein catabolic process"", ""namespace"": ""biological_process"", ""evidence"": ""IMP""}]"
O14925,TIM23_HUMAN,TIM23,human,Homo sapiens (Human).,RecName: Full=Mitochondrial import inner membrane translocase subunit Tim23;,"Essential component of the TIM23 complex, a complex that mediates the translocation of transit peptide-containing proteins across the mitochondrial inner membrane (PubMed:10339406). Has a role in the activation of stress-induced mitophagy by protecting PINK1 from OMA1-mediated degradation and facilitating its accumulation at the outer mitochondrial membrane in response to depolarization (PubMed:37160114). {ECO:0000269|PubMed:37160114, ECO:0000305|PubMed:10339406}.",5,,GO:0061734|type 2 mitophagy,GO:0005743|mitochondrial inner membrane; GO:0005758|mitochondrial intermembrane space; GO:0005739|mitochondrion; GO:0005744|TIM23 mitochondrial import inner membrane translocase complex,"[{""go_id"": ""GO:0005743"", ""term_name"": ""mitochondrial inner membrane"", ""namespace"": ""cellular_component"", ""evidence"": ""IDA""}, {""go_id"": ""GO:0005758"", ""term_name"": ""mitochondrial intermembrane space"", ""namespace"": ""cellular_component"", ""evidence"": ""IDA""}, {""go_id"": ""GO:0005739"", ""term_name"": ""mitochondrion"", ""namespace"": ""cellular_component"", ""evidence"": ""IDA""}, {""go_id"": ""GO:0005744"", ""term_name"": ""TIM23 mitochondrial import inner membrane translocase complex"", ""namespace"": ""cellular_component"", ""evidence"": ""IDA""}, {""go_id"": ""GO:0061734"", ""term_name"": ""type 2 mitophagy"", ""namespace"": ""biological_process"", ""evidence"": ""IMP""}]"
P14151,LYAM1_HUMAN,LYAM1,human,Homo sapiens (Human).,"RecName: Full=L-selectin; AltName: Full=CD62 antigen-like family member L; AltName: Full=Leukocyte adhesion molecule 1; Short=LAM-1 {ECO:0000303|PubMed:2473156}; AltName: Full=Leukocyte surface antigen Leu-8; AltName: Full=Leukocyte-endothelial cell adhesion molecule 1; Short=LECAM1; AltName: Full=Lymph node homing receptor {ECO:0000303|PubMed:2663882}; AltName: Full=TQ1 {ECO:0000303|PubMed:1692315, ECO:0000303|PubMed:2509939}; AltName: Full=gp90-MEL; AltName: CD_antigen=CD62L; Flags: Precursor;","Calcium-dependent lectin that mediates cell adhesion by binding to glycoproteins on neighboring cells (PubMed:12403782, PubMed:28011641, PubMed:28489325). Mediates the adherence of lymphocytes to endothelial cells of high endothelial venules in peripheral lymph nodes. Promotes initial tethering and rolling of leukocytes in endothelia (PubMed:12403782, PubMed:28011641). {ECO:0000269|PubMed:12403782, ECO:0000269|PubMed:28011641, ECO:0000305|PubMed:28489325}.",6,GO:0005509|calcium ion binding; GO:0070492|oligosaccharide binding; GO:0002020|protease binding,GO:0016339|calcium-dependent cell-cell adhesion via plasma membrane cell adhesion molecules; GO:0050901|leukocyte tethering or rolling,GO:0005886|plasma membrane,"[{""go_id"": ""GO:0005886"", ""term_name"": ""plasma membrane"", ""namespace"": ""cellular_component"", ""evidence"": ""IDA""}, {""go_id"": ""GO:0005509"", ""term_name"": ""calcium ion binding"", ""namespace"": ""molecular_function"", ""evidence"": ""IDA""}, {""go_id"": ""GO:0070492"", ""term_name"": ""oligosaccharide binding"", ""namespace"": ""molecular_function"", ""evidence"": ""IMP""}, {""go_id"": ""GO:0002020"", ""term_name"": ""protease binding"", ""namespace"": ""molecular_function"", ""evidence"": ""IPI""}, {""go_id"": ""GO:0016339"", ""term_name"": ""calcium-dependent cell-cell adhesion via plasma membrane cell adhesion molecules"", ""namespace"": ""biological_process"", ""evidence"": ""IMP""}, {""go_id"": ""GO:0050901"", ""term_name"": ""leukocyte tethering or rolling"", ""namespace"": ""biological_process"", ""evidence"": ""IMP""}]"
Q92963,RIT1_HUMAN,RIT1,human,Homo sapiens (Human).,RecName: Full=GTP-binding protein Rit1; EC=3.6.5.2 {ECO:0000269|PubMed:10545207}; AltName: Full=Ras-like protein expressed in many tissues; AltName: Full=Ras-like without CAAX protein 1;,"Plays a crucial role in coupling NGF stimulation to the activation of both EPHB2 and MAPK14 signaling pathways and in NGF- dependent neuronal differentiation. Involved in ELK1 transactivation through the Ras-MAPK signaling cascade that mediates a wide variety of cellular functions, including cell proliferation, survival, and differentiation. {ECO:0000269|PubMed:15632082, ECO:0000269|PubMed:23791108}.",3,GO:0005525|GTP binding; GO:0003924|GTPase activity,GO:0007265|Ras protein signal transduction,,"[{""go_id"": ""GO:0005525"", ""term_name"": ""GTP binding"", ""namespace"": ""molecular_function"", ""evidence"": ""IDA""}, {""go_id"": ""GO:0003924"", ""term_name"": ""GTPase activity"", ""namespace"": ""molecular_function"", ""evidence"": ""IDA""}, {""go_id"": ""GO:0007265"", ""term_name"": ""Ras protein signal transduction"", ""namespace"": ""biological_process"", ""evidence"": ""IDA""}]"
O60241,AGRB2_HUMAN,AGRB2,human,Homo sapiens (Human).,RecName: Full=Adhesion G protein-coupled receptor B2 {ECO:0000303|PubMed:25713288}; AltName: Full=Brain-specific angiogenesis inhibitor 2; Flags: Precursor;,"Orphan G-protein coupled receptor involved in cell adhesion and probably in cell-cell interactions. Activates NFAT-signaling pathway, a transcription factor, via the G-protein GNAZ (PubMed:20367554, PubMed:28891236). Involved in angiogenesis inhibition (By similarity). {ECO:0000250|UniProtKB:Q8CGM1, ECO:0000269|PubMed:20367554, ECO:0000269|PubMed:28891236}.",4,GO:0004930|G protein-coupled receptor activity,GO:0033173|calcineurin-NFAT signaling cascade; GO:0007186|G protein-coupled receptor signaling pathway,GO:0005886|plasma membrane,"[{""go_id"": ""GO:0005886"", ""term_name"": ""plasma membrane"", ""namespace"": ""cellular_component"", ""evidence"": ""IDA""}, {""go_id"": ""GO:0004930"", ""term_name"": ""G protein-coupled receptor activity"", ""namespace"": ""molecular_function"", ""evidence"": ""IMP""}, {""go_id"": ""GO:0033173"", ""term_name"": ""calcineurin-NFAT signaling cascade"", ""namespace"": ""biological_process"", ""evidence"": ""IMP""}, {""go_id"": ""GO:0007186"", ""term_name"": ""G protein-coupled receptor signaling pathway"", ""namespace"": ""biological_process"", ""evidence"": ""IDA""}]"
O15551,CLD3_HUMAN,CLD3,human,Homo sapiens (Human).,RecName: Full=Claudin-3; AltName: Full=Clostridium perfringens enterotoxin receptor 2; Short=CPE-R 2; Short=CPE-receptor 2; AltName: Full=Rat ventral prostate.1 protein homolog; Short=hRVP1;,"Barrier-forming claudin. Plays a major role in tight junction-specific obliteration of the intercellular space, through calcium-independent cell-adhesion activity. {ECO:0000269|PubMed:36008380}.",24,GO:0098632|cell-cell adhesion mediator activity; GO:0042802|identical protein binding; GO:0005198|structural molecule activity,GO:0030036|actin cytoskeleton organization; GO:0070830|bicellular tight junction assembly; GO:0034329|cell junction assembly; GO:0045217|cell-cell junction maintenance; GO:0030336|negative regulation of cell migration; GO:0008285|negative regulation of cell population proliferation; GO:0010629|negative regulation of gene expression; GO:2000186|negative regulation of phosphate transmembrane transport; GO:0030335|positive regulation of cell migration; GO:0010628|positive regulation of gene expression; GO:0090303|positive regulation of wound healing; GO:0022604|regulation of cell morphogenesis; GO:0090559|regulation of membrane permeability; GO:0150111|regulation of transepithelial transport; GO:0001666|response to hypoxia; GO:0003406|retinal pigment epithelium development,GO:0043296|apical junction complex; GO:0005923|bicellular tight junction; GO:0005911|cell-cell junction; GO:0032991|protein-containing complex; GO:0070160|tight junction,"[{""go_id"": ""GO:0043296"", ""term_name"": ""apical junction complex"", ""namespace"": ""cellular_component"", ""evidence"": ""IMP""}, {""go_id"": ""GO:0005923"", ""term_name"": ""bicellular tight junction"", ""namespace"": ""cellular_component"", ""evidence"": ""IDA""}, {""go_id"": ""GO:0005911"", ""term_name"": ""cell-cell junction"", ""namespace"": ""cellular_component"", ""evidence"": ""IDA""}, {""go_id"": ""GO:0032991"", ""term_name"": ""protein-containing complex"", ""namespace"": ""cellular_component"", ""evidence"": ""IDA""}, {""go_id"": ""GO:0070160"", ""term_name"": ""tight junction"", ""namespace"": ""cellular_component"", ""evidence"": ""IDA""}, {""go_id"": ""GO:0098632"", ""term_name"": ""cell-cell adhesion mediator activity"", ""namespace"": ""molecular_function"", ""evidence"": ""IDA""}, {""go_id"": ""GO:0042802"", ""term_name"": ""identical protein binding"", ""namespace"": ""molecular_function"", ""evidence"": ""IDA""}, {""go_id"": ""GO:0005198"", ""term_name"": ""structural molecule activity"", ""namespace"": ""molecular_function"", ""evidence"": ""IDA""}, {""go_id"": ""GO:0030036"", ""term_name"": ""actin cytoskeleton organization"", ""namespace"": ""biological_process"", ""evidence"": ""IMP""}, {""go_id"": ""GO:0070830"", ""term_name"": ""bicellular tight junction assembly"", ""namespace"": ""biological_process"", ""evidence"": ""IMP""}, {""go_id"": ""GO:0034329"", ""term_name"": ""cell junction assembly"", ""namespace"": ""biological_process"", ""evidence"": ""IMP""}, {""go_id"": ""GO:0045217"", ""term_name"": ""cell-cell junction maintenance"", ""namespace"": ""biological_process"", ""evidence"": ""IDA""}, {""go_id"": ""GO:0030336"", ""term_name"": ""negative regulation of cell migration"", ""namespace"": ""biological_process"", ""evidence"": ""IMP""}, {""go_id"": ""GO:0008285"", ""term_name"": ""negative regulation of cell population proliferation"", ""namespace"": ""biological_process"", ""evidence"": ""IMP""}, {""go_id"": ""GO:0010629"", ""term_name"": ""negative regulation of gene expression"", ""namespace"": ""biological_process"", ""evidence"": ""IMP""}, {""go_id"": ""GO:2000186"", ""term_name"": ""negative regulation of phosphate transmembrane transport"", ""namespace"": ""biological_process"", ""evidence"": ""IDA""}, {""go_id"": ""GO:0030335"", ""term_name"": ""positive regulation of cell migration"", ""namespace"": ""biological_process"", ""evidence"": ""IMP""}, {""go_id"": ""GO:0010628"", ""term_name"": ""positive regulation of gene expression"", ""namespace"": ""biological_process"", ""evidence"": ""IMP""}, {""go_id"": ""GO:0090303"", ""term_name"": ""positive regulation of wound healing"", ""namespace"": ""biological_process"", ""evidence"": ""IMP""}, {""go_id"": ""GO:0022604"", ""term_name"": ""regulation of cell morphogenesis"", ""namespace"": ""biological_process"", ""evidence"": ""IMP""}, {""go_id"": ""GO:0090559"", ""term_name"": ""regulation of membrane permeability"", ""namespace"": ""biological_process"", ""evidence"": ""IMP""}, {""go_id"": ""GO:0150111"", ""term_name"": ""regulation of transepithelial transport"", ""namespace"": ""biological_process"", ""evidence"": ""IMP""}, {""go_id"": ""GO:0001666"", ""term_name"": ""response to hypoxia"", ""namespace"": ""biological_process"", ""evidence"": ""IEP""}, {""go_id"": ""GO:0003406"", ""term_name"": ""retinal pigment epithelium development"", ""namespace"": ""biological_process"", ""evidence"": ""IMP""}]"
Q99417,MYCBP_HUMAN,MYCBP,human,Homo sapiens (Human).,RecName: Full=c-Myc-binding protein {ECO:0000305}; AltName: Full=Associate of Myc 1; Short=AMY-1;,May control the transcriptional activity of MYC. Stimulates the activation of E box-dependent transcription by MYC.,7,GO:0003713|transcription coactivator activity,GO:0006355|regulation of DNA-templated transcription; GO:0007283|spermatogenesis,GO:0005737|cytoplasm; GO:0005739|mitochondrion; GO:0005654|nucleoplasm; GO:0005634|nucleus,"[{""go_id"": ""GO:0005737"", ""term_name"": ""cytoplasm"", ""namespace"": ""cellular_component"", ""evidence"": ""IDA""}, {""go_id"": ""GO:0005739"", ""term_name"": ""mitochondrion"", ""namespace"": ""cellular_component"", ""evidence"": ""IDA""}, {""go_id"": ""GO:0005654"", ""term_name"": ""nucleoplasm"", ""namespace"": ""cellular_component"", ""evidence"": ""IDA""}, {""go_id"": ""GO:0005634"", ""term_name"": ""nucleus"", ""namespace"": ""cellular_component"", ""evidence"": ""IDA""}, {""go_id"": ""GO:0003713"", ""term_name"": ""transcription coactivator activity"", ""namespace"": ""molecular_function"", ""evidence"": ""IDA""}, {""go_id"": ""GO:0006355"", ""term_name"": ""regulation of DNA-templated transcription"", ""namespace"": ""biological_process"", ""evidence"": ""IDA""}, {""go_id"": ""GO:0007283"", ""term_name"": ""spermatogenesis"", ""namespace"": ""biological_process"", ""evidence"": ""IEP""}]"
P23443,KS6B1_HUMAN,KS6B1,human,Homo sapiens (Human).,"RecName: Full=Ribosomal protein S6 kinase beta-1; Short=S6K-beta-1; Short=S6K1 {ECO:0000303|PubMed:22017876}; EC=2.7.11.1 {ECO:0000269|PubMed:15899889, ECO:0000269|PubMed:17936702, ECO:0000269|PubMed:18952604, ECO:0000269|PubMed:19085255, ECO:0000269|PubMed:28178239}; AltName: Full=70 kDa ribosomal protein S6 kinase 1; Short=P70S6K1; Short=p70-S6K 1; AltName: Full=Ribosomal protein S6 kinase I; AltName: Full=Serine/threonine-protein kinase 14A; AltName: Full=p70 ribosomal S6 kinase alpha; Short=p70 S6 kinase alpha; Short=p70 S6K-alpha; Short=p70 S6KA;","Serine/threonine-protein kinase that acts downstream of mTOR signaling in response to growth factors and nutrients to promote cell proliferation, cell growth and cell cycle progression (PubMed:11500364, PubMed:12801526, PubMed:14673156, PubMed:15071500, PubMed:15341740, PubMed:16286006, PubMed:17052453, PubMed:17053147, PubMed:17936702, PubMed:18952604, PubMed:19085255, PubMed:19720745, PubMed:19935711, PubMed:19995915, PubMed:22017876, PubMed:23429703, PubMed:28178239). Regulates protein synthesis through phosphorylation of EIF4B, RPS6 and EEF2K, and contributes to cell survival by repressing the pro-apoptotic function of BAD (PubMed:11500364, PubMed:12801526, PubMed:14673156, PubMed:15071500, PubMed:15341740, PubMed:16286006, PubMed:17052453, PubMed:17053147, PubMed:17936702, PubMed:18952604, PubMed:19085255, PubMed:19720745, PubMed:19935711, PubMed:19995915, PubMed:22017876, PubMed:23429703, PubMed:28178239). Under conditions of nutrient depletion, the inactive form associates with the EIF3 translation initiation complex (PubMed:16286006). Upon mitogenic stimulation, phosphorylation by the mechanistic target of rapamycin complex 1 (mTORC1) leads to dissociation from the EIF3 complex and activation (PubMed:16286006). The active form then phosphorylates and activates several substrates in the pre-initiation complex, including the EIF2B complex and the cap-binding complex component EIF4B (PubMed:16286006). Also controls translation initiation by phosphorylating a negative regulator of EIF4A, PDCD4, targeting it for ubiquitination and subsequent proteolysis (PubMed:17053147). Promotes initiation of the pioneer round of protein synthesis by phosphorylating POLDIP3/SKAR (PubMed:15341740). In response to IGF1, activates translation elongation by phosphorylating EEF2 kinase (EEF2K), which leads to its inhibition and thus activation of EEF2 (PubMed:11500364). Also plays a role in feedback regulation of mTORC2 by mTORC1 by phosphorylating MAPKAP1/SIN1, MTOR and RICTOR, resulting in the inhibition of mTORC2 and AKT1 signaling (PubMed:15899889, PubMed:19720745, PubMed:19935711, PubMed:19995915). Also involved in feedback regulation of mTORC1 and mTORC2 by phosphorylating DEPTOR (PubMed:22017876). Mediates cell survival by phosphorylating the pro-apoptotic protein BAD and suppressing its pro-apoptotic function (By similarity). Phosphorylates mitochondrial URI1 leading to dissociation of a URI1-PPP1CC complex (PubMed:17936702). The free mitochondrial PPP1CC can then dephosphorylate RPS6KB1 at Thr-412, which is proposed to be a negative feedback mechanism for the RPS6KB1 anti-apoptotic function (PubMed:17936702). Mediates TNF-induced insulin resistance by phosphorylating IRS1 at multiple serine residues, resulting in accelerated degradation of IRS1 (PubMed:18952604). In cells lacking functional TSC1-2 complex, constitutively phosphorylates and inhibits GSK3B (PubMed:17052453). May be involved in cytoskeletal rearrangement through binding to neurabin (By similarity). Phosphorylates and activates the pyrimidine biosynthesis enzyme CAD, downstream of MTOR (PubMed:23429703). Following activation by mTORC1, phosphorylates EPRS and thereby plays a key role in fatty acid uptake by adipocytes and also most probably in interferon-gamma-induced translation inhibition (PubMed:28178239). {ECO:0000250|UniProtKB:P67999, ECO:0000250|UniProtKB:Q8BSK8, ECO:0000269|PubMed:11500364, ECO:0000269|PubMed:12801526, ECO:0000269|PubMed:14673156, ECO:0000269|PubMed:15071500, ECO:0000269|PubMed:15341740, ECO:0000269|PubMed:15899889, ECO:0000269|PubMed:16286006, ECO:0000269|PubMed:17052453, ECO:0000269|PubMed:17053147, ECO:0000269|PubMed:17936702, ECO:0000269|PubMed:18952604, ECO:0000269|PubMed:19085255, ECO:0000269|PubMed:19720745, ECO:0000269|PubMed:19935711, ECO:0000269|PubMed:19995915, ECO:0000269|PubMed:22017876, ECO:0000269|PubMed:23429703, ECO:0000269|PubMed:28178239}.",21,GO:0004672|protein kinase activity; GO:0004674|protein serine/threonine kinase activity; GO:0004712|protein serine/threonine/tyrosine kinase activity,GO:0071363|cellular response to growth factor stimulus; GO:0031670|cellular response to nutrient; GO:0000082|G1/S transition of mitotic cell cycle; GO:0043066|negative regulation of apoptotic process; GO:0046627|negative regulation of insulin receptor signaling pathway; GO:1903940|negative regulation of TORC2 signaling; GO:0018105|peptidyl-serine phosphorylation; GO:0045931|positive regulation of mitotic cell cycle; GO:1904263|positive regulation of TORC1 signaling; GO:0045727|positive regulation of translation; GO:0045948|positive regulation of translational initiation; GO:0031667|response to nutrient levels; GO:0031929|TOR signaling; GO:0038202|TORC1 signaling,GO:0005737|cytoplasm; GO:0005739|mitochondrion; GO:0005654|nucleoplasm; GO:0005634|nucleus,"[{""go_id"": ""GO:0005737"", ""term_name"": ""cytoplasm"", ""namespace"": ""cellular_component"", ""evidence"": ""IDA""}, {""go_id"": ""GO:0005739"", ""term_name"": ""mitochondrion"", ""namespace"": ""cellular_component"", ""evidence"": ""IDA""}, {""go_id"": ""GO:0005654"", ""term_name"": ""nucleoplasm"", ""namespace"": ""cellular_component"", ""evidence"": ""IDA""}, {""go_id"": ""GO:0005634"", ""term_name"": ""nucleus"", ""namespace"": ""cellular_component"", ""evidence"": ""IDA""}, {""go_id"": ""GO:0004672"", ""term_name"": ""protein kinase activity"", ""namespace"": ""molecular_function"", ""evidence"": ""IDA""}, {""go_id"": ""GO:0004674"", ""term_name"": ""protein serine/threonine kinase activity"", ""namespace"": ""molecular_function"", ""evidence"": ""IDA""}, {""go_id"": ""GO:0004712"", ""term_name"": ""protein serine/threonine/tyrosine kinase activity"", ""namespace"": ""molecular_function"", ""evidence"": ""IDA""}, {""go_id"": ""GO:0071363"", ""term_name"": ""cellular response to growth factor stimulus"", ""namespace"": ""biological_process"", ""evidence"": ""IDA""}, {""go_id"": ""GO:0031670"", ""term_name"": ""cellular response to nutrient"", ""namespace"": ""biological_process"", ""evidence"": ""IDA""}, {""go_id"": ""GO:0000082"", ""term_name"": ""G1/S transition of mitotic cell cycle"", ""namespace"": ""biological_process"", ""evidence"": ""IMP""}, {""go_id"": ""GO:0043066"", ""term_name"": ""negative regulation of apoptotic process"", ""namespace"": ""biological_process"", ""evidence"": ""IMP""}, {""go_id"": ""GO:0046627"", ""term_name"": ""negative regulation of insulin receptor signaling pathway"", ""namespace"": ""biological_process"", ""evidence"": ""IDA""}, {""go_id"": ""GO:1903940"", ""term_name"": ""negative regulation of TORC2 signaling"", ""namespace"": ""biological_process"", ""evidence"": ""IDA""}, {""go_id"": ""GO:0018105"", ""term_name"": ""peptidyl-serine phosphorylation"", ""namespace"": ""biological_process"", ""evidence"": ""IMP""}, {""go_id"": ""GO:0045931"", ""term_name"": ""positive regulation of mitotic cell cycle"", ""namespace"": ""biological_process"", ""evidence"": ""IMP""}, {""go_id"": ""GO:1904263"", ""term_name"": ""positive regulation of TORC1 signaling"", ""namespace"": ""biological_process"", ""evidence"": ""IDA""}, {""go_id"": ""GO:0045727"", ""term_name"": ""positive regulation of translation"", ""namespace"": ""biological_process"", ""evidence"": ""IMP""}, {""go_id"": ""GO:0045948"", ""term_name"": ""positive regulation of translational initiation"", ""namespace"": ""biological_process"", ""evidence"": ""IDA""}, {""go_id"": ""GO:0031667"", ""term_name"": ""response to nutrient levels"", ""namespace"": ""biological_process"", ""evidence"": ""IDA""}, {""go_id"": ""GO:0031929"", ""term_name"": ""TOR signaling"", ""namespace"": ""biological_process"", ""evidence"": ""IDA""}, {""go_id"": ""GO:0038202"", ""term_name"": ""TORC1 signaling"", ""namespace"": ""biological_process"", ""evidence"": ""IMP""}]"
Q96QA5,GSDMA_HUMAN,GSDMA,human,Homo sapiens (Human).,"RecName: Full=Gasdermin-A {ECO:0000305}; AltName: Full=Gasdermin-1; Contains: RecName: Full=Gasdermin-A, N-terminal {ECO:0000305}; Short=GSDMA-NT {ECO:0000305}; Contains: RecName: Full=Gasdermin-A, C-terminal {ECO:0000305}; Short=GSDMA-CT {ECO:0000305};","[Gasdermin-A]: This form constitutes the precursor of the pore-forming protein and acts as a sensor of infection: upon infection by S.pyogenes, specifically cleaved by S.pyogenes effector protein SpeB in epithelial cells, releasing the N-terminal moiety (Gasdermin-A, N- terminal) that binds to membranes and forms pores, triggering pyroptosis. {ECO:0000269|PubMed:27281216, ECO:0000269|PubMed:35110732, ECO:0000269|PubMed:35545676}.",5,GO:0022829|wide pore channel activity,GO:0042742|defense response to bacterium; GO:0070269|pyroptotic inflammatory response,GO:0016020|membrane; GO:0048471|perinuclear region of cytoplasm,"[{""go_id"": ""GO:0016020"", ""term_name"": ""membrane"", ""namespace"": ""cellular_component"", ""evidence"": ""IDA""}, {""go_id"": ""GO:0048471"", ""term_name"": ""perinuclear region of cytoplasm"", ""namespace"": ""cellular_component"", ""evidence"": ""IDA""}, {""go_id"": ""GO:0022829"", ""term_name"": ""wide pore channel activity"", ""namespace"": ""molecular_function"", ""evidence"": ""IDA""}, {""go_id"": ""GO:0042742"", ""term_name"": ""defense response to bacterium"", ""namespace"": ""biological_process"", ""evidence"": ""IDA""}, {""go_id"": ""GO:0070269"", ""term_name"": ""pyroptotic inflammatory response"", ""namespace"": ""biological_process"", ""evidence"": ""IDA""}]"
Q16611,BAK_HUMAN,BAK,human,Homo sapiens (Human).,RecName: Full=Bcl-2 homologous antagonist/killer; AltName: Full=Apoptosis regulator BAK; AltName: Full=Bcl-2-like protein 7; Short=Bcl2-L-7;,"Plays a role in the mitochondrial apoptotic process. Upon arrival of cell death signals, promotes mitochondrial outer membrane (MOM) permeabilization by oligomerizing to form pores within the MOM. This releases apoptogenic factors into the cytosol, including cytochrome c, promoting the activation of caspase 9 which in turn processes and activates the effector caspases. {ECO:0000269|PubMed:17157251, ECO:0000269|PubMed:8521816}.",24,GO:0042802|identical protein binding; GO:0015288|porin activity; GO:0046982|protein heterodimerization activity; GO:0042803|protein homodimerization activity; GO:0044325|transmembrane transporter binding,GO:0006915|apoptotic process; GO:0097190|apoptotic signaling pathway; GO:0071260|cellular response to mechanical stimulus; GO:0034644|cellular response to UV; GO:0010248|establishment or maintenance of transmembrane electrochemical gradient; GO:0097193|intrinsic apoptotic signaling pathway; GO:1901029|negative regulation of mitochondrial outer membrane permeabilization involved in apoptotic signaling pathway; GO:0090201|negative regulation of release of cytochrome c from mitochondria; GO:0043065|positive regulation of apoptotic process; GO:0031334|positive regulation of protein-containing complex assembly; GO:0045862|positive regulation of proteolysis; GO:0046902|regulation of mitochondrial membrane permeability; GO:0051881|regulation of mitochondrial membrane potential; GO:0001836|release of cytochrome c from mitochondria,GO:0097145|BAK complex; GO:0097136|Bcl-2 family protein complex; GO:0005741|mitochondrial outer membrane; GO:0005739|mitochondrion; GO:0046930|pore complex,"[{""go_id"": ""GO:0097145"", ""term_name"": ""BAK complex"", ""namespace"": ""cellular_component"", ""evidence"": ""IDA""}, {""go_id"": ""GO:0097136"", ""term_name"": ""Bcl-2 family protein complex"", ""namespace"": ""cellular_component"", ""evidence"": ""IDA""}, {""go_id"": ""GO:0005741"", ""term_name"": ""mitochondrial outer membrane"", ""namespace"": ""cellular_component"", ""evidence"": ""IDA""}, {""go_id"": ""GO:0005739"", ""term_name"": ""mitochondrion"", ""namespace"": ""cellular_component"", ""evidence"": ""IDA""}, {""go_id"": ""GO:0046930"", ""term_name"": ""pore complex"", ""namespace"": ""cellular_component"", ""evidence"": ""IDA""}, {""go_id"": ""GO:0042802"", ""term_name"": ""identical protein binding"", ""namespace"": ""molecular_function"", ""evidence"": ""IPI""}, {""go_id"": ""GO:0015288"", ""term_name"": ""porin activity"", ""namespace"": ""molecular_function"", ""evidence"": ""IDA""}, {""go_id"": ""GO:0046982"", ""term_name"": ""protein heterodimerization activity"", ""namespace"": ""molecular_function"", ""evidence"": ""IPI""}, {""go_id"": ""GO:0042803"", ""term_name"": ""protein homodimerization activity"", ""namespace"": ""molecular_function"", ""evidence"": ""IDA""}, {""go_id"": ""GO:0044325"", ""term_name"": ""transmembrane transporter binding"", ""namespace"": ""molecular_function"", ""evidence"": ""IPI""}, {""go_id"": ""GO:0006915"", ""term_name"": ""apoptotic process"", ""namespace"": ""biological_process"", ""evidence"": ""IDA""}, {""go_id"": ""GO:0097190"", ""term_name"": ""apoptotic signaling pathway"", ""namespace"": ""biological_process"", ""evidence"": ""IMP""}, {""go_id"": ""GO:0071260"", ""term_name"": ""cellular response to mechanical stimulus"", ""namespace"": ""biological_process"", ""evidence"": ""IEP""}, {""go_id"": ""GO:0034644"", ""term_name"": ""cellular response to UV"", ""namespace"": ""biological_process"", ""evidence"": ""IMP""}, {""go_id"": ""GO:0010248"", ""term_name"": ""establishment or maintenance of transmembrane electrochemical gradient"", ""namespace"": ""biological_process"", ""evidence"": ""IDA""}, {""go_id"": ""GO:0097193"", ""term_name"": ""intrinsic apoptotic signaling pathway"", ""namespace"": ""biological_process"", ""evidence"": ""IDA""}, {""go_id"": ""GO:1901029"", ""term_name"": ""negative regulation of mitochondrial outer membrane permeabilization involved in apoptotic signaling pathway"", ""namespace"": ""biological_process"", ""evidence"": ""IDA""}, {""go_id"": ""GO:0090201"", ""term_name"": ""negative regulation of release of cytochrome c from mitochondria"", ""namespace"": ""biological_process"", ""evidence"": ""IDA""}, {""go_id"": ""GO:0043065"", ""term_name"": ""positive regulation of apoptotic process"", ""namespace"": ""biological_process"", ""evidence"": ""IMP""}, {""go_id"": ""GO:0031334"", ""term_name"": ""positive regulation of protein-containing complex assembly"", ""namespace"": ""biological_process"", ""evidence"": ""IDA""}, {""go_id"": ""GO:0045862"", ""term_name"": ""positive regulation of proteolysis"", ""namespace"": ""biological_process"", ""evidence"": ""IDA""}, {""go_id"": ""GO:0046902"", ""term_name"": ""regulation of mitochondrial membrane permeability"", ""namespace"": ""biological_process"", ""evidence"": ""IDA""}, {""go_id"": ""GO:0051881"", ""term_name"": ""regulation of mitochondrial membrane potential"", ""namespace"": ""biological_process"", ""evidence"": ""IDA""}, {""go_id"": ""GO:0001836"", ""term_name"": ""release of cytochrome c from mitochondria"", ""namespace"": ""biological_process"", ""evidence"": ""IDA""}]"
P09211,GSTP1_HUMAN,GSTP1,human,Homo sapiens (Human).,"RecName: Full=Glutathione S-transferase P {ECO:0000305}; EC=2.5.1.18 {ECO:0000269|PubMed:1540159, ECO:0000269|PubMed:1567427, ECO:0000269|PubMed:8433974}; AltName: Full=GST class-pi; AltName: Full=GSTP1-1;","Catalyzes conjugation of reduced glutathione to a wide number of exogenous and endogenous hydrophobic electrophiles (PubMed:1540159, PubMed:1567427, PubMed:8433974). Involved in the formation of glutathione conjugates of both prostaglandin A2 (PGA2) and prostaglandin J2 (PGJ2) (PubMed:9084911). Participates in the formation of novel hepoxilin regioisomers (PubMed:21046276). Acts as a negative regulator of ferroptosis by mediating glutathione conjugation and detoxification of 4-hydroxynonenal (4-HNE) reactive aldehyde (PubMed:38016474). Negatively regulates CDK5 activity via p25/p35 translocation to prevent neurodegeneration (PubMed:21668448). {ECO:0000269|PubMed:1540159, ECO:0000269|PubMed:1567427, ECO:0000269|PubMed:21046276, ECO:0000269|PubMed:21668448, ECO:0000269|PubMed:38016474, ECO:0000269|PubMed:8433974, ECO:0000269|PubMed:9084911}.",24,GO:0035731|dinitrosyl-iron complex binding; GO:0005504|fatty acid binding; GO:0004602|glutathione peroxidase activity; GO:0004364|glutathione transferase activity; GO:0035730|S-nitrosoglutathione binding,GO:1901687|glutathione derivative biosynthetic process; GO:0006749|glutathione metabolic process; GO:0051122|hepoxilin biosynthetic process; GO:0043651|linoleic acid metabolic process; GO:0070373|negative regulation of ERK1 and ERK2 cascade; GO:2001237|negative regulation of extrinsic apoptotic signaling pathway; GO:0110076|negative regulation of ferroptosis; GO:0032691|negative regulation of interleukin-1 beta production; GO:0046329|negative regulation of JNK cascade; GO:0071638|negative regulation of monocyte chemotactic protein-1 production; GO:0032720|negative regulation of tumor necrosis factor production; GO:0006693|prostaglandin metabolic process; GO:0006805|xenobiotic metabolic process,GO:0005829|cytosol; GO:0070062|extracellular exosome; GO:0005615|extracellular space; GO:0005739|mitochondrion; GO:0097057|TRAF2-GSTP1 complex; GO:0031982|vesicle,"[{""go_id"": ""GO:0005829"", ""term_name"": ""cytosol"", ""namespace"": ""cellular_component"", ""evidence"": ""IDA""}, {""go_id"": ""GO:0070062"", ""term_name"": ""extracellular exosome"", ""namespace"": ""cellular_component"", ""evidence"": ""HDA""}, {""go_id"": ""GO:0005615"", ""term_name"": ""extracellular space"", ""namespace"": ""cellular_component"", ""evidence"": ""HDA""}, {""go_id"": ""GO:0005739"", ""term_name"": ""mitochondrion"", ""namespace"": ""cellular_component"", ""evidence"": ""IDA""}, {""go_id"": ""GO:0097057"", ""term_name"": ""TRAF2-GSTP1 complex"", ""namespace"": ""cellular_component"", ""evidence"": ""IDA""}, {""go_id"": ""GO:0031982"", ""term_name"": ""vesicle"", ""namespace"": ""cellular_component"", ""evidence"": ""HDA""}, {""go_id"": ""GO:0035731"", ""term_name"": ""dinitrosyl-iron complex binding"", ""namespace"": ""molecular_function"", ""evidence"": ""IDA""}, {""go_id"": ""GO:0005504"", ""term_name"": ""fatty acid binding"", ""namespace"": ""molecular_function"", ""evidence"": ""IPI""}, {""go_id"": ""GO:0004602"", ""term_name"": ""glutathione peroxidase activity"", ""namespace"": ""molecular_function"", ""evidence"": ""IDA""}, {""go_id"": ""GO:0004364"", ""term_name"": ""glutathione transferase activity"", ""namespace"": ""molecular_function"", ""evidence"": ""IDA""}, {""go_id"": ""GO:0035730"", ""term_name"": ""S-nitrosoglutathione binding"", ""namespace"": ""molecular_function"", ""evidence"": ""IDA""}, {""go_id"": ""GO:1901687"", ""term_name"": ""glutathione derivative biosynthetic process"", ""namespace"": ""biological_process"", ""evidence"": ""IDA""}, {""go_id"": ""GO:0006749"", ""term_name"": ""glutathione metabolic process"", ""namespace"": ""biological_process"", ""evidence"": ""IDA""}, {""go_id"": ""GO:0051122"", ""term_name"": ""hepoxilin biosynthetic process"", ""namespace"": ""biological_process"", ""evidence"": ""IDA""}, {""go_id"": ""GO:0043651"", ""term_name"": ""linoleic acid metabolic process"", ""namespace"": ""biological_process"", ""evidence"": ""IDA""}, {""go_id"": ""GO:0070373"", ""term_name"": ""negative regulation of ERK1 and ERK2 cascade"", ""namespace"": ""biological_process"", ""evidence"": ""IDA""}, {""go_id"": ""GO:2001237"", ""term_name"": ""negative regulation of extrinsic apoptotic signaling pathway"", ""namespace"": ""biological_process"", ""evidence"": ""IDA""}, {""go_id"": ""GO:0110076"", ""term_name"": ""negative regulation of ferroptosis"", ""namespace"": ""biological_process"", ""evidence"": ""IDA""}, {""go_id"": ""GO:0032691"", ""term_name"": ""negative regulation of interleukin-1 beta production"", ""namespace"": ""biological_process"", ""evidence"": ""IDA""}, {""go_id"": ""GO:0046329"", ""term_name"": ""negative regulation of JNK cascade"", ""namespace"": ""biological_process"", ""evidence"": ""IDA""}, {""go_id"": ""GO:0071638"", ""term_name"": ""negative regulation of monocyte chemotactic protein-1 production"", ""namespace"": ""biological_process"", ""evidence"": ""IDA""}, {""go_id"": ""GO:0032720"", ""term_name"": ""negative regulation of tumor necrosis factor production"", ""namespace"": ""biological_process"", ""evidence"": ""IDA""}, {""go_id"": ""GO:0006693"", ""term_name"": ""prostaglandin metabolic process"", ""namespace"": ""biological_process"", ""evidence"": ""IDA""}, {""go_id"": ""GO:0006805"", ""term_name"": ""xenobiotic metabolic process"", ""namespace"": ""biological_process"", ""evidence"": ""IDA""}]"
Q14849,STAR3_HUMAN,STAR3,human,Homo sapiens (Human).,RecName: Full=StAR-related lipid transfer protein 3 {ECO:0000305}; AltName: Full=Metastatic lymph node gene 64 protein {ECO:0000303|PubMed:11053434}; Short=MLN 64 {ECO:0000303|PubMed:11053434}; AltName: Full=Protein CAB1 {ECO:0000303|PubMed:9270027}; AltName: Full=START domain-containing protein 3 {ECO:0000303|PubMed:21322544}; Short=StARD3 {ECO:0000303|PubMed:21322544};,"Sterol-binding protein that mediates cholesterol transport from the endoplasmic reticulum to endosomes (PubMed:11053434, PubMed:15930133, PubMed:22514632, PubMed:28377464, PubMed:33124732). The sterol transport mechanism is triggered by phosphorylation of FFAT motif that leads to membrane tethering between the endoplasmic reticulum and late endosomes via interaction with VAPA and VAPB (PubMed:24105263, PubMed:28377464, PubMed:33124732). Acts as a lipid transfer protein that redirects sterol to the endosome at the expense of the cell membrane and favors membrane formation inside endosomes (PubMed:28377464). May also mediate cholesterol transport between other membranes, such as mitochondria membrane or cell membrane (PubMed:12070139, PubMed:19965586). However, such results need additional experimental evidences; probably mainly mediates cholesterol transport from the endoplasmic reticulum to endosomes (PubMed:28377464). Does not activate transcriptional cholesterol sensing (PubMed:28377464). Able to bind other lipids, such as lutein, a xanthophyll carotenoids that form the macular pigment of the retina (PubMed:21322544). {ECO:0000269|PubMed:11053434, ECO:0000269|PubMed:12070139, ECO:0000269|PubMed:15930133, ECO:0000269|PubMed:19965586, ECO:0000269|PubMed:21322544, ECO:0000269|PubMed:22514632, ECO:0000269|PubMed:24105263, ECO:0000269|PubMed:28377464, ECO:0000269|PubMed:33124732}.",10,GO:0015485|cholesterol binding; GO:0042803|protein homodimerization activity,GO:0030301|cholesterol transport; GO:0099044|vesicle tethering to endoplasmic reticulum,GO:0140284|endoplasmic reticulum-endosome membrane contact site; GO:0005768|endosome; GO:0031902|late endosome membrane; GO:0005765|lysosomal membrane; GO:0005654|nucleoplasm; GO:0044232|organelle membrane contact site,"[{""go_id"": ""GO:0140284"", ""term_name"": ""endoplasmic reticulum-endosome membrane contact site"", ""namespace"": ""cellular_component"", ""evidence"": ""IDA""}, {""go_id"": ""GO:0005768"", ""term_name"": ""endosome"", ""namespace"": ""cellular_component"", ""evidence"": ""IDA""}, {""go_id"": ""GO:0031902"", ""term_name"": ""late endosome membrane"", ""namespace"": ""cellular_component"", ""evidence"": ""IDA""}, {""go_id"": ""GO:0005765"", ""term_name"": ""lysosomal membrane"", ""namespace"": ""cellular_component"", ""evidence"": ""HDA""}, {""go_id"": ""GO:0005654"", ""term_name"": ""nucleoplasm"", ""namespace"": ""cellular_component"", ""evidence"": ""IDA""}, {""go_id"": ""GO:0044232"", ""term_name"": ""organelle membrane contact site"", ""namespace"": ""cellular_component"", ""evidence"": ""IDA""}, {""go_id"": ""GO:0015485"", ""term_name"": ""cholesterol binding"", ""namespace"": ""molecular_function"", ""evidence"": ""IDA""}, {""go_id"": ""GO:0042803"", ""term_name"": ""protein homodimerization activity"", ""namespace"": ""molecular_function"", ""evidence"": ""IDA""}, {""go_id"": ""GO:0030301"", ""term_name"": ""cholesterol transport"", ""namespace"": ""biological_process"", ""evidence"": ""IDA""}, {""go_id"": ""GO:0099044"", ""term_name"": ""vesicle tethering to endoplasmic reticulum"", ""namespace"": ""biological_process"", ""evidence"": ""IDA""}]"
Q14511,CASL_HUMAN,CASL,human,Homo sapiens (Human).,RecName: Full=Enhancer of filamentation 1 {ECO:0000303|PubMed:9584194}; Short=hEF1 {ECO:0000303|PubMed:9584194}; AltName: Full=CRK-associated substrate-related protein {ECO:0000303|PubMed:9497377}; Short=CAS-L {ECO:0000303|PubMed:9497377}; Short=CasL {ECO:0000303|PubMed:11827972}; AltName: Full=Cas scaffolding protein family member 2 {ECO:0000312|HGNC:HGNC:7733}; Short=CASS2 {ECO:0000312|HGNC:HGNC:7733}; AltName: Full=Neural precursor cell expressed developmentally down-regulated protein 9 {ECO:0000312|HGNC:HGNC:7733}; Short=NEDD-9 {ECO:0000312|HGNC:HGNC:7733}; AltName: Full=Renal carcinoma antigen NY-REN-12 {ECO:0000303|PubMed:10508479}; AltName: Full=p105 {ECO:0000303|PubMed:8879209}; Contains: RecName: Full=Enhancer of filamentation 1 p55;,"Scaffolding protein which plays a central coordinating role for tyrosine-kinase-based signaling related to cell adhesion (PubMed:24574519). As a focal adhesion protein, plays a role in embryonic fibroblast migration (By similarity). May play an important role in integrin beta-1 or B cell antigen receptor (BCR) mediated signaling in B- and T-cells. Integrin beta-1 stimulation leads to recruitment of various proteins including CRKL and SHPTP2 to the tyrosine phosphorylated form (PubMed:9020138). Promotes adhesion and migration of lymphocytes; as a result required for the correct migration of lymphocytes to the spleen and other secondary lymphoid organs (PubMed:17174122). Plays a role in the organization of T-cell F- actin cortical cytoskeleton and the centralization of T-cell receptor microclusters at the immunological synapse (By similarity). Negatively regulates cilia outgrowth in polarized cysts (By similarity). Modulates cilia disassembly via activation of AURKA-mediated phosphorylation of HDAC6 and subsequent deacetylation of alpha-tubulin (PubMed:17604723). Positively regulates RANKL-induced osteoclastogenesis (By similarity). Required for the maintenance of hippocampal dendritic spines in the dentate gyrus and CA1 regions, thereby involved in spatial learning and memory (By similarity). {ECO:0000250|UniProtKB:A0A8I3PDQ1, ECO:0000250|UniProtKB:O35177, ECO:0000269|PubMed:17174122, ECO:0000269|PubMed:17604723, ECO:0000269|PubMed:24574519, ECO:0000269|PubMed:9020138}.",12,GO:1990782|protein tyrosine kinase binding,GO:0061523|cilium disassembly; GO:0030335|positive regulation of cell migration; GO:0061098|positive regulation of protein tyrosine kinase activity; GO:1900026|positive regulation of substrate adhesion-dependent cell spreading,GO:0036064|ciliary basal body; GO:0005829|cytosol; GO:0005925|focal adhesion; GO:0072686|mitotic spindle; GO:0005654|nucleoplasm; GO:0005634|nucleus; GO:0005886|plasma membrane,"[{""go_id"": ""GO:0036064"", ""term_name"": ""ciliary basal body"", ""namespace"": ""cellular_component"", ""evidence"": ""IDA""}, {""go_id"": ""GO:0005829"", ""term_name"": ""cytosol"", ""namespace"": ""cellular_component"", ""evidence"": ""IDA""}, {""go_id"": ""GO:0005925"", ""term_name"": ""focal adhesion"", ""namespace"": ""cellular_component"", ""evidence"": ""IDA""}, {""go_id"": ""GO:0072686"", ""term_name"": ""mitotic spindle"", ""namespace"": ""cellular_component"", ""evidence"": ""IDA""}, {""go_id"": ""GO:0005654"", ""term_name"": ""nucleoplasm"", ""namespace"": ""cellular_component"", ""evidence"": ""IDA""}, {""go_id"": ""GO:0005634"", ""term_name"": ""nucleus"", ""namespace"": ""cellular_component"", ""evidence"": ""IDA""}, {""go_id"": ""GO:0005886"", ""term_name"": ""plasma membrane"", ""namespace"": ""cellular_component"", ""evidence"": ""IDA""}, {""go_id"": ""GO:1990782"", ""term_name"": ""protein tyrosine kinase binding"", ""namespace"": ""molecular_function"", ""evidence"": ""IPI""}, {""go_id"": ""GO:0061523"", ""term_name"": ""cilium disassembly"", ""namespace"": ""biological_process"", ""evidence"": ""IMP""}, {""go_id"": ""GO:0030335"", ""term_name"": ""positive regulation of cell migration"", ""namespace"": ""biological_process"", ""evidence"": ""IMP""}, {""go_id"": ""GO:0061098"", ""term_name"": ""positive regulation of protein tyrosine kinase activity"", ""namespace"": ""biological_process"", ""evidence"": ""IDA""}, {""go_id"": ""GO:1900026"", ""term_name"": ""positive regulation of substrate adhesion-dependent cell spreading"", ""namespace"": ""biological_process"", ""evidence"": ""IMP""}]"
P62955,CCG7_HUMAN,CCG7,human,Homo sapiens (Human).,RecName: Full=Voltage-dependent calcium channel gamma-7 subunit; AltName: Full=Neuronal voltage-gated calcium channel gamma-7 subunit; AltName: Full=Transmembrane AMPAR regulatory protein gamma-7; Short=TARP gamma-7;,"Regulates the activity of L-type calcium channels that contain CACNA1C as pore-forming subunit (PubMed:21127204). Regulates the trafficking and gating properties of AMPA-selective glutamate receptors (AMPARs). Promotes their targeting to the cell membrane and synapses and modulates their gating properties by slowing their rates of activation, deactivation and desensitization and by mediating their resensitization. Displays subunit-specific AMPA receptor regulation. Shows specificity only for GRIA1 and GRIA2 (PubMed:21172611). {ECO:0000269|PubMed:21127204, ECO:0000269|PubMed:21172611}.",3,GO:0005246|calcium channel regulator activity,GO:2000311|regulation of AMPA receptor activity,GO:1990454|L-type voltage-gated calcium channel complex,"[{""go_id"": ""GO:1990454"", ""term_name"": ""L-type voltage-gated calcium channel complex"", ""namespace"": ""cellular_component"", ""evidence"": ""IDA""}, {""go_id"": ""GO:0005246"", ""term_name"": ""calcium channel regulator activity"", ""namespace"": ""molecular_function"", ""evidence"": ""IDA""}, {""go_id"": ""GO:2000311"", ""term_name"": ""regulation of AMPA receptor activity"", ""namespace"": ""biological_process"", ""evidence"": ""IDA""}]"
P08134,RHOC_HUMAN,RHOC,human,Homo sapiens (Human).,RecName: Full=Rho-related GTP-binding protein RhoC; AltName: Full=Rho cDNA clone 9; Short=h9; Flags: Precursor;,"Regulates a signal transduction pathway linking plasma membrane receptors to the assembly of focal adhesions and actin stress fibers. Serves as a microtubule-dependent signal that is required for the myosin contractile ring formation during cell cycle cytokinesis. Regulates apical junction formation in bronchial epithelial cells. {ECO:0000269|PubMed:16236794, ECO:0000269|PubMed:20974804}.",8,,GO:0043297|apical junction assembly; GO:0000281|mitotic cytokinesis; GO:0043123|positive regulation of canonical NF-kappaB signal transduction; GO:0030335|positive regulation of cell migration; GO:0060193|positive regulation of lipase activity; GO:0051496|positive regulation of stress fiber assembly,GO:0032154|cleavage furrow; GO:0070062|extracellular exosome,"[{""go_id"": ""GO:0032154"", ""term_name"": ""cleavage furrow"", ""namespace"": ""cellular_component"", ""evidence"": ""IDA""}, {""go_id"": ""GO:0070062"", ""term_name"": ""extracellular exosome"", ""namespace"": ""cellular_component"", ""evidence"": ""HDA""}, {""go_id"": ""GO:0043297"", ""term_name"": ""apical junction assembly"", ""namespace"": ""biological_process"", ""evidence"": ""IDA""}, {""go_id"": ""GO:0000281"", ""term_name"": ""mitotic cytokinesis"", ""namespace"": ""biological_process"", ""evidence"": ""IDA""}, {""go_id"": ""GO:0043123"", ""term_name"": ""positive regulation of canonical NF-kappaB signal transduction"", ""namespace"": ""biological_process"", ""evidence"": ""HMP""}, {""go_id"": ""GO:0030335"", ""term_name"": ""positive regulation of cell migration"", ""namespace"": ""biological_process"", ""evidence"": ""IMP""}, {""go_id"": ""GO:0060193"", ""term_name"": ""positive regulation of lipase activity"", ""namespace"": ""biological_process"", ""evidence"": ""IDA""}, {""go_id"": ""GO:0051496"", ""term_name"": ""positive regulation of stress fiber assembly"", ""namespace"": ""biological_process"", ""evidence"": ""IMP""}]"
O00481,BT3A1_HUMAN,BT3A1,human,Homo sapiens (Human).,RecName: Full=Butyrophilin subfamily 3 member A1; AltName: CD_antigen=CD277; Flags: Precursor;,"Plays a role in T-cell activation and in the adaptive immune response. Regulates the proliferation of activated T-cells. Regulates the release of cytokines and IFNG by activated T-cells. Mediates the response of T-cells toward infected and transformed cells that are characterized by high levels of phosphorylated metabolites, such as isopentenyl pyrophosphate. {ECO:0000269|PubMed:21113407, ECO:0000269|PubMed:21918970, ECO:0000269|PubMed:22767497, ECO:0000269|PubMed:22846996}.",5,,GO:0050798|activated T cell proliferation; GO:0001819|positive regulation of cytokine production; GO:0032729|positive regulation of type II interferon production; GO:0050852|T cell receptor signaling pathway,GO:0005886|plasma membrane,"[{""go_id"": ""GO:0005886"", ""term_name"": ""plasma membrane"", ""namespace"": ""cellular_component"", ""evidence"": ""IDA""}, {""go_id"": ""GO:0050798"", ""term_name"": ""activated T cell proliferation"", ""namespace"": ""biological_process"", ""evidence"": ""IMP""}, {""go_id"": ""GO:0001819"", ""term_name"": ""positive regulation of cytokine production"", ""namespace"": ""biological_process"", ""evidence"": ""IDA""}, {""go_id"": ""GO:0032729"", ""term_name"": ""positive regulation of type II interferon production"", ""namespace"": ""biological_process"", ""evidence"": ""IMP""}, {""go_id"": ""GO:0050852"", ""term_name"": ""T cell receptor signaling pathway"", ""namespace"": ""biological_process"", ""evidence"": ""IDA""}]"
Q6ZU15,SEP14_HUMAN,SEP14,human,Homo sapiens (Human).,RecName: Full=Septin-14 {ECO:0000312|HGNC:HGNC:33280};,"Filament-forming cytoskeletal GTPase (Probable). Involved in the migration of cortical neurons and the formation of neuron leading processes during embryonic development (By similarity). Plays a role in sperm head formation during spermiogenesis, potentially via facilitating localization of ACTN4 to cell filaments (PubMed:33228246). {ECO:0000250|UniProtKB:Q9DA97, ECO:0000269|PubMed:33228246, ECO:0000305}.",4,,GO:1905719|protein localization to perinuclear region of cytoplasm; GO:0007286|spermatid development,GO:0001669|acrosomal vesicle; GO:0005856|cytoskeleton,"[{""go_id"": ""GO:0001669"", ""term_name"": ""acrosomal vesicle"", ""namespace"": ""cellular_component"", ""evidence"": ""IDA""}, {""go_id"": ""GO:0005856"", ""term_name"": ""cytoskeleton"", ""namespace"": ""cellular_component"", ""evidence"": ""IDA""}, {""go_id"": ""GO:1905719"", ""term_name"": ""protein localization to perinuclear region of cytoplasm"", ""namespace"": ""biological_process"", ""evidence"": ""IMP""}, {""go_id"": ""GO:0007286"", ""term_name"": ""spermatid development"", ""namespace"": ""biological_process"", ""evidence"": ""IMP""}]"
P05181,CP2E1_HUMAN,CP2E1,human,Homo sapiens (Human).,"RecName: Full=Cytochrome P450 2E1 {ECO:0000303|PubMed:8031147}; EC=1.14.14.1 {ECO:0000269|PubMed:10553002, ECO:0000269|PubMed:18577768}; AltName: Full=4-nitrophenol 2-hydroxylase; EC=1.14.13.n7 {ECO:0000269|PubMed:9348445}; AltName: Full=CYPIIE1; AltName: Full=Cytochrome P450-J;","A cytochrome P450 monooxygenase involved in the metabolism of fatty acids (PubMed:10553002, PubMed:18577768). Mechanistically, uses molecular oxygen inserting one oxygen atom into a substrate, and reducing the second into a water molecule, with two electrons provided by NADPH via cytochrome P450 reductase (NADPH--hemoprotein reductase) (PubMed:10553002, PubMed:18577768). Catalyzes the hydroxylation of carbon-hydrogen bonds. Hydroxylates fatty acids specifically at the omega-1 position displaying the highest catalytic activity for saturated fatty acids (PubMed:10553002, PubMed:18577768). May be involved in the oxidative metabolism of xenobiotics (Probable). {ECO:0000269|PubMed:10553002, ECO:0000269|PubMed:18577768, ECO:0000305|PubMed:9348445}.",12,GO:0018601|4-nitrophenol 2-monooxygenase activity; GO:0019899|enzyme binding; GO:0020037|heme binding; GO:0120319|long-chain fatty acid omega-1 hydroxylase activity; GO:0004497|monooxygenase activity; GO:0016491|oxidoreductase activity,GO:0018960|4-nitrophenol metabolic process; GO:0002933|lipid hydroxylation; GO:0001676|long-chain fatty acid metabolic process; GO:0016098|monoterpenoid metabolic process; GO:0008202|steroid metabolic process; GO:0006805|xenobiotic metabolic process,,"[{""go_id"": ""GO:0018601"", ""term_name"": ""4-nitrophenol 2-monooxygenase activity"", ""namespace"": ""molecular_function"", ""evidence"": ""IDA""}, {""go_id"": ""GO:0019899"", ""term_name"": ""enzyme binding"", ""namespace"": ""molecular_function"", ""evidence"": ""IPI""}, {""go_id"": ""GO:0020037"", ""term_name"": ""heme binding"", ""namespace"": ""molecular_function"", ""evidence"": ""IDA""}, {""go_id"": ""GO:0120319"", ""term_name"": ""long-chain fatty acid omega-1 hydroxylase activity"", ""namespace"": ""molecular_function"", ""evidence"": ""IDA""}, {""go_id"": ""GO:0004497"", ""term_name"": ""monooxygenase activity"", ""namespace"": ""molecular_function"", ""evidence"": ""IDA""}, {""go_id"": ""GO:0016491"", ""term_name"": ""oxidoreductase activity"", ""namespace"": ""molecular_function"", ""evidence"": ""IDA""}, {""go_id"": ""GO:0018960"", ""term_name"": ""4-nitrophenol metabolic process"", ""namespace"": ""biological_process"", ""evidence"": ""IDA""}, {""go_id"": ""GO:0002933"", ""term_name"": ""lipid hydroxylation"", ""namespace"": ""biological_process"", ""evidence"": ""IDA""}, {""go_id"": ""GO:0001676"", ""term_name"": ""long-chain fatty acid metabolic process"", ""namespace"": ""biological_process"", ""evidence"": ""IDA""}, {""go_id"": ""GO:0016098"", ""term_name"": ""monoterpenoid metabolic process"", ""namespace"": ""biological_process"", ""evidence"": ""IDA""}, {""go_id"": ""GO:0008202"", ""term_name"": ""steroid metabolic process"", ""namespace"": ""biological_process"", ""evidence"": ""IMP""}, {""go_id"": ""GO:0006805"", ""term_name"": ""xenobiotic metabolic process"", ""namespace"": ""biological_process"", ""evidence"": ""IDA""}]"
Q2VPA4,CR1L_HUMAN,CR1L,human,Homo sapiens (Human).,RecName: Full=Complement component receptor 1-like protein; AltName: Full=Complement C4b-binding protein CR-1-like protein; Flags: Precursor;,,3,,GO:0030449|regulation of complement activation; GO:1903659|regulation of complement-dependent cytotoxicity,GO:0043235|receptor complex,"[{""go_id"": ""GO:0043235"", ""term_name"": ""receptor complex"", ""namespace"": ""cellular_component"", ""evidence"": ""IDA""}, {""go_id"": ""GO:0030449"", ""term_name"": ""regulation of complement activation"", ""namespace"": ""biological_process"", ""evidence"": ""IDA""}, {""go_id"": ""GO:1903659"", ""term_name"": ""regulation of complement-dependent cytotoxicity"", ""namespace"": ""biological_process"", ""evidence"": ""IDA""}]"
Q9BYJ9,YTHD1_HUMAN,YTHD1,human,Homo sapiens (Human).,"RecName: Full=YTH domain-containing family protein 1 {ECO:0000305}; Short=DF1 {ECO:0000303|PubMed:31292544, ECO:0000303|PubMed:32492408}; AltName: Full=Dermatomyositis associated with cancer putative autoantigen 1 {ECO:0000303|Ref.4}; Short=DACA-1 {ECO:0000303|Ref.4};","Specifically recognizes and binds N6-methyladenosine (m6A)- containing mRNAs, and regulates their stability (PubMed:24284625, PubMed:26318451, PubMed:32492408, PubMed:39900921). M6A is a modification present at internal sites of mRNAs and some non-coding RNAs and plays a role in mRNA stability and processing (PubMed:24284625, PubMed:32492408). Acts as a regulator of mRNA stability by promoting degradation of m6A-containing mRNAs via interaction with the CCR4-NOT complex (PubMed:32492408). The YTHDF paralogs (YTHDF1, YTHDF2 and YTHDF3) shares m6A-containing mRNAs targets and act redundantly to mediate mRNA degradation and cellular differentiation (PubMed:28106072, PubMed:32492408). Required to facilitate learning and memory formation in the hippocampus by binding to m6A-containing neuronal mRNAs (By similarity). Acts as a regulator of axon guidance by binding to m6A-containing ROBO3 transcripts (By similarity). Acts as a negative regulator of antigen cross-presentation in myeloid dendritic cells (By similarity). In the context of tumorigenesis, negative regulation of antigen cross-presentation limits the anti-tumor response by reducing efficiency of tumor-antigen cross- presentation (By similarity). Promotes formation of phase-separated membraneless compartments, such as P-bodies or stress granules, by undergoing liquid-liquid phase separation upon binding to mRNAs containing multiple m6A-modified residues: polymethylated mRNAs act as a multivalent scaffold for the binding of YTHDF proteins, juxtaposing their disordered regions and thereby leading to phase separation (PubMed:31292544, PubMed:31388144, PubMed:32451507). The resulting mRNA-YTHDF complexes then partition into different endogenous phase- separated membraneless compartments, such as P-bodies, stress granules or neuronal RNA granules (PubMed:31292544). {ECO:0000250|UniProtKB:P59326, ECO:0000269|PubMed:24284625, ECO:0000269|PubMed:26318451, ECO:0000269|PubMed:28106072, ECO:0000269|PubMed:31292544, ECO:0000269|PubMed:31388144, ECO:0000269|PubMed:32451507, ECO:0000269|PubMed:32492408, ECO:0000269|PubMed:39900921}.",12,GO:1990247|N6-methyladenosine-containing RNA reader activity; GO:0043022|ribosome binding; GO:0003723|RNA binding,GO:0061157|mRNA destabilization; GO:0070925|organelle assembly; GO:0045727|positive regulation of translation; GO:0045948|positive regulation of translational initiation; GO:0043488|regulation of mRNA stability; GO:0034063|stress granule assembly,GO:0005737|cytoplasm; GO:0010494|cytoplasmic stress granule; GO:0000932|P-body,"[{""go_id"": ""GO:0005737"", ""term_name"": ""cytoplasm"", ""namespace"": ""cellular_component"", ""evidence"": ""IDA""}, {""go_id"": ""GO:0010494"", ""term_name"": ""cytoplasmic stress granule"", ""namespace"": ""cellular_component"", ""evidence"": ""IDA""}, {""go_id"": ""GO:0000932"", ""term_name"": ""P-body"", ""namespace"": ""cellular_component"", ""evidence"": ""IDA""}, {""go_id"": ""GO:1990247"", ""term_name"": ""N6-methyladenosine-containing RNA reader activity"", ""namespace"": ""molecular_function"", ""evidence"": ""IDA""}, {""go_id"": ""GO:0043022"", ""term_name"": ""ribosome binding"", ""namespace"": ""molecular_function"", ""evidence"": ""IDA""}, {""go_id"": ""GO:0003723"", ""term_name"": ""RNA binding"", ""namespace"": ""molecular_function"", ""evidence"": ""HDA""}, {""go_id"": ""GO:0061157"", ""term_name"": ""mRNA destabilization"", ""namespace"": ""biological_process"", ""evidence"": ""IDA""}, {""go_id"": ""GO:0070925"", ""term_name"": ""organelle assembly"", ""namespace"": ""biological_process"", ""evidence"": ""IDA""}, {""go_id"": ""GO:0045727"", ""term_name"": ""positive regulation of translation"", ""namespace"": ""biological_process"", ""evidence"": ""IMP""}, {""go_id"": ""GO:0045948"", ""term_name"": ""positive regulation of translational initiation"", ""namespace"": ""biological_process"", ""evidence"": ""IDA""}, {""go_id"": ""GO:0043488"", ""term_name"": ""regulation of mRNA stability"", ""namespace"": ""biological_process"", ""evidence"": ""IDA""}, {""go_id"": ""GO:0034063"", ""term_name"": ""stress granule assembly"", ""namespace"": ""biological_process"", ""evidence"": ""IDA""}]"
Q9Y4C8,RBM19_HUMAN,RBM19,human,Homo sapiens (Human).,RecName: Full=Probable RNA-binding protein 19; AltName: Full=RNA-binding motif protein 19;,Plays a role in embryo pre-implantation development. {ECO:0000250}.,3,GO:0003723|RNA binding,,GO:0016020|membrane; GO:0005730|nucleolus,"[{""go_id"": ""GO:0016020"", ""term_name"": ""membrane"", ""namespace"": ""cellular_component"", ""evidence"": ""HDA""}, {""go_id"": ""GO:0005730"", ""term_name"": ""nucleolus"", ""namespace"": ""cellular_component"", ""evidence"": ""IDA""}, {""go_id"": ""GO:0003723"", ""term_name"": ""RNA binding"", ""namespace"": ""molecular_function"", ""evidence"": ""HDA""}]"
Q96H20,SNF8_HUMAN,SNF8,human,Homo sapiens (Human).,RecName: Full=Vacuolar-sorting protein SNF8; AltName: Full=ELL-associated protein of 30 kDa; AltName: Full=ESCRT-II complex subunit VPS22; Short=hVps22;,"Component of the endosomal sorting complex required for transport II (ESCRT-II), which is required for multivesicular body (MVB) formation and sorting of endosomal cargo proteins into MVBs, and plays a role in autophagy (PubMed:38423010). The MVB pathway mediates delivery of transmembrane proteins into the lumen of the lysosome for degradation. The ESCRT-II complex is probably involved in the recruitment of the ESCRT-III complex. The ESCRT-II complex may also play a role in transcription regulation by participating in derepression of transcription by RNA polymerase II, possibly via its interaction with ELL. Required for degradation of both endocytosed EGF and EGFR, but not for the EGFR ligand-mediated internalization. It is also required for the degradation of CXCR4. Required for the exosomal release of SDCBP, CD63 and syndecan (PubMed:22660413). {ECO:0000269|PubMed:17714434, ECO:0000269|PubMed:17959629, ECO:0000269|PubMed:18031739, ECO:0000269|PubMed:22660413, ECO:0000269|PubMed:38423010}.",27,GO:0016247|channel regulator activity; GO:0008289|lipid binding; GO:0042803|protein homodimerization activity,GO:0045022|early endosome to late endosome transport; GO:0032456|endocytic recycling; GO:0016236|macroautophagy; GO:0036258|multivesicular body assembly; GO:0071985|multivesicular body sorting pathway; GO:1903543|positive regulation of exosomal secretion; GO:0010628|positive regulation of gene expression; GO:0045732|positive regulation of protein catabolic process; GO:0042176|regulation of protein catabolic process; GO:0061635|regulation of protein complex stability; GO:0006357|regulation of transcription by RNA polymerase II,GO:0005737|cytoplasm; GO:0005829|cytosol; GO:0010008|endosome membrane; GO:0000814|ESCRT II complex; GO:0070062|extracellular exosome; GO:0031902|late endosome membrane; GO:0016020|membrane; GO:0005654|nucleoplasm; GO:0005634|nucleus; GO:0048471|perinuclear region of cytoplasm; GO:0005886|plasma membrane; GO:0055037|recycling endosome; GO:0005667|transcription regulator complex,"[{""go_id"": ""GO:0005737"", ""term_name"": ""cytoplasm"", ""namespace"": ""cellular_component"", ""evidence"": ""IDA""}, {""go_id"": ""GO:0005829"", ""term_name"": ""cytosol"", ""namespace"": ""cellular_component"", ""evidence"": ""IDA""}, {""go_id"": ""GO:0010008"", ""term_name"": ""endosome membrane"", ""namespace"": ""cellular_component"", ""evidence"": ""IDA""}, {""go_id"": ""GO:0000814"", ""term_name"": ""ESCRT II complex"", ""namespace"": ""cellular_component"", ""evidence"": ""IDA""}, {""go_id"": ""GO:0070062"", ""term_name"": ""extracellular exosome"", ""namespace"": ""cellular_component"", ""evidence"": ""HDA""}, {""go_id"": ""GO:0031902"", ""term_name"": ""late endosome membrane"", ""namespace"": ""cellular_component"", ""evidence"": ""IDA""}, {""go_id"": ""GO:0016020"", ""term_name"": ""membrane"", ""namespace"": ""cellular_component"", ""evidence"": ""IDA""}, {""go_id"": ""GO:0005654"", ""term_name"": ""nucleoplasm"", ""namespace"": ""cellular_component"", ""evidence"": ""IDA""}, {""go_id"": ""GO:0005634"", ""term_name"": ""nucleus"", ""namespace"": ""cellular_component"", ""evidence"": ""IDA""}, {""go_id"": ""GO:0048471"", ""term_name"": ""perinuclear region of cytoplasm"", ""namespace"": ""cellular_component"", ""evidence"": ""IDA""}, {""go_id"": ""GO:0005886"", ""term_name"": ""plasma membrane"", ""namespace"": ""cellular_component"", ""evidence"": ""IDA""}, {""go_id"": ""GO:0055037"", ""term_name"": ""recycling endosome"", ""namespace"": ""cellular_component"", ""evidence"": ""IDA""}, {""go_id"": ""GO:0005667"", ""term_name"": ""transcription regulator complex"", ""namespace"": ""cellular_component"", ""evidence"": ""IDA""}, {""go_id"": ""GO:0016247"", ""term_name"": ""channel regulator activity"", ""namespace"": ""molecular_function"", ""evidence"": ""IDA""}, {""go_id"": ""GO:0008289"", ""term_name"": ""lipid binding"", ""namespace"": ""molecular_function"", ""evidence"": ""IPI""}, {""go_id"": ""GO:0042803"", ""term_name"": ""protein homodimerization activity"", ""namespace"": ""molecular_function"", ""evidence"": ""IPI""}, {""go_id"": ""GO:0045022"", ""term_name"": ""early endosome to late endosome transport"", ""namespace"": ""biological_process"", ""evidence"": ""IMP""}, {""go_id"": ""GO:0032456"", ""term_name"": ""endocytic recycling"", ""namespace"": ""biological_process"", ""evidence"": ""IMP""}, {""go_id"": ""GO:0016236"", ""term_name"": ""macroautophagy"", ""namespace"": ""biological_process"", ""evidence"": ""IMP""}, {""go_id"": ""GO:0036258"", ""term_name"": ""multivesicular body assembly"", ""namespace"": ""biological_process"", ""evidence"": ""IMP""}, {""go_id"": ""GO:0071985"", ""term_name"": ""multivesicular body sorting pathway"", ""namespace"": ""biological_process"", ""evidence"": ""IMP""}, {""go_id"": ""GO:1903543"", ""term_name"": ""positive regulation of exosomal secretion"", ""namespace"": ""biological_process"", ""evidence"": ""IMP""}, {""go_id"": ""GO:0010628"", ""term_name"": ""positive regulation of gene expression"", ""namespace"": ""biological_process"", ""evidence"": ""IMP""}, {""go_id"": ""GO:0045732"", ""term_name"": ""positive regulation of protein catabolic process"", ""namespace"": ""biological_process"", ""evidence"": ""IMP""}, {""go_id"": ""GO:0042176"", ""term_name"": ""regulation of protein catabolic process"", ""namespace"": ""biological_process"", ""evidence"": ""IMP""}, {""go_id"": ""GO:0061635"", ""term_name"": ""regulation of protein complex stability"", ""namespace"": ""biological_process"", ""evidence"": ""IMP""}, {""go_id"": ""GO:0006357"", ""term_name"": ""regulation of transcription by RNA polymerase II"", ""namespace"": ""biological_process"", ""evidence"": ""IDA""}]"
Q9H410,DSN1_HUMAN,DSN1,human,Homo sapiens (Human).,RecName: Full=Kinetochore-associated protein DSN1 homolog;,"Part of the MIS12 complex which is required for normal chromosome alignment and segregation and kinetochore formation during mitosis. {ECO:0000269|PubMed:15502821, ECO:0000269|PubMed:16585270}.",8,,,GO:0005829|cytosol; GO:0001650|fibrillar center; GO:0000776|kinetochore; GO:0000444|MIS12/MIND type complex; GO:0016604|nuclear body; GO:0005730|nucleolus; GO:0005654|nucleoplasm; GO:0000940|outer kinetochore,"[{""go_id"": ""GO:0005829"", ""term_name"": ""cytosol"", ""namespace"": ""cellular_component"", ""evidence"": ""IDA""}, {""go_id"": ""GO:0001650"", ""term_name"": ""fibrillar center"", ""namespace"": ""cellular_component"", ""evidence"": ""IDA""}, {""go_id"": ""GO:0000776"", ""term_name"": ""kinetochore"", ""namespace"": ""cellular_component"", ""evidence"": ""IDA""}, {""go_id"": ""GO:0000444"", ""term_name"": ""MIS12/MIND type complex"", ""namespace"": ""cellular_component"", ""evidence"": ""IDA""}, {""go_id"": ""GO:0016604"", ""term_name"": ""nuclear body"", ""namespace"": ""cellular_component"", ""evidence"": ""IDA""}, {""go_id"": ""GO:0005730"", ""term_name"": ""nucleolus"", ""namespace"": ""cellular_component"", ""evidence"": ""IDA""}, {""go_id"": ""GO:0005654"", ""term_name"": ""nucleoplasm"", ""namespace"": ""cellular_component"", ""evidence"": ""IDA""}, {""go_id"": ""GO:0000940"", ""term_name"": ""outer kinetochore"", ""namespace"": ""cellular_component"", ""evidence"": ""IDA""}]"
Q8IU81,I2BP1_HUMAN,I2BP1,human,Homo sapiens (Human).,RecName: Full=Interferon regulatory factor 2-binding protein 1; Short=IRF-2-binding protein 1; Short=IRF-2BP1; AltName: Full=Probable E3 ubiquitin-protein ligase IRF2BP1; EC=2.3.2.27; AltName: Full=Probable RING-type E3 ubiquitin transferase IRF2BP1 {ECO:0000305};,"Acts as a transcriptional corepressor in a IRF2-dependent manner; this repression is not mediated by histone deacetylase activities. May act as an E3 ligase towards JDP2, enhancing its polyubiquitination. Represses ATF2-dependent transcriptional activation. {ECO:0000269|PubMed:12799427, ECO:0000269|PubMed:18671972}.",6,GO:0003714|transcription corepressor activity; GO:0061630|ubiquitin protein ligase activity,GO:0000122|negative regulation of transcription by RNA polymerase II; GO:0000209|protein polyubiquitination,GO:0005654|nucleoplasm; GO:0005634|nucleus,"[{""go_id"": ""GO:0005654"", ""term_name"": ""nucleoplasm"", ""namespace"": ""cellular_component"", ""evidence"": ""IDA""}, {""go_id"": ""GO:0005634"", ""term_name"": ""nucleus"", ""namespace"": ""cellular_component"", ""evidence"": ""IDA""}, {""go_id"": ""GO:0003714"", ""term_name"": ""transcription corepressor activity"", ""namespace"": ""molecular_function"", ""evidence"": ""IDA""}, {""go_id"": ""GO:0061630"", ""term_name"": ""ubiquitin protein ligase activity"", ""namespace"": ""molecular_function"", ""evidence"": ""IDA""}, {""go_id"": ""GO:0000122"", ""term_name"": ""negative regulation of transcription by RNA polymerase II"", ""namespace"": ""biological_process"", ""evidence"": ""IDA""}, {""go_id"": ""GO:0000209"", ""term_name"": ""protein polyubiquitination"", ""namespace"": ""biological_process"", ""evidence"": ""IDA""}]"
Q07699,SCN1B_HUMAN,SCN1B,human,Homo sapiens (Human).,RecName: Full=Sodium channel regulatory subunit beta-1 {ECO:0000305|PubMed:8394762}; Flags: Precursor;,"Regulatory subunit of multiple voltage-gated sodium (Nav) channels directly mediating the depolarization of excitable membranes. Navs, also called VGSCs (voltage-gated sodium channels) or VDSCs (voltage-dependent sodium channels), operate by switching between closed and open conformations depending on the voltage difference across the membrane. In the open conformation they allow Na(+) ions to selectively pass through the pore, along their electrochemical gradient. The influx of Na+ ions provokes membrane depolarization, initiating the propagation of electrical signals throughout cells and tissues (PubMed:14622265, PubMed:15525788, PubMed:18464934, PubMed:19710327, PubMed:29992740, PubMed:36696443, PubMed:8125980, PubMed:8394762). The accessory beta subunits participate in localization and functional modulation of the Nav channels (PubMed:15525788, PubMed:19710327, PubMed:29992740). Modulates the activity of SCN1A/Nav1.1, SCN2A/Nav1.2, SCN3A/Nav1.3, SCN4A/Nav1.4, SCN5A/Nav1.5, SCN8A/Nav1.6, SCN9A/Nav1.7 and SCN10A/Nav1.8 (PubMed:14622265, PubMed:15525788, PubMed:18464934, PubMed:30765606, PubMed:36696443, PubMed:8125980, PubMed:8394762). {ECO:0000269|PubMed:14622265, ECO:0000269|PubMed:15525788, ECO:0000269|PubMed:18464934, ECO:0000269|PubMed:19710327, ECO:0000269|PubMed:29992740, ECO:0000269|PubMed:30765606, ECO:0000269|PubMed:36696443, ECO:0000269|PubMed:8125980, ECO:0000269|PubMed:8394762}.",15,GO:0017080|sodium channel regulator activity,GO:0086002|cardiac muscle cell action potential involved in contraction; GO:0060048|cardiac muscle contraction; GO:0051899|membrane depolarization; GO:0086010|membrane depolarization during action potential; GO:0086012|membrane depolarization during cardiac muscle cell action potential; GO:0086047|membrane depolarization during Purkinje myocyte cell action potential; GO:0010765|positive regulation of sodium ion transport; GO:1905152|positive regulation of voltage-gated sodium channel activity; GO:0060371|regulation of atrial cardiac muscle cell membrane depolarization; GO:0086091|regulation of heart rate by cardiac conduction; GO:1902305|regulation of sodium ion transmembrane transport; GO:0035725|sodium ion transmembrane transport,GO:0005886|plasma membrane; GO:0001518|voltage-gated sodium channel complex,"[{""go_id"": ""GO:0005886"", ""term_name"": ""plasma membrane"", ""namespace"": ""cellular_component"", ""evidence"": ""IDA""}, {""go_id"": ""GO:0001518"", ""term_name"": ""voltage-gated sodium channel complex"", ""namespace"": ""cellular_component"", ""evidence"": ""IDA""}, {""go_id"": ""GO:0017080"", ""term_name"": ""sodium channel regulator activity"", ""namespace"": ""molecular_function"", ""evidence"": ""IDA""}, {""go_id"": ""GO:0086002"", ""term_name"": ""cardiac muscle cell action potential involved in contraction"", ""namespace"": ""biological_process"", ""evidence"": ""IMP""}, {""go_id"": ""GO:0060048"", ""term_name"": ""cardiac muscle contraction"", ""namespace"": ""biological_process"", ""evidence"": ""IMP""}, {""go_id"": ""GO:0051899"", ""term_name"": ""membrane depolarization"", ""namespace"": ""biological_process"", ""evidence"": ""IDA""}, {""go_id"": ""GO:0086010"", ""term_name"": ""membrane depolarization during action potential"", ""namespace"": ""biological_process"", ""evidence"": ""IDA""}, {""go_id"": ""GO:0086012"", ""term_name"": ""membrane depolarization during cardiac muscle cell action potential"", ""namespace"": ""biological_process"", ""evidence"": ""IMP""}, {""go_id"": ""GO:0086047"", ""term_name"": ""membrane depolarization during Purkinje myocyte cell action potential"", ""namespace"": ""biological_process"", ""evidence"": ""IMP""}, {""go_id"": ""GO:0010765"", ""term_name"": ""positive regulation of sodium ion transport"", ""namespace"": ""biological_process"", ""evidence"": ""IDA""}, {""go_id"": ""GO:1905152"", ""term_name"": ""positive regulation of voltage-gated sodium channel activity"", ""namespace"": ""biological_process"", ""evidence"": ""IDA""}, {""go_id"": ""GO:0060371"", ""term_name"": ""regulation of atrial cardiac muscle cell membrane depolarization"", ""namespace"": ""biological_process"", ""evidence"": ""IMP""}, {""go_id"": ""GO:0086091"", ""term_name"": ""regulation of heart rate by cardiac conduction"", ""namespace"": ""biological_process"", ""evidence"": ""IMP""}, {""go_id"": ""GO:1902305"", ""term_name"": ""regulation of sodium ion transmembrane transport"", ""namespace"": ""biological_process"", ""evidence"": ""IDA""}, {""go_id"": ""GO:0035725"", ""term_name"": ""sodium ion transmembrane transport"", ""namespace"": ""biological_process"", ""evidence"": ""IDA""}]"
Q9NRS4,TMPS4_HUMAN,TMPS4,human,Homo sapiens (Human).,RecName: Full=Transmembrane protease serine 4 {ECO:0000305}; EC=3.4.21.-; AltName: Full=Channel-activating protease 2; Short=CAPH2; AltName: Full=Membrane-type serine protease 2; Short=MT-SP2; Contains: RecName: Full=Transmembrane protease serine 4 catalytic chain;,"Plasma membrane-anchored serine protease that directly induces processing of pro-uPA/PLAU into the active form through proteolytic activity (PubMed:24434139). Seems to be capable of activating ENaC (By similarity). {ECO:0000250|UniProtKB:Q8VCA5, ECO:0000269|PubMed:24434139}.",8,GO:0008236|serine-type peptidase activity,GO:0045967|negative regulation of growth rate; GO:0046598|positive regulation of viral entry into host cell; GO:0016485|protein processing; GO:0006508|proteolysis; GO:0010468|regulation of gene expression,GO:0005615|extracellular space; GO:0030141|secretory granule,"[{""go_id"": ""GO:0005615"", ""term_name"": ""extracellular space"", ""namespace"": ""cellular_component"", ""evidence"": ""IDA""}, {""go_id"": ""GO:0030141"", ""term_name"": ""secretory granule"", ""namespace"": ""cellular_component"", ""evidence"": ""IDA""}, {""go_id"": ""GO:0008236"", ""term_name"": ""serine-type peptidase activity"", ""namespace"": ""molecular_function"", ""evidence"": ""IDA""}, {""go_id"": ""GO:0045967"", ""term_name"": ""negative regulation of growth rate"", ""namespace"": ""biological_process"", ""evidence"": ""IDA""}, {""go_id"": ""GO:0046598"", ""term_name"": ""positive regulation of viral entry into host cell"", ""namespace"": ""biological_process"", ""evidence"": ""IDA""}, {""go_id"": ""GO:0016485"", ""term_name"": ""protein processing"", ""namespace"": ""biological_process"", ""evidence"": ""IDA""}, {""go_id"": ""GO:0006508"", ""term_name"": ""proteolysis"", ""namespace"": ""biological_process"", ""evidence"": ""IDA""}, {""go_id"": ""GO:0010468"", ""term_name"": ""regulation of gene expression"", ""namespace"": ""biological_process"", ""evidence"": ""IDA""}]"
Q9Y2S7,PDIP2_HUMAN,PDIP2,human,Homo sapiens (Human).,RecName: Full=Polymerase delta-interacting protein 2 {ECO:0000303|PubMed:26984527}; AltName: Full=38 kDa DNA polymerase delta interaction protein {ECO:0000303|PubMed:12522211}; Short=p38 {ECO:0000303|PubMed:12522211}; Flags: Precursor;,"Involved in DNA damage tolerance by regulating translesion synthesis (TLS) of templates carrying DNA damage lesions such as 8oxoG and abasic sites (PubMed:24191025). May act by stimulating activity of DNA polymerases involved in TLS, such as PRIMPOL and polymerase delta (POLD1) (PubMed:24191025, PubMed:26984527). {ECO:0000269|PubMed:24191025, ECO:0000269|PubMed:26984527}.",6,GO:0030674|protein-macromolecule adaptor activity,GO:0070987|error-free translesion synthesis,GO:0005759|mitochondrial matrix; GO:0042645|mitochondrial nucleoid; GO:0005739|mitochondrion; GO:0005634|nucleus,"[{""go_id"": ""GO:0005759"", ""term_name"": ""mitochondrial matrix"", ""namespace"": ""cellular_component"", ""evidence"": ""IDA""}, {""go_id"": ""GO:0042645"", ""term_name"": ""mitochondrial nucleoid"", ""namespace"": ""cellular_component"", ""evidence"": ""IDA""}, {""go_id"": ""GO:0005739"", ""term_name"": ""mitochondrion"", ""namespace"": ""cellular_component"", ""evidence"": ""IDA""}, {""go_id"": ""GO:0005634"", ""term_name"": ""nucleus"", ""namespace"": ""cellular_component"", ""evidence"": ""IDA""}, {""go_id"": ""GO:0030674"", ""term_name"": ""protein-macromolecule adaptor activity"", ""namespace"": ""molecular_function"", ""evidence"": ""IDA""}, {""go_id"": ""GO:0070987"", ""term_name"": ""error-free translesion synthesis"", ""namespace"": ""biological_process"", ""evidence"": ""IDA""}]"
Q5CZC0,FSIP2_HUMAN,FSIP2,human,Homo sapiens (Human).,RecName: Full=Fibrous sheath-interacting protein 2;,Plays a role in spermatogenesis. {ECO:0000305|PubMed:30137358}.,7,,GO:0030317|flagellated sperm motility; GO:0061512|protein localization to cilium; GO:0007288|sperm axoneme assembly,GO:0097229|sperm end piece; GO:0120212|sperm head-tail coupling apparatus; GO:0097225|sperm midpiece; GO:0097228|sperm principal piece,"[{""go_id"": ""GO:0097229"", ""term_name"": ""sperm end piece"", ""namespace"": ""cellular_component"", ""evidence"": ""IDA""}, {""go_id"": ""GO:0120212"", ""term_name"": ""sperm head-tail coupling apparatus"", ""namespace"": ""cellular_component"", ""evidence"": ""IDA""}, {""go_id"": ""GO:0097225"", ""term_name"": ""sperm midpiece"", ""namespace"": ""cellular_component"", ""evidence"": ""IDA""}, {""go_id"": ""GO:0097228"", ""term_name"": ""sperm principal piece"", ""namespace"": ""cellular_component"", ""evidence"": ""IMP""}, {""go_id"": ""GO:0030317"", ""term_name"": ""flagellated sperm motility"", ""namespace"": ""biological_process"", ""evidence"": ""IMP""}, {""go_id"": ""GO:0061512"", ""term_name"": ""protein localization to cilium"", ""namespace"": ""biological_process"", ""evidence"": ""IMP""}, {""go_id"": ""GO:0007288"", ""term_name"": ""sperm axoneme assembly"", ""namespace"": ""biological_process"", ""evidence"": ""IMP""}]"
Q9ULL8,SHRM4_HUMAN,SHRM4,human,Homo sapiens (Human).,RecName: Full=Protein Shroom4; AltName: Full=Second homolog of apical protein;,"Probable regulator of cytoskeletal architecture that plays an important role in development. May regulate cellular and cytoskeletal architecture by modulating the spatial distribution of myosin II (By similarity). {ECO:0000250, ECO:0000269|PubMed:16684770}.",6,,GO:0007420|brain development; GO:0050890|cognition,GO:0005884|actin filament; GO:0009898|cytoplasmic side of plasma membrane; GO:0005925|focal adhesion; GO:0005654|nucleoplasm,"[{""go_id"": ""GO:0005884"", ""term_name"": ""actin filament"", ""namespace"": ""cellular_component"", ""evidence"": ""IDA""}, {""go_id"": ""GO:0009898"", ""term_name"": ""cytoplasmic side of plasma membrane"", ""namespace"": ""cellular_component"", ""evidence"": ""IDA""}, {""go_id"": ""GO:0005925"", ""term_name"": ""focal adhesion"", ""namespace"": ""cellular_component"", ""evidence"": ""IDA""}, {""go_id"": ""GO:0005654"", ""term_name"": ""nucleoplasm"", ""namespace"": ""cellular_component"", ""evidence"": ""IDA""}, {""go_id"": ""GO:0007420"", ""term_name"": ""brain development"", ""namespace"": ""biological_process"", ""evidence"": ""IDA""}, {""go_id"": ""GO:0050890"", ""term_name"": ""cognition"", ""namespace"": ""biological_process"", ""evidence"": ""IDA""}]"
O60667,FCMR_HUMAN,FCMR,human,Homo sapiens (Human).,RecName: Full=Immunoglobulin mu Fc receptor {ECO:0000303|PubMed:25888699}; Short=IgM FcR {ECO:0000303|PubMed:25888699}; AltName: Full=Fas apoptotic inhibitory molecule 3 {ECO:0000303|PubMed:25888699}; Short=FAIM3 {ECO:0000303|PubMed:25888699}; AltName: Full=Regulator of Fas-induced apoptosis Toso {ECO:0000303|PubMed:25888699}; Flags: Precursor;,"High-affinity Fc receptor for immunoglobulin M (IgM), both secreted and membrane-bound IgM (PubMed:19858324, PubMed:22675200, PubMed:36949194, PubMed:37095205). Primarily regulates IgM transport and homeostasis. In lymphoid cells, enables exocytosis of membrane- bound IgM on the plasma membrane as well as endocytosis of IgM-antigen complexes toward lysosomes for degradation. In mucosal epithelium, mediates retrotranscytosis of antigen-IgM complexes across mucosal M cells toward antigen-presenting cells in mucosal lymphoid tissues (PubMed:21908732, PubMed:28230186). Triggers costimulatory signaling and mediates most of IgM effector functions involved in B cell development and primary immune response to infection. Likely limits tonic IgM BCR signaling to self-antigens for proper negative selection of autoreactive B cells in the bone marrow and for the maintenance of regulatory B cell pool in peripheral lymphoid organs. Mediates antibody responses to T cell-dependent and T cell-independent antigens and promotes induction of an efficient neutralizing IgG response. Engages in cross-talk with antigen-receptor signaling via the non-canonical NF- kappa-B, MAP kinases and calcium signaling pathways (PubMed:19858324, PubMed:22675200, PubMed:25601920, PubMed:30840890). {ECO:0000269|PubMed:19858324, ECO:0000269|PubMed:21908732, ECO:0000269|PubMed:22675200, ECO:0000269|PubMed:25601920, ECO:0000269|PubMed:28230186, ECO:0000269|PubMed:30840890, ECO:0000269|PubMed:36949194, ECO:0000269|PubMed:37095205}.",10,GO:0002172|high-affinity IgM receptor activity; GO:0001790|polymeric immunoglobulin binding,GO:0160006|Fc receptor-mediated immune complex endocytosis,GO:0005813|centrosome; GO:0031901|early endosome membrane; GO:0005794|Golgi apparatus; GO:0005765|lysosomal membrane; GO:0005654|nucleoplasm; GO:0005886|plasma membrane; GO:0032588|trans-Golgi network membrane,"[{""go_id"": ""GO:0005813"", ""term_name"": ""centrosome"", ""namespace"": ""cellular_component"", ""evidence"": ""IDA""}, {""go_id"": ""GO:0031901"", ""term_name"": ""early endosome membrane"", ""namespace"": ""cellular_component"", ""evidence"": ""IDA""}, {""go_id"": ""GO:0005794"", ""term_name"": ""Golgi apparatus"", ""namespace"": ""cellular_component"", ""evidence"": ""IDA""}, {""go_id"": ""GO:0005765"", ""term_name"": ""lysosomal membrane"", ""namespace"": ""cellular_component"", ""evidence"": ""IDA""}, {""go_id"": ""GO:0005654"", ""term_name"": ""nucleoplasm"", ""namespace"": ""cellular_component"", ""evidence"": ""IDA""}, {""go_id"": ""GO:0005886"", ""term_name"": ""plasma membrane"", ""namespace"": ""cellular_component"", ""evidence"": ""IDA""}, {""go_id"": ""GO:0032588"", ""term_name"": ""trans-Golgi network membrane"", ""namespace"": ""cellular_component"", ""evidence"": ""IDA""}, {""go_id"": ""GO:0002172"", ""term_name"": ""high-affinity IgM receptor activity"", ""namespace"": ""molecular_function"", ""evidence"": ""IDA""}, {""go_id"": ""GO:0001790"", ""term_name"": ""polymeric immunoglobulin binding"", ""namespace"": ""molecular_function"", ""evidence"": ""IDA""}, {""go_id"": ""GO:0160006"", ""term_name"": ""Fc receptor-mediated immune complex endocytosis"", ""namespace"": ""biological_process"", ""evidence"": ""IDA""}]"
P04180,LCAT_HUMAN,LCAT,human,Homo sapiens (Human).,"RecName: Full=Phosphatidylcholine-sterol acyltransferase; EC=2.3.1.43 {ECO:0000269|PubMed:10222237, ECO:0000269|PubMed:10329423, ECO:0000269|PubMed:14636062, ECO:0000269|PubMed:19065001, ECO:0000269|PubMed:25727495, ECO:0000269|PubMed:26195816, ECO:0000269|PubMed:3458198}; AltName: Full=1-alkyl-2-acetylglycerophosphocholine esterase; EC=3.1.1.47 {ECO:0000269|PubMed:8016111}; AltName: Full=Lecithin-cholesterol acyltransferase; AltName: Full=Phospholipid-cholesterol acyltransferase; AltName: Full=Platelet-activating factor acetylhydrolase {ECO:0000303|PubMed:8016111}; Short=PAF acetylhydrolase; Flags: Precursor;","Central enzyme in the extracellular metabolism of plasma lipoproteins. Synthesized mainly in the liver and secreted into plasma where it converts cholesterol and phosphatidylcholines (lecithins) to cholesteryl esters and lysophosphatidylcholines on the surface of high and low density lipoproteins (HDLs and LDLs) (PubMed:10329423, PubMed:19065001, PubMed:26195816). The cholesterol ester is then transported back to the liver. Has a preference for plasma 16:0-18:2 or 18:O-18:2 phosphatidylcholines (PubMed:8820107). Also produced in the brain by primary astrocytes, and esterifies free cholesterol on nascent APOE-containing lipoproteins secreted from glia and influences cerebral spinal fluid (CSF) APOE- and APOA1 levels. Together with APOE and the cholesterol transporter ABCA1, plays a key role in the maturation of glial-derived, nascent lipoproteins. Required for remodeling high- density lipoprotein particles into their spherical forms (PubMed:10722751). Catalyzes the hydrolysis of 1-O-alkyl-2-acetyl-sn- glycero-3-phosphocholine (platelet-activating factor or PAF) to 1-O- alkyl-sn-glycero-3-phosphocholine (lyso-PAF) (PubMed:8016111). Also catalyzes the transfer of the acetate group from PAF to 1-hexadecanoyl- sn-glycero-3-phosphocholine forming lyso-PAF (PubMed:8016111). Catalyzes the esterification of (24S)-hydroxycholesterol (24(S)OH-C), also known as cerebrosterol to produce 24(S)OH-C monoesters (PubMed:24620755). {ECO:0000269|PubMed:10329423, ECO:0000269|PubMed:10722751, ECO:0000269|PubMed:12354767, ECO:0000269|PubMed:14636062, ECO:0000269|PubMed:19065001, ECO:0000269|PubMed:24620755, ECO:0000269|PubMed:26195816, ECO:0000269|PubMed:8016111, ECO:0000269|PubMed:8820107}.",17,GO:0003847|1-alkyl-2-acetylglycerophosphocholine esterase activity; GO:0034186|apolipoprotein A-I binding; GO:0004607|phosphatidylcholine-sterol O-acyltransferase activity; GO:0047179|platelet-activating factor acetyltransferase activity; GO:0004771|sterol ester esterase activity,GO:0042632|cholesterol homeostasis; GO:0008203|cholesterol metabolic process; GO:0030301|cholesterol transport; GO:0034375|high-density lipoprotein particle remodeling; GO:0006656|phosphatidylcholine biosynthetic process; GO:0046470|phosphatidylcholine metabolic process; GO:0006644|phospholipid metabolic process; GO:0043691|reverse cholesterol transport; GO:0034372|very-low-density lipoprotein particle remodeling,GO:0070062|extracellular exosome; GO:0005615|extracellular space; GO:0034364|high-density lipoprotein particle,"[{""go_id"": ""GO:0070062"", ""term_name"": ""extracellular exosome"", ""namespace"": ""cellular_component"", ""evidence"": ""HDA""}, {""go_id"": ""GO:0005615"", ""term_name"": ""extracellular space"", ""namespace"": ""cellular_component"", ""evidence"": ""IDA""}, {""go_id"": ""GO:0034364"", ""term_name"": ""high-density lipoprotein particle"", ""namespace"": ""cellular_component"", ""evidence"": ""IDA""}, {""go_id"": ""GO:0003847"", ""term_name"": ""1-alkyl-2-acetylglycerophosphocholine esterase activity"", ""namespace"": ""molecular_function"", ""evidence"": ""IDA""}, {""go_id"": ""GO:0034186"", ""term_name"": ""apolipoprotein A-I binding"", ""namespace"": ""molecular_function"", ""evidence"": ""IPI""}, {""go_id"": ""GO:0004607"", ""term_name"": ""phosphatidylcholine-sterol O-acyltransferase activity"", ""namespace"": ""molecular_function"", ""evidence"": ""IDA""}, {""go_id"": ""GO:0047179"", ""term_name"": ""platelet-activating factor acetyltransferase activity"", ""namespace"": ""molecular_function"", ""evidence"": ""IDA""}, {""go_id"": ""GO:0004771"", ""term_name"": ""sterol ester esterase activity"", ""namespace"": ""molecular_function"", ""evidence"": ""IDA""}, {""go_id"": ""GO:0042632"", ""term_name"": ""cholesterol homeostasis"", ""namespace"": ""biological_process"", ""evidence"": ""IDA""}, {""go_id"": ""GO:0008203"", ""term_name"": ""cholesterol metabolic process"", ""namespace"": ""biological_process"", ""evidence"": ""IDA""}, {""go_id"": ""GO:0030301"", ""term_name"": ""cholesterol transport"", ""namespace"": ""biological_process"", ""evidence"": ""IDA""}, {""go_id"": ""GO:0034375"", ""term_name"": ""high-density lipoprotein particle remodeling"", ""namespace"": ""biological_process"", ""evidence"": ""IDA""}, {""go_id"": ""GO:0006656"", ""term_name"": ""phosphatidylcholine biosynthetic process"", ""namespace"": ""biological_process"", ""evidence"": ""IDA""}, {""go_id"": ""GO:0046470"", ""term_name"": ""phosphatidylcholine metabolic process"", ""namespace"": ""biological_process"", ""evidence"": ""IDA""}, {""go_id"": ""GO:0006644"", ""term_name"": ""phospholipid metabolic process"", ""namespace"": ""biological_process"", ""evidence"": ""IDA""}, {""go_id"": ""GO:0043691"", ""term_name"": ""reverse cholesterol transport"", ""namespace"": ""biological_process"", ""evidence"": ""IDA""}, {""go_id"": ""GO:0034372"", ""term_name"": ""very-low-density lipoprotein particle remodeling"", ""namespace"": ""biological_process"", ""evidence"": ""IDA""}]"
Q9BW27,NUP85_HUMAN,NUP85,human,Homo sapiens (Human).,RecName: Full=Nuclear pore complex protein Nup85; AltName: Full=85 kDa nucleoporin; AltName: Full=FROUNT; AltName: Full=Nucleoporin Nup75; AltName: Full=Nucleoporin Nup85; AltName: Full=Pericentrin-1;,"Essential component of the nuclear pore complex (NPC) that seems to be required for NPC assembly and maintenance (PubMed:12718872). As part of the NPC Nup107-160 subcomplex plays a role in RNA export and in tethering NUP96/Nup98 and NUP153 to the nucleus (PubMed:12718872). The Nup107-160 complex seems to be required for spindle assembly during mitosis (PubMed:16807356). NUP85 is required for membrane clustering of CCL2-activated CCR2 (PubMed:15995708). Seems to be involved in CCR2-mediated chemotaxis of monocytes and may link activated CCR2 to the phosphatidyl-inositol 3- kinase-Rac-lammellipodium protrusion cascade (PubMed:15995708). Involved in nephrogenesis (PubMed:30179222). {ECO:0000269|PubMed:12718872, ECO:0000269|PubMed:15995708, ECO:0000269|PubMed:16807356, ECO:0000269|PubMed:30179222}.",8,,GO:0072006|nephron development,GO:0015629|actin cytoskeleton; GO:0036064|ciliary basal body; GO:0005829|cytosol; GO:0016020|membrane; GO:0005635|nuclear envelope; GO:0031080|nuclear pore outer ring; GO:0005654|nucleoplasm,"[{""go_id"": ""GO:0015629"", ""term_name"": ""actin cytoskeleton"", ""namespace"": ""cellular_component"", ""evidence"": ""IDA""}, {""go_id"": ""GO:0036064"", ""term_name"": ""ciliary basal body"", ""namespace"": ""cellular_component"", ""evidence"": ""IDA""}, {""go_id"": ""GO:0005829"", ""term_name"": ""cytosol"", ""namespace"": ""cellular_component"", ""evidence"": ""IDA""}, {""go_id"": ""GO:0016020"", ""term_name"": ""membrane"", ""namespace"": ""cellular_component"", ""evidence"": ""HDA""}, {""go_id"": ""GO:0005635"", ""term_name"": ""nuclear envelope"", ""namespace"": ""cellular_component"", ""evidence"": ""IDA""}, {""go_id"": ""GO:0031080"", ""term_name"": ""nuclear pore outer ring"", ""namespace"": ""cellular_component"", ""evidence"": ""IDA""}, {""go_id"": ""GO:0005654"", ""term_name"": ""nucleoplasm"", ""namespace"": ""cellular_component"", ""evidence"": ""IDA""}, {""go_id"": ""GO:0072006"", ""term_name"": ""nephron development"", ""namespace"": ""biological_process"", ""evidence"": ""IMP""}]"
Q03923,ZNF85_HUMAN,ZNF85,human,Homo sapiens (Human).,RecName: Full=Zinc finger protein 85; AltName: Full=Zinc finger protein HPF4; AltName: Full=Zinc finger protein HTF1;,May be a transcriptional repressor. {ECO:0000269|PubMed:9839802}.,4,"GO:0001227|DNA-binding transcription repressor activity, RNA polymerase II-specific; GO:0000978|RNA polymerase II cis-regulatory region sequence-specific DNA binding",,GO:0005654|nucleoplasm; GO:0005634|nucleus,"[{""go_id"": ""GO:0005654"", ""term_name"": ""nucleoplasm"", ""namespace"": ""cellular_component"", ""evidence"": ""IDA""}, {""go_id"": ""GO:0005634"", ""term_name"": ""nucleus"", ""namespace"": ""cellular_component"", ""evidence"": ""IDA""}, {""go_id"": ""GO:0001227"", ""term_name"": ""DNA-binding transcription repressor activity, RNA polymerase II-specific"", ""namespace"": ""molecular_function"", ""evidence"": ""IDA""}, {""go_id"": ""GO:0000978"", ""term_name"": ""RNA polymerase II cis-regulatory region sequence-specific DNA binding"", ""namespace"": ""molecular_function"", ""evidence"": ""IDA""}]"
O75414,NDK6_HUMAN,NDK6,human,Homo sapiens (Human).,"RecName: Full=Nucleoside diphosphate kinase 6, mitochondrial {ECO:0000305}; Short=NDK6; Short=NDP kinase 6; EC=2.7.4.6 {ECO:0000269|PubMed:10618642, ECO:0000269|PubMed:37770567}; AltName: Full=Inhibitor of p53-induced apoptosis-alpha; Short=IPIA-alpha; AltName: Full=nm23-H6 {ECO:0000303|PubMed:10453732};","Catalytic subunit of a complex with RCC1L, which catalyzes the transfer of a gamma-phosphoryl group from a nucleoside triphosphate, mainly ATP, to a nucleoside diphosphate via a ping-pong mechanism involving the formation of a phosphohistidine intermediate (PubMed:10618642, PubMed:34789336, PubMed:37770567). Participates in the regulation of mitochondrial nucleotide levels, mitoribosome biogenesis, and mitochondrial RNA abundances (PubMed:10618642, PubMed:34789336, PubMed:37770567). Supplies pyrimidine ribonucleoside triphosphates (rNTPs) for mitochondrial transcription and is required for the maintenance of mitochondrial DNA (mtDNA) when the import of pyrimidine deoxyribonucleoside triphosphates (dNTPs) is limited from the cytosol is limited (PubMed:37439264). As a monomer, lacks nucleoside diphosphate kinase (NDPK) activity (PubMed:34789336). {ECO:0000269|PubMed:10618642, ECO:0000269|PubMed:34789336, ECO:0000269|PubMed:37439264, ECO:0000269|PubMed:37770567}.",8,GO:0004550|nucleoside diphosphate kinase activity,GO:0030308|negative regulation of cell growth; GO:0045839|negative regulation of mitotic nuclear division; GO:0009117|nucleotide metabolic process; GO:0010138|pyrimidine ribonucleotide salvage,GO:0005743|mitochondrial inner membrane; GO:0005759|mitochondrial matrix; GO:0005739|mitochondrion,"[{""go_id"": ""GO:0005743"", ""term_name"": ""mitochondrial inner membrane"", ""namespace"": ""cellular_component"", ""evidence"": ""IDA""}, {""go_id"": ""GO:0005759"", ""term_name"": ""mitochondrial matrix"", ""namespace"": ""cellular_component"", ""evidence"": ""IDA""}, {""go_id"": ""GO:0005739"", ""term_name"": ""mitochondrion"", ""namespace"": ""cellular_component"", ""evidence"": ""IDA""}, {""go_id"": ""GO:0004550"", ""term_name"": ""nucleoside diphosphate kinase activity"", ""namespace"": ""molecular_function"", ""evidence"": ""IDA""}, {""go_id"": ""GO:0030308"", ""term_name"": ""negative regulation of cell growth"", ""namespace"": ""biological_process"", ""evidence"": ""IDA""}, {""go_id"": ""GO:0045839"", ""term_name"": ""negative regulation of mitotic nuclear division"", ""namespace"": ""biological_process"", ""evidence"": ""IDA""}, {""go_id"": ""GO:0009117"", ""term_name"": ""nucleotide metabolic process"", ""namespace"": ""biological_process"", ""evidence"": ""IDA""}, {""go_id"": ""GO:0010138"", ""term_name"": ""pyrimidine ribonucleotide salvage"", ""namespace"": ""biological_process"", ""evidence"": ""IDA""}]"
