accession,entry_name,gene_name,organism,organism_full,protein_name,function_text,n_go_terms_total,go_molecular_function,go_biological_process,go_cellular_component,go_terms_json
Q6DRM0,GET1_DANRE,GET1,zebrafish,Danio rerio (Zebrafish) (Brachydanio rerio).,RecName: Full=Guided entry of tail-anchored proteins factor 1 {ECO:0000250|UniProtKB:O00258}; AltName: Full=Tail-anchored protein insertion receptor WRB; AltName: Full=Tryptophan-rich basic protein;,"Required for the post-translational delivery of tail-anchored (TA) proteins to the endoplasmic reticulum (ER) (By similarity). Together with CAMLG/GET2, acts as a membrane receptor for soluble GET3/TRC40, which recognizes and selectively binds the transmembrane domain of TA proteins in the cytosol (By similarity). Required to ensure correct topology and ER insertion of CAMLG (By similarity). {ECO:0000250|UniProtKB:O00258}.",7,,GO:0007507|heart development; GO:0010996|response to auditory stimulus; GO:0060041|retina development in camera-type eye; GO:0007605|sensory perception of sound; GO:0001964|startle response; GO:0071816|tail-anchored membrane protein insertion into ER membrane,GO:0005783|endoplasmic reticulum,"[{""go_id"": ""GO:0005783"", ""term_name"": ""endoplasmic reticulum"", ""namespace"": ""cellular_component"", ""evidence"": ""IDA""}, {""go_id"": ""GO:0007507"", ""term_name"": ""heart development"", ""namespace"": ""biological_process"", ""evidence"": ""IMP""}, {""go_id"": ""GO:0010996"", ""term_name"": ""response to auditory stimulus"", ""namespace"": ""biological_process"", ""evidence"": ""IMP""}, {""go_id"": ""GO:0060041"", ""term_name"": ""retina development in camera-type eye"", ""namespace"": ""biological_process"", ""evidence"": ""IMP""}, {""go_id"": ""GO:0007605"", ""term_name"": ""sensory perception of sound"", ""namespace"": ""biological_process"", ""evidence"": ""IDA""}, {""go_id"": ""GO:0001964"", ""term_name"": ""startle response"", ""namespace"": ""biological_process"", ""evidence"": ""IMP""}, {""go_id"": ""GO:0071816"", ""term_name"": ""tail-anchored membrane protein insertion into ER membrane"", ""namespace"": ""biological_process"", ""evidence"": ""IMP""}]"
A8E7I5,TTC36_DANRE,TTC36,zebrafish,Danio rerio (Zebrafish) (Brachydanio rerio).,RecName: Full=Tetratricopeptide repeat protein 36; Short=TPR repeat protein 36;,,3,,GO:0060271|cilium assembly; GO:0061371|determination of heart left/right asymmetry; GO:0032474|otolith morphogenesis,,"[{""go_id"": ""GO:0060271"", ""term_name"": ""cilium assembly"", ""namespace"": ""biological_process"", ""evidence"": ""IMP""}, {""go_id"": ""GO:0061371"", ""term_name"": ""determination of heart left/right asymmetry"", ""namespace"": ""biological_process"", ""evidence"": ""IMP""}, {""go_id"": ""GO:0032474"", ""term_name"": ""otolith morphogenesis"", ""namespace"": ""biological_process"", ""evidence"": ""IMP""}]"
Q7T384,SC5AC_DANRE,SC5AC,zebrafish,Danio rerio (Zebrafish) (Brachydanio rerio).,RecName: Full=Sodium-coupled monocarboxylate transporter 2; AltName: Full=Electroneutral sodium monocarboxylate cotransporter {ECO:0000303|PubMed:17255103}; Short=zSMCTn {ECO:0000303|PubMed:17255103}; AltName: Full=Low-affinity sodium-lactate cotransporter; AltName: Full=Solute carrier family 5 member 12; Short=zSLC5A12;,"Acts as an electroneutral and low-affinity sodium (Na(+))- dependent sodium-coupled solute transporter. Catalyzes the transport across the plasma membrane of many monocarboxylates such as lactate, pyruvate, nicotinate, propionate, butyrate and beta-D-hydroxybutyrate. {ECO:0000269|PubMed:17255103}.",3,GO:0140161|monocarboxylate:sodium symporter activity; GO:0015355|secondary active monocarboxylate transmembrane transporter activity,GO:0015718|monocarboxylic acid transport,,"[{""go_id"": ""GO:0140161"", ""term_name"": ""monocarboxylate:sodium symporter activity"", ""namespace"": ""molecular_function"", ""evidence"": ""IDA""}, {""go_id"": ""GO:0015355"", ""term_name"": ""secondary active monocarboxylate transmembrane transporter activity"", ""namespace"": ""molecular_function"", ""evidence"": ""IDA""}, {""go_id"": ""GO:0015718"", ""term_name"": ""monocarboxylic acid transport"", ""namespace"": ""biological_process"", ""evidence"": ""IDA""}]"
Q7ZWG9,SGMR1_DANRE,SGMR1,zebrafish,Danio rerio (Zebrafish) (Brachydanio rerio).,RecName: Full=Sigma non-opioid intracellular receptor 1; AltName: Full=Sigma 1-type opioid receptor; Short=Sigma1-receptor; Short=Sigma1R;,May function in lipid transport from the endoplasmic reticulum and be involved in a wide array of cellular functions probably through regulation of the biogenesis of lipid microdomains at the plasma membrane. May regulate calcium efflux at the endoplasmic reticulum (By similarity). {ECO:0000250}.,5,,GO:0043457|regulation of cellular respiration; GO:1905897|regulation of response to endoplasmic reticulum stress; GO:0009611|response to wounding; GO:0046548|retinal rod cell development; GO:0036269|swimming behavior,,"[{""go_id"": ""GO:0043457"", ""term_name"": ""regulation of cellular respiration"", ""namespace"": ""biological_process"", ""evidence"": ""IMP""}, {""go_id"": ""GO:1905897"", ""term_name"": ""regulation of response to endoplasmic reticulum stress"", ""namespace"": ""biological_process"", ""evidence"": ""IMP""}, {""go_id"": ""GO:0009611"", ""term_name"": ""response to wounding"", ""namespace"": ""biological_process"", ""evidence"": ""IMP""}, {""go_id"": ""GO:0046548"", ""term_name"": ""retinal rod cell development"", ""namespace"": ""biological_process"", ""evidence"": ""IMP""}, {""go_id"": ""GO:0036269"", ""term_name"": ""swimming behavior"", ""namespace"": ""biological_process"", ""evidence"": ""IMP""}]"
F1QB30,AMFR_DANRE,AMFR,zebrafish,Danio rerio (Zebrafish) (Brachydanio rerio).,RecName: Full=E3 ubiquitin-protein ligase AMFR; EC=2.3.2.36 {ECO:0000269|PubMed:25064675}; AltName: Full=Autocrine motility factor receptor; Short=AMF receptor;,"E3 ubiquitin-protein ligase that mediates the polyubiquitination of lysine and cysteine residues on target proteins (PubMed:25064675). May participate in the final step of endoplasmic reticulum-associated degradation (ERAD) (PubMed:25064675). Required for proper lipid homeostasis (PubMed:37119330). {ECO:0000269|PubMed:25064675, ECO:0000269|PubMed:37119330}.",5,GO:0061630|ubiquitin protein ligase activity,GO:0000209|protein polyubiquitination; GO:0034976|response to endoplasmic reticulum stress,GO:0005783|endoplasmic reticulum; GO:0005789|endoplasmic reticulum membrane,"[{""go_id"": ""GO:0005783"", ""term_name"": ""endoplasmic reticulum"", ""namespace"": ""cellular_component"", ""evidence"": ""IDA""}, {""go_id"": ""GO:0005789"", ""term_name"": ""endoplasmic reticulum membrane"", ""namespace"": ""cellular_component"", ""evidence"": ""IDA""}, {""go_id"": ""GO:0061630"", ""term_name"": ""ubiquitin protein ligase activity"", ""namespace"": ""molecular_function"", ""evidence"": ""IDA""}, {""go_id"": ""GO:0000209"", ""term_name"": ""protein polyubiquitination"", ""namespace"": ""biological_process"", ""evidence"": ""IDA""}, {""go_id"": ""GO:0034976"", ""term_name"": ""response to endoplasmic reticulum stress"", ""namespace"": ""biological_process"", ""evidence"": ""IMP""}]"
Q1LXE6,TT39C_DANRE,TT39C,zebrafish,Danio rerio (Zebrafish) (Brachydanio rerio).,RecName: Full=Tetratricopeptide repeat protein 39C; Short=TPR repeat protein 39C;,,3,,GO:0060271|cilium assembly; GO:0061371|determination of heart left/right asymmetry; GO:0032474|otolith morphogenesis,,"[{""go_id"": ""GO:0060271"", ""term_name"": ""cilium assembly"", ""namespace"": ""biological_process"", ""evidence"": ""IMP""}, {""go_id"": ""GO:0061371"", ""term_name"": ""determination of heart left/right asymmetry"", ""namespace"": ""biological_process"", ""evidence"": ""IMP""}, {""go_id"": ""GO:0032474"", ""term_name"": ""otolith morphogenesis"", ""namespace"": ""biological_process"", ""evidence"": ""IMP""}]"
A1L1N5,HN1BA_DANRE,HN1BA,zebrafish,Danio rerio (Zebrafish) (Brachydanio rerio).,RecName: Full=Hepatocyte nuclear factor 1-beta-A; Short=HNF-1-beta-A; Short=HNF-1B-A; AltName: Full=Hepatocyte nuclear factor 1-beta-2; Short=HNF-1B-2; AltName: Full=Transcription factor 2; Short=TCF-2; AltName: Full=Variant hepatic nuclear factor 1; Short=vHNF1;,"Transcription factor that binds to the inverted palindrome 5'-GTTAATNATTAAC-3' (By similarity). Required for induction of rhombomere r5/r6 gene expression in the hindbrain. {ECO:0000250|UniProtKB:P35680, ECO:0000269|PubMed:18945197}.",26,,GO:0009952|anterior/posterior pattern specification; GO:0034672|anterior/posterior pattern specification involved in pronephros development; GO:0048546|digestive tract morphogenesis; GO:0048566|embryonic digestive tract development; GO:0031018|endocrine pancreas development; GO:0001706|endoderm formation; GO:0042593|glucose homeostasis; GO:0061008|hepaticobiliary system development; GO:0030902|hindbrain development; GO:0021575|hindbrain morphogenesis; GO:0035622|intrahepatic bile duct development; GO:0001889|liver development; GO:0072576|liver morphogenesis; GO:0043049|otic placode formation; GO:0030916|otic vesicle formation; GO:0048840|otolith development; GO:0032474|otolith morphogenesis; GO:0031016|pancreas development; GO:1990798|pancreas regeneration; GO:0021571|rhombomere 5 development; GO:0021664|rhombomere 5 morphogenesis; GO:0021572|rhombomere 6 development; GO:0021667|rhombomere 6 morphogenesis; GO:0048752|semicircular canal morphogenesis; GO:0035148|tube formation; GO:0003323|type B pancreatic cell development,,"[{""go_id"": ""GO:0009952"", ""term_name"": ""anterior/posterior pattern specification"", ""namespace"": ""biological_process"", ""evidence"": ""IMP""}, {""go_id"": ""GO:0034672"", ""term_name"": ""anterior/posterior pattern specification involved in pronephros development"", ""namespace"": ""biological_process"", ""evidence"": ""IGI""}, {""go_id"": ""GO:0048546"", ""term_name"": ""digestive tract morphogenesis"", ""namespace"": ""biological_process"", ""evidence"": ""IMP""}, {""go_id"": ""GO:0048566"", ""term_name"": ""embryonic digestive tract development"", ""namespace"": ""biological_process"", ""evidence"": ""IMP""}, {""go_id"": ""GO:0031018"", ""term_name"": ""endocrine pancreas development"", ""namespace"": ""biological_process"", ""evidence"": ""IMP""}, {""go_id"": ""GO:0001706"", ""term_name"": ""endoderm formation"", ""namespace"": ""biological_process"", ""evidence"": ""IDA""}, {""go_id"": ""GO:0042593"", ""term_name"": ""glucose homeostasis"", ""namespace"": ""biological_process"", ""evidence"": ""IMP""}, {""go_id"": ""GO:0061008"", ""term_name"": ""hepaticobiliary system development"", ""namespace"": ""biological_process"", ""evidence"": ""IGI""}, {""go_id"": ""GO:0030902"", ""term_name"": ""hindbrain development"", ""namespace"": ""biological_process"", ""evidence"": ""IMP""}, {""go_id"": ""GO:0021575"", ""term_name"": ""hindbrain morphogenesis"", ""namespace"": ""biological_process"", ""evidence"": ""IMP""}, {""go_id"": ""GO:0035622"", ""term_name"": ""intrahepatic bile duct development"", ""namespace"": ""biological_process"", ""evidence"": ""IGI""}, {""go_id"": ""GO:0001889"", ""term_name"": ""liver development"", ""namespace"": ""biological_process"", ""evidence"": ""IMP""}, {""go_id"": ""GO:0072576"", ""term_name"": ""liver morphogenesis"", ""namespace"": ""biological_process"", ""evidence"": ""IMP""}, {""go_id"": ""GO:0043049"", ""term_name"": ""otic placode formation"", ""namespace"": ""biological_process"", ""evidence"": ""IMP""}, {""go_id"": ""GO:0030916"", ""term_name"": ""otic vesicle formation"", ""namespace"": ""biological_process"", ""evidence"": ""IMP""}, {""go_id"": ""GO:0048840"", ""term_name"": ""otolith development"", ""namespace"": ""biological_process"", ""evidence"": ""IGI""}, {""go_id"": ""GO:0032474"", ""term_name"": ""otolith morphogenesis"", ""namespace"": ""biological_process"", ""evidence"": ""IMP""}, {""go_id"": ""GO:0031016"", ""term_name"": ""pancreas development"", ""namespace"": ""biological_process"", ""evidence"": ""IMP""}, {""go_id"": ""GO:1990798"", ""term_name"": ""pancreas regeneration"", ""namespace"": ""biological_process"", ""evidence"": ""IMP""}, {""go_id"": ""GO:0021571"", ""term_name"": ""rhombomere 5 development"", ""namespace"": ""biological_process"", ""evidence"": ""IMP""}, {""go_id"": ""GO:0021664"", ""term_name"": ""rhombomere 5 morphogenesis"", ""namespace"": ""biological_process"", ""evidence"": ""IMP""}, {""go_id"": ""GO:0021572"", ""term_name"": ""rhombomere 6 development"", ""namespace"": ""biological_process"", ""evidence"": ""IMP""}, {""go_id"": ""GO:0021667"", ""term_name"": ""rhombomere 6 morphogenesis"", ""namespace"": ""biological_process"", ""evidence"": ""IMP""}, {""go_id"": ""GO:0048752"", ""term_name"": ""semicircular canal morphogenesis"", ""namespace"": ""biological_process"", ""evidence"": ""IMP""}, {""go_id"": ""GO:0035148"", ""term_name"": ""tube formation"", ""namespace"": ""biological_process"", ""evidence"": ""IMP""}, {""go_id"": ""GO:0003323"", ""term_name"": ""type B pancreatic cell development"", ""namespace"": ""biological_process"", ""evidence"": ""IMP""}]"
Q4H4B6,SCRIB_DANRE,SCRIB,zebrafish,Danio rerio (Zebrafish) (Brachydanio rerio).,RecName: Full=Protein scribble homolog; AltName: Full=Scribble1;,Scaffold protein involved in different aspects of polarized cells differentiation regulating epithelial and neuronal morphogenesis. Regulates the caudal migration of the nVII motor neurons. Required for convergent extension movements during gastrulation. {ECO:0000269|PubMed:15829519}.,12,GO:0046982|protein heterodimerization activity,GO:0033564|anterior/posterior axon guidance; GO:0071679|commissural neuron axon guidance; GO:0060027|convergent extension involved in gastrulation; GO:0000132|establishment of mitotic spindle orientation; GO:0001736|establishment of planar polarity; GO:0097475|motor neuron migration; GO:0001841|neural tube formation; GO:0048884|neuromast development; GO:0001764|neuron migration; GO:0001944|vasculature development,GO:0016020|membrane,"[{""go_id"": ""GO:0016020"", ""term_name"": ""membrane"", ""namespace"": ""cellular_component"", ""evidence"": ""IDA""}, {""go_id"": ""GO:0046982"", ""term_name"": ""protein heterodimerization activity"", ""namespace"": ""molecular_function"", ""evidence"": ""IPI""}, {""go_id"": ""GO:0033564"", ""term_name"": ""anterior/posterior axon guidance"", ""namespace"": ""biological_process"", ""evidence"": ""IMP""}, {""go_id"": ""GO:0071679"", ""term_name"": ""commissural neuron axon guidance"", ""namespace"": ""biological_process"", ""evidence"": ""IMP""}, {""go_id"": ""GO:0060027"", ""term_name"": ""convergent extension involved in gastrulation"", ""namespace"": ""biological_process"", ""evidence"": ""IGI""}, {""go_id"": ""GO:0000132"", ""term_name"": ""establishment of mitotic spindle orientation"", ""namespace"": ""biological_process"", ""evidence"": ""IMP""}, {""go_id"": ""GO:0001736"", ""term_name"": ""establishment of planar polarity"", ""namespace"": ""biological_process"", ""evidence"": ""IMP""}, {""go_id"": ""GO:0097475"", ""term_name"": ""motor neuron migration"", ""namespace"": ""biological_process"", ""evidence"": ""IGI""}, {""go_id"": ""GO:0001841"", ""term_name"": ""neural tube formation"", ""namespace"": ""biological_process"", ""evidence"": ""IMP""}, {""go_id"": ""GO:0048884"", ""term_name"": ""neuromast development"", ""namespace"": ""biological_process"", ""evidence"": ""IMP""}, {""go_id"": ""GO:0001764"", ""term_name"": ""neuron migration"", ""namespace"": ""biological_process"", ""evidence"": ""IMP""}, {""go_id"": ""GO:0001944"", ""term_name"": ""vasculature development"", ""namespace"": ""biological_process"", ""evidence"": ""IMP""}]"
Q708S6,ASI1C_DANRE,ASI1C,zebrafish,Danio rerio (Zebrafish) (Brachydanio rerio).,"RecName: Full=Acid-sensing ion channel 1C {ECO:0000305|PubMed:14970195}; Short=ASIC1-C {ECO:0000305|PubMed:14970195}; AltName: Full=Acid-sensing ion channel 1.3-C; AltName: Full=Amiloride-sensitive cation channel 2-C, neuronal-C; AltName: Full=ZASIC1.3 {ECO:0000303|PubMed:14970195};","Forms voltage-independent, pH-gated trimeric sodium channels that act as postsynaptic excitatory receptors in the nervous system, playing a crucial role in regulating synaptic plasticity, learning, and memory (PubMed:14970195). Upon extracellular pH drop this channel elicits transient, fast activating, and completely desensitizing inward currents (PubMed:14970195). Displays high selectivity for sodium ions but can also permit the permeation of other cations (By similarity). {ECO:0000250|UniProtKB:P78348, ECO:0000269|PubMed:14970195}.",3,GO:0015280|ligand-gated sodium channel activity; GO:0005261|monoatomic cation channel activity,,GO:0005886|plasma membrane,"[{""go_id"": ""GO:0005886"", ""term_name"": ""plasma membrane"", ""namespace"": ""cellular_component"", ""evidence"": ""IDA""}, {""go_id"": ""GO:0015280"", ""term_name"": ""ligand-gated sodium channel activity"", ""namespace"": ""molecular_function"", ""evidence"": ""IDA""}, {""go_id"": ""GO:0005261"", ""term_name"": ""monoatomic cation channel activity"", ""namespace"": ""molecular_function"", ""evidence"": ""IGI""}]"
A0A1Z2R986,EGLN_DANRE,EGLN,zebrafish,Danio rerio (Zebrafish) (Brachydanio rerio).,RecName: Full=Endoglin {ECO:0000303|PubMed:28530658}; Flags: Precursor;,"Vascular endothelium glycoprotein that plays an important role in the regulation of angiogenesis. Required for normal structure and integrity of adult vasculature. Important for endothelial cell shape changes in response to blood flow, which drive vascular remodeling and establishment of normal vascular morphology during angiogenesis. {ECO:0000269|PubMed:28530658}.",5,,GO:0001568|blood vessel development; GO:0048514|blood vessel morphogenesis; GO:0071260|cellular response to mechanical stimulus; GO:0001886|endothelial cell morphogenesis; GO:0007507|heart development,,"[{""go_id"": ""GO:0001568"", ""term_name"": ""blood vessel development"", ""namespace"": ""biological_process"", ""evidence"": ""IMP""}, {""go_id"": ""GO:0048514"", ""term_name"": ""blood vessel morphogenesis"", ""namespace"": ""biological_process"", ""evidence"": ""IMP""}, {""go_id"": ""GO:0071260"", ""term_name"": ""cellular response to mechanical stimulus"", ""namespace"": ""biological_process"", ""evidence"": ""IMP""}, {""go_id"": ""GO:0001886"", ""term_name"": ""endothelial cell morphogenesis"", ""namespace"": ""biological_process"", ""evidence"": ""IMP""}, {""go_id"": ""GO:0007507"", ""term_name"": ""heart development"", ""namespace"": ""biological_process"", ""evidence"": ""IMP""}]"
Q6PHH3,PD10A_DANRE,PD10A,zebrafish,Danio rerio (Zebrafish) (Brachydanio rerio).,RecName: Full=Programmed cell death protein 10-A;,"Promotes cell proliferation. Modulates apoptotic pathways. Increases mitogen-activated protein kinase activity. Important for cell migration, and for normal structure and assembly of the Golgi complex. Important for KDR/VEGFR2 signaling. Required for normal angiogenesis, vasculogenesis and hematopoiesis during embryonic development (By similarity). Required for normal cardiovascular development (PubMed:19370760). Promotes cell proliferation. Modulates apoptotic pathways. Increases mitogen-activated protein kinase activity and STK26 activity. Important for cell migration, and for normal structure and assembly of the Golgi complex. Part of the striatin-interacting phosphatase and kinase (STRIPAK) complexes. STRIPAK complexes have critical roles in protein (de)phosphorylation and are regulators of multiple signaling pathways including Hippo, MAPK, nuclear receptor and cytoskeleton remodeling. Different types of STRIPAK complexes are involved in a variety of biological processes such as cell growth, differentiation, apoptosis, metabolism and immune regulation (By similarity). {ECO:0000250|UniProtKB:Q8VE70, ECO:0000250|UniProtKB:Q9BUL8, ECO:0000269|PubMed:19370760}.",6,,GO:0001568|blood vessel development; GO:0048514|blood vessel morphogenesis; GO:0043009|chordate embryonic development; GO:0007507|heart development; GO:0003007|heart morphogenesis; GO:0001944|vasculature development,,"[{""go_id"": ""GO:0001568"", ""term_name"": ""blood vessel development"", ""namespace"": ""biological_process"", ""evidence"": ""IMP""}, {""go_id"": ""GO:0048514"", ""term_name"": ""blood vessel morphogenesis"", ""namespace"": ""biological_process"", ""evidence"": ""IGI""}, {""go_id"": ""GO:0043009"", ""term_name"": ""chordate embryonic development"", ""namespace"": ""biological_process"", ""evidence"": ""IGI""}, {""go_id"": ""GO:0007507"", ""term_name"": ""heart development"", ""namespace"": ""biological_process"", ""evidence"": ""IGI""}, {""go_id"": ""GO:0003007"", ""term_name"": ""heart morphogenesis"", ""namespace"": ""biological_process"", ""evidence"": ""IGI""}, {""go_id"": ""GO:0001944"", ""term_name"": ""vasculature development"", ""namespace"": ""biological_process"", ""evidence"": ""IGI""}]"
A2T928,RARGB_DANRE,RARGB,zebrafish,Danio rerio (Zebrafish) (Brachydanio rerio).,RecName: Full=Retinoic acid receptor gamma-B; Short=RAR-gamma-B; AltName: Full=Nuclear receptor subfamily 1 group B member 3-B;,"Receptor for retinoic acid. Retinoic acid receptors bind as heterodimers to their target response elements in response to their ligands, all-trans or 9-cis retinoic acid, and regulate gene expression in various biological processes. The rar/rxr heterodimers bind to the retinoic acid response elements (RARE) composed of tandem 5'-AGGTCA-3' sites known as DR1-DR5 (By similarity). Required for hindbrain development. {ECO:0000250, ECO:0000269|PubMed:18929555}.",7,,GO:0071907|determination of digestive tract left/right asymmetry; GO:0061371|determination of heart left/right asymmetry; GO:0003140|determination of left/right asymmetry in lateral mesoderm; GO:0071910|determination of liver left/right asymmetry; GO:0035469|determination of pancreatic left/right asymmetry; GO:0035622|intrahepatic bile duct development; GO:0030514|negative regulation of BMP signaling pathway,,"[{""go_id"": ""GO:0071907"", ""term_name"": ""determination of digestive tract left/right asymmetry"", ""namespace"": ""biological_process"", ""evidence"": ""IMP""}, {""go_id"": ""GO:0061371"", ""term_name"": ""determination of heart left/right asymmetry"", ""namespace"": ""biological_process"", ""evidence"": ""IMP""}, {""go_id"": ""GO:0003140"", ""term_name"": ""determination of left/right asymmetry in lateral mesoderm"", ""namespace"": ""biological_process"", ""evidence"": ""IMP""}, {""go_id"": ""GO:0071910"", ""term_name"": ""determination of liver left/right asymmetry"", ""namespace"": ""biological_process"", ""evidence"": ""IMP""}, {""go_id"": ""GO:0035469"", ""term_name"": ""determination of pancreatic left/right asymmetry"", ""namespace"": ""biological_process"", ""evidence"": ""IMP""}, {""go_id"": ""GO:0035622"", ""term_name"": ""intrahepatic bile duct development"", ""namespace"": ""biological_process"", ""evidence"": ""IMP""}, {""go_id"": ""GO:0030514"", ""term_name"": ""negative regulation of BMP signaling pathway"", ""namespace"": ""biological_process"", ""evidence"": ""IMP""}]"
A7MBS7,THS7A_DANRE,THS7A,zebrafish,Danio rerio (Zebrafish) (Brachydanio rerio).,RecName: Full=Thrombospondin type-1 domain-containing protein 7A; Flags: Precursor;,"Required for normal sprouting angiogenesis and normal embryonic development of intersegmental vessels (ISV) (PubMed:21520329, PubMed:27484901). Required for normal function of the glomerular filtration barrier (PubMed:28814510). Required for normal axon outgrowth on embryonic motor neurons at the level of the horizontal myoseptum. Required for normal expression of notch1b, suggesting that its functions in angiogenesis and neuron outgrowth are due to decreased expression of notch1b (PubMed:27484901). Plays a role in actin cytoskeleton rearrangement (By similarity). {ECO:0000250|UniProtKB:Q69ZU6, ECO:0000269|PubMed:21520329, ECO:0000269|PubMed:27484901, ECO:0000269|PubMed:28814510}.",8,,GO:0001525|angiogenesis; GO:0048675|axon extension; GO:0043534|blood vessel endothelial cell migration; GO:0003094|glomerular filtration; GO:0032835|glomerulus development; GO:0072015|podocyte development; GO:0008593|regulation of Notch signaling pathway; GO:0002040|sprouting angiogenesis,,"[{""go_id"": ""GO:0001525"", ""term_name"": ""angiogenesis"", ""namespace"": ""biological_process"", ""evidence"": ""IMP""}, {""go_id"": ""GO:0048675"", ""term_name"": ""axon extension"", ""namespace"": ""biological_process"", ""evidence"": ""IMP""}, {""go_id"": ""GO:0043534"", ""term_name"": ""blood vessel endothelial cell migration"", ""namespace"": ""biological_process"", ""evidence"": ""IMP""}, {""go_id"": ""GO:0003094"", ""term_name"": ""glomerular filtration"", ""namespace"": ""biological_process"", ""evidence"": ""IMP""}, {""go_id"": ""GO:0032835"", ""term_name"": ""glomerulus development"", ""namespace"": ""biological_process"", ""evidence"": ""IMP""}, {""go_id"": ""GO:0072015"", ""term_name"": ""podocyte development"", ""namespace"": ""biological_process"", ""evidence"": ""IMP""}, {""go_id"": ""GO:0008593"", ""term_name"": ""regulation of Notch signaling pathway"", ""namespace"": ""biological_process"", ""evidence"": ""IMP""}, {""go_id"": ""GO:0002040"", ""term_name"": ""sprouting angiogenesis"", ""namespace"": ""biological_process"", ""evidence"": ""IMP""}]"
B3DH96,O1312_DANRE,O1312,zebrafish,Danio rerio (Zebrafish) (Brachydanio rerio).,"RecName: Full=Odorant receptor 131-2 {ECO:0000305}; AltName: Full=Odorant receptor family H, subfamily 131, member 2 {ECO:0000312|ZFIN:ZDB-GENE-070806-46};",Probable olfactory receptor. {ECO:0000305}.,3,GO:0042803|protein homodimerization activity,,GO:0043231|intracellular membrane-bounded organelle; GO:0016020|membrane,"[{""go_id"": ""GO:0043231"", ""term_name"": ""intracellular membrane-bounded organelle"", ""namespace"": ""cellular_component"", ""evidence"": ""IDA""}, {""go_id"": ""GO:0016020"", ""term_name"": ""membrane"", ""namespace"": ""cellular_component"", ""evidence"": ""IDA""}, {""go_id"": ""GO:0042803"", ""term_name"": ""protein homodimerization activity"", ""namespace"": ""molecular_function"", ""evidence"": ""IPI""}]"
Q90423,HXB1B_DANRE,HXB1B,zebrafish,Danio rerio (Zebrafish) (Brachydanio rerio).,RecName: Full=Homeobox protein Hox-B1b; AltName: Full=Homeobox protein Hox-A1;,Sequence-specific transcription factor. Part of a developmental regulatory system that provides cells with specific positional identities on the anterior-posterior axis. Acts on the anterior body structures. Seems to act in the maintenance and/or generation of hindbrain segments. {ECO:0000305|PubMed:8631251}.,12,GO:0043565|sequence-specific DNA binding,GO:0000132|establishment of mitotic spindle orientation; GO:0021592|fourth ventricle development; GO:0030902|hindbrain development; GO:0021575|hindbrain morphogenesis; GO:0014025|neural keel formation; GO:0034728|nucleosome organization; GO:0071599|otic vesicle development; GO:0021570|rhombomere 4 development; GO:0021663|rhombomere 4 formation; GO:0021593|rhombomere morphogenesis; GO:0003187|ventriculo bulbo valve morphogenesis,,"[{""go_id"": ""GO:0043565"", ""term_name"": ""sequence-specific DNA binding"", ""namespace"": ""molecular_function"", ""evidence"": ""IDA""}, {""go_id"": ""GO:0000132"", ""term_name"": ""establishment of mitotic spindle orientation"", ""namespace"": ""biological_process"", ""evidence"": ""IMP""}, {""go_id"": ""GO:0021592"", ""term_name"": ""fourth ventricle development"", ""namespace"": ""biological_process"", ""evidence"": ""IMP""}, {""go_id"": ""GO:0030902"", ""term_name"": ""hindbrain development"", ""namespace"": ""biological_process"", ""evidence"": ""IMP""}, {""go_id"": ""GO:0021575"", ""term_name"": ""hindbrain morphogenesis"", ""namespace"": ""biological_process"", ""evidence"": ""IMP""}, {""go_id"": ""GO:0014025"", ""term_name"": ""neural keel formation"", ""namespace"": ""biological_process"", ""evidence"": ""IMP""}, {""go_id"": ""GO:0034728"", ""term_name"": ""nucleosome organization"", ""namespace"": ""biological_process"", ""evidence"": ""IDA""}, {""go_id"": ""GO:0071599"", ""term_name"": ""otic vesicle development"", ""namespace"": ""biological_process"", ""evidence"": ""IMP""}, {""go_id"": ""GO:0021570"", ""term_name"": ""rhombomere 4 development"", ""namespace"": ""biological_process"", ""evidence"": ""IMP""}, {""go_id"": ""GO:0021663"", ""term_name"": ""rhombomere 4 formation"", ""namespace"": ""biological_process"", ""evidence"": ""IMP""}, {""go_id"": ""GO:0021593"", ""term_name"": ""rhombomere morphogenesis"", ""namespace"": ""biological_process"", ""evidence"": ""IMP""}, {""go_id"": ""GO:0003187"", ""term_name"": ""ventriculo bulbo valve morphogenesis"", ""namespace"": ""biological_process"", ""evidence"": ""IMP""}]"
O13148,EPA4A_DANRE,EPA4A,zebrafish,Danio rerio (Zebrafish) (Brachydanio rerio).,RecName: Full=Ephrin type-A receptor 4a; EC=2.7.10.1; AltName: Full=EPH-like kinase 2; AltName: Full=Tyrosine-protein kinase receptor ZEK2; Flags: Fragment;,"Receptor tyrosine kinase which binds membrane-bound ephrin family ligands residing on adjacent cells, leading to contact-dependent bidirectional signaling into neighboring cells. The signaling pathway downstream of the receptor is referred to as forward signaling while the signaling pathway downstream of the ephrin ligand is referred to as reverse signaling. Highly promiscuous, it has the unique property among Eph receptors to bind and to be physiologically activated by both GPI- anchored ephrin-A and transmembrane ephrin-B ligands including efna1 and efnb3. Upon activation by ephrin ligands, modulates cell morphology and integrin-dependent cell adhesion through regulation of the Rac, Rap and Rho GTPases activity. Plays an important role in the development of the nervous system controlling different steps of axonal guidance including the establishment of the corticospinal projections (By similarity). {ECO:0000250|UniProtKB:Q03137}.",9,,GO:0009952|anterior/posterior pattern specification; GO:0009988|cell-cell recognition; GO:0030900|forebrain development; GO:0030517|negative regulation of axon extension; GO:0048685|negative regulation of collateral sprouting of intact axon in response to injury; GO:0003404|optic vesicle morphogenesis; GO:0031641|regulation of myelination; GO:0021654|rhombomere boundary formation; GO:0061053|somite development,,"[{""go_id"": ""GO:0009952"", ""term_name"": ""anterior/posterior pattern specification"", ""namespace"": ""biological_process"", ""evidence"": ""IMP""}, {""go_id"": ""GO:0009988"", ""term_name"": ""cell-cell recognition"", ""namespace"": ""biological_process"", ""evidence"": ""IMP""}, {""go_id"": ""GO:0030900"", ""term_name"": ""forebrain development"", ""namespace"": ""biological_process"", ""evidence"": ""IMP""}, {""go_id"": ""GO:0030517"", ""term_name"": ""negative regulation of axon extension"", ""namespace"": ""biological_process"", ""evidence"": ""IGI""}, {""go_id"": ""GO:0048685"", ""term_name"": ""negative regulation of collateral sprouting of intact axon in response to injury"", ""namespace"": ""biological_process"", ""evidence"": ""IGI""}, {""go_id"": ""GO:0003404"", ""term_name"": ""optic vesicle morphogenesis"", ""namespace"": ""biological_process"", ""evidence"": ""IGI""}, {""go_id"": ""GO:0031641"", ""term_name"": ""regulation of myelination"", ""namespace"": ""biological_process"", ""evidence"": ""IMP""}, {""go_id"": ""GO:0021654"", ""term_name"": ""rhombomere boundary formation"", ""namespace"": ""biological_process"", ""evidence"": ""IMP""}, {""go_id"": ""GO:0061053"", ""term_name"": ""somite development"", ""namespace"": ""biological_process"", ""evidence"": ""IGI""}]"
A8E7G5,SFXN4_DANRE,SFXN4,zebrafish,Danio rerio (Zebrafish) (Brachydanio rerio).,RecName: Full=Sideroflexin-4 {ECO:0000303|PubMed:24119684};,"Mitochondrial amino-acid transporter (By similarity). Does not act as a serine transporter: not able to mediate transport of serine into mitochondria (By similarity). {ECO:0000250|UniProtKB:Q6P4A7, ECO:0000250|UniProtKB:Q9H9B4}.",3,,GO:0045333|cellular respiration; GO:0030218|erythrocyte differentiation,GO:0005739|mitochondrion,"[{""go_id"": ""GO:0005739"", ""term_name"": ""mitochondrion"", ""namespace"": ""cellular_component"", ""evidence"": ""IDA""}, {""go_id"": ""GO:0045333"", ""term_name"": ""cellular respiration"", ""namespace"": ""biological_process"", ""evidence"": ""IMP""}, {""go_id"": ""GO:0030218"", ""term_name"": ""erythrocyte differentiation"", ""namespace"": ""biological_process"", ""evidence"": ""IMP""}]"
Q9I8P3,NPY_DANRE,NPY,zebrafish,Danio rerio (Zebrafish) (Brachydanio rerio).,RecName: Full=Pro-neuropeptide Y; Contains: RecName: Full=Neuropeptide Y; AltName: Full=Neuropeptide tyrosine; Short=NPY; Contains: RecName: Full=C-flanking peptide of NPY; Short=CPON; Flags: Precursor;,NPY is implicated in the control of feeding and in secretion of gonadotrophin-release hormone.,5,GO:0031841|neuropeptide Y receptor binding; GO:0031843|type 2 neuropeptide Y receptor binding,"GO:0071878|negative regulation of adenylate cyclase-activating adrenergic receptor signaling pathway; GO:0045938|positive regulation of circadian sleep/wake cycle, sleep; GO:2000253|positive regulation of feeding behavior",,"[{""go_id"": ""GO:0031841"", ""term_name"": ""neuropeptide Y receptor binding"", ""namespace"": ""molecular_function"", ""evidence"": ""IDA""}, {""go_id"": ""GO:0031843"", ""term_name"": ""type 2 neuropeptide Y receptor binding"", ""namespace"": ""molecular_function"", ""evidence"": ""IDA""}, {""go_id"": ""GO:0071878"", ""term_name"": ""negative regulation of adenylate cyclase-activating adrenergic receptor signaling pathway"", ""namespace"": ""biological_process"", ""evidence"": ""IMP""}, {""go_id"": ""GO:0045938"", ""term_name"": ""positive regulation of circadian sleep/wake cycle, sleep"", ""namespace"": ""biological_process"", ""evidence"": ""IMP""}, {""go_id"": ""GO:2000253"", ""term_name"": ""positive regulation of feeding behavior"", ""namespace"": ""biological_process"", ""evidence"": ""IMP""}]"
O93507,TAL1_DANRE,TAL1,zebrafish,Danio rerio (Zebrafish) (Brachydanio rerio).,RecName: Full=T-cell acute lymphocytic leukemia protein 1 homolog; Short=TAL-1; AltName: Full=Stem cell protein; Short=zSCL;,"Transcription factor that plays a pivotal role in hemopoietic and endothelial development, acting synergistically with lmo2 and downstream of clo. Specifies mesodermal precursors to a hemangioblast cell fate. Hemangioblasts are bipotential precursors of blood and endothelium, and in the absence of hemopoietic induction cues such as gata1, tal1/scl-lmo2-induced hemangioblasts differentiate into endothelial cells. Isoform alpha and isoform beta are redundant for the initiation of primitive hemopoiesis but have distinct roles in the regulation of primitive erythroid differentiation and definitive hemopoietic stem cell specification, most likely due to differences in expression levels. Specification of definitive hemopoietic stem cells requires isoform beta. DNA binding is required for erythroid maturation, but not for its other hemopoietic functions. Endothelial roles include development of the dorsal aorta, the site of definitive hemopoiesis in the embryo. Required for angiogenesis but not angioblast specification. Has an additional role in endocardium formation during heart development. May play a role in central nervous system development. {ECO:0000269|PubMed:11003831, ECO:0000269|PubMed:14602685, ECO:0000269|PubMed:15617691, ECO:0000269|PubMed:15644413, ECO:0000269|PubMed:16210319, ECO:0000269|PubMed:17090656, ECO:0000269|PubMed:17472439, ECO:0000269|PubMed:17722983, ECO:0000269|PubMed:9499398, ECO:0000269|PubMed:9670018}.",24,GO:0003677|DNA binding; GO:0043565|sequence-specific DNA binding,GO:0001525|angiogenesis; GO:0048844|artery morphogenesis; GO:0001568|blood vessel development; GO:0060216|definitive hemopoiesis; GO:0035050|embryonic heart tube development; GO:0035162|embryonic hemopoiesis; GO:0060214|endocardium formation; GO:0003160|endocardium morphogenesis; GO:0030218|erythrocyte differentiation; GO:0007507|heart development; GO:0003007|heart morphogenesis; GO:0060217|hemangioblast cell differentiation; GO:0060218|hematopoietic stem cell differentiation; GO:0030097|hemopoiesis; GO:0048368|lateral mesoderm development; GO:0030099|myeloid cell differentiation; GO:0048823|nucleate erythrocyte development; GO:0045603|positive regulation of endothelial cell differentiation; GO:0060215|primitive hemopoiesis; GO:0019827|stem cell population maintenance; GO:0030878|thyroid gland development; GO:0001570|vasculogenesis,,"[{""go_id"": ""GO:0003677"", ""term_name"": ""DNA binding"", ""namespace"": ""molecular_function"", ""evidence"": ""IMP""}, {""go_id"": ""GO:0043565"", ""term_name"": ""sequence-specific DNA binding"", ""namespace"": ""molecular_function"", ""evidence"": ""IDA""}, {""go_id"": ""GO:0001525"", ""term_name"": ""angiogenesis"", ""namespace"": ""biological_process"", ""evidence"": ""IMP""}, {""go_id"": ""GO:0048844"", ""term_name"": ""artery morphogenesis"", ""namespace"": ""biological_process"", ""evidence"": ""IMP""}, {""go_id"": ""GO:0001568"", ""term_name"": ""blood vessel development"", ""namespace"": ""biological_process"", ""evidence"": ""IMP""}, {""go_id"": ""GO:0060216"", ""term_name"": ""definitive hemopoiesis"", ""namespace"": ""biological_process"", ""evidence"": ""IMP""}, {""go_id"": ""GO:0035050"", ""term_name"": ""embryonic heart tube development"", ""namespace"": ""biological_process"", ""evidence"": ""IMP""}, {""go_id"": ""GO:0035162"", ""term_name"": ""embryonic hemopoiesis"", ""namespace"": ""biological_process"", ""evidence"": ""IMP""}, {""go_id"": ""GO:0060214"", ""term_name"": ""endocardium formation"", ""namespace"": ""biological_process"", ""evidence"": ""IMP""}, {""go_id"": ""GO:0003160"", ""term_name"": ""endocardium morphogenesis"", ""namespace"": ""biological_process"", ""evidence"": ""IMP""}, {""go_id"": ""GO:0030218"", ""term_name"": ""erythrocyte differentiation"", ""namespace"": ""biological_process"", ""evidence"": ""IGI""}, {""go_id"": ""GO:0007507"", ""term_name"": ""heart development"", ""namespace"": ""biological_process"", ""evidence"": ""IGI""}, {""go_id"": ""GO:0003007"", ""term_name"": ""heart morphogenesis"", ""namespace"": ""biological_process"", ""evidence"": ""IGI""}, {""go_id"": ""GO:0060217"", ""term_name"": ""hemangioblast cell differentiation"", ""namespace"": ""biological_process"", ""evidence"": ""IDA""}, {""go_id"": ""GO:0060218"", ""term_name"": ""hematopoietic stem cell differentiation"", ""namespace"": ""biological_process"", ""evidence"": ""IMP""}, {""go_id"": ""GO:0030097"", ""term_name"": ""hemopoiesis"", ""namespace"": ""biological_process"", ""evidence"": ""IDA""}, {""go_id"": ""GO:0048368"", ""term_name"": ""lateral mesoderm development"", ""namespace"": ""biological_process"", ""evidence"": ""IMP""}, {""go_id"": ""GO:0030099"", ""term_name"": ""myeloid cell differentiation"", ""namespace"": ""biological_process"", ""evidence"": ""IEP""}, {""go_id"": ""GO:0048823"", ""term_name"": ""nucleate erythrocyte development"", ""namespace"": ""biological_process"", ""evidence"": ""IMP""}, {""go_id"": ""GO:0045603"", ""term_name"": ""positive regulation of endothelial cell differentiation"", ""namespace"": ""biological_process"", ""evidence"": ""IMP""}, {""go_id"": ""GO:0060215"", ""term_name"": ""primitive hemopoiesis"", ""namespace"": ""biological_process"", ""evidence"": ""IDA""}, {""go_id"": ""GO:0019827"", ""term_name"": ""stem cell population maintenance"", ""namespace"": ""biological_process"", ""evidence"": ""IMP""}, {""go_id"": ""GO:0030878"", ""term_name"": ""thyroid gland development"", ""namespace"": ""biological_process"", ""evidence"": ""IMP""}, {""go_id"": ""GO:0001570"", ""term_name"": ""vasculogenesis"", ""namespace"": ""biological_process"", ""evidence"": ""IDA""}]"
Q6DG81,PLST_DANRE,PLST,zebrafish,Danio rerio (Zebrafish) (Brachydanio rerio).,RecName: Full=Plastin-3; AltName: Full=T-plastin;,Actin-bundling protein. {ECO:0000250|UniProtKB:P13797}.,5,,GO:0030282|bone mineralization; GO:0048701|embryonic cranial skeleton morphogenesis; GO:0008045|motor neuron axon guidance; GO:0039019|pronephric nephron development; GO:0072114|pronephros morphogenesis,,"[{""go_id"": ""GO:0030282"", ""term_name"": ""bone mineralization"", ""namespace"": ""biological_process"", ""evidence"": ""IMP""}, {""go_id"": ""GO:0048701"", ""term_name"": ""embryonic cranial skeleton morphogenesis"", ""namespace"": ""biological_process"", ""evidence"": ""IMP""}, {""go_id"": ""GO:0008045"", ""term_name"": ""motor neuron axon guidance"", ""namespace"": ""biological_process"", ""evidence"": ""IMP""}, {""go_id"": ""GO:0039019"", ""term_name"": ""pronephric nephron development"", ""namespace"": ""biological_process"", ""evidence"": ""IMP""}, {""go_id"": ""GO:0072114"", ""term_name"": ""pronephros morphogenesis"", ""namespace"": ""biological_process"", ""evidence"": ""IMP""}]"
Q6GQN0,CEP41_DANRE,CEP41,zebrafish,Danio rerio (Zebrafish) (Brachydanio rerio).,RecName: Full=Centrosomal protein of 41 kDa; Short=Cep41; AltName: Full=Testis-specific gene A14 protein;,Required during ciliogenesis for tubulin glutamylation in cilium. Probably acts by participating in the transport of tubulin polyglutamylases between the basal body and the cilium. {ECO:0000269|PubMed:22246503}.,6,GO:0070740|tubulin-glutamic acid ligase activity,GO:0001525|angiogenesis; GO:0035082|axoneme assembly; GO:0060271|cilium assembly; GO:0001755|neural crest cell migration; GO:0018095|protein polyglutamylation,,"[{""go_id"": ""GO:0070740"", ""term_name"": ""tubulin-glutamic acid ligase activity"", ""namespace"": ""molecular_function"", ""evidence"": ""IMP""}, {""go_id"": ""GO:0001525"", ""term_name"": ""angiogenesis"", ""namespace"": ""biological_process"", ""evidence"": ""IMP""}, {""go_id"": ""GO:0035082"", ""term_name"": ""axoneme assembly"", ""namespace"": ""biological_process"", ""evidence"": ""IMP""}, {""go_id"": ""GO:0060271"", ""term_name"": ""cilium assembly"", ""namespace"": ""biological_process"", ""evidence"": ""IMP""}, {""go_id"": ""GO:0001755"", ""term_name"": ""neural crest cell migration"", ""namespace"": ""biological_process"", ""evidence"": ""IMP""}, {""go_id"": ""GO:0018095"", ""term_name"": ""protein polyglutamylation"", ""namespace"": ""biological_process"", ""evidence"": ""IMP""}]"
Q1LYE3,Z143B_DANRE,Z143B,zebrafish,Danio rerio (Zebrafish) (Brachydanio rerio).,RecName: Full=Zinc finger protein 143B {ECO:0000305}; AltName: Full=Selenocysteine tRNA gene transcription-activating factor {ECO:0000303|PubMed:15087134};,"Transcription factor that activates expression of genes transcribed by both RNA polymerases II and III, and which is required to safeguard mitochondrial activity. Specifically recognizes and binds the Staf-binding site (SBS), a consensus DNA-binding motif present in thousands of promoters. Activates the gene for selenocysteine tRNA (tRNAsec). Activates expression of small nuclear RNA (snRNA) transcribed by RNA polymerases II and III. Also activates expression of mRNAs and acts as a key regulator of cell proliferation and differentiation by specifically activating expression of a subset of nuclear-encoded mitochondrial genes, thereby controlling mitochondrial function. {ECO:0000250|UniProtKB:O70230}.",3,,GO:0007420|brain development; GO:0045893|positive regulation of DNA-templated transcription; GO:0061035|regulation of cartilage development,,"[{""go_id"": ""GO:0007420"", ""term_name"": ""brain development"", ""namespace"": ""biological_process"", ""evidence"": ""IMP""}, {""go_id"": ""GO:0045893"", ""term_name"": ""positive regulation of DNA-templated transcription"", ""namespace"": ""biological_process"", ""evidence"": ""IDA""}, {""go_id"": ""GO:0061035"", ""term_name"": ""regulation of cartilage development"", ""namespace"": ""biological_process"", ""evidence"": ""IMP""}]"
A4FVI7,LSM7_DANRE,LSM7,zebrafish,Danio rerio (Zebrafish) (Brachydanio rerio).,RecName: Full=U6 snRNA-associated Sm-like protein LSm7 {ECO:0000305};,"Plays a role in pre-mRNA splicing as component of the U4/U6- U5 tri-snRNP complex that is involved in spliceosome assembly, and as component of the precatalytic spliceosome (spliceosome B complex). The heptameric LSM2-8 complex binds specifically to the 3'-terminal U-tract of U6 snRNA. {ECO:0000250|UniProtKB:Q9UK45}.",3,,GO:1900141|regulation of oligodendrocyte apoptotic process; GO:0009416|response to light stimulus; GO:0036269|swimming behavior,,"[{""go_id"": ""GO:1900141"", ""term_name"": ""regulation of oligodendrocyte apoptotic process"", ""namespace"": ""biological_process"", ""evidence"": ""IMP""}, {""go_id"": ""GO:0009416"", ""term_name"": ""response to light stimulus"", ""namespace"": ""biological_process"", ""evidence"": ""IMP""}, {""go_id"": ""GO:0036269"", ""term_name"": ""swimming behavior"", ""namespace"": ""biological_process"", ""evidence"": ""IMP""}]"
Q7T3X9,NARPB_DANRE,NARPB,zebrafish,Danio rerio (Zebrafish) (Brachydanio rerio).,RecName: Full=Notch-regulated ankyrin repeat-containing protein B;,"Regulates independently canonical Wnt and Notch signaling by modulating LEF1 and Notch protein turnover. Stabilizes LEF1, a pivotal transcription factor in the Wnt signaling cascade, by blocking its ubiquitination. Involved in angiogenesis; involved in intersegmental vessel patterning during development. {ECO:0000269|PubMed:16228014, ECO:0000269|PubMed:19154719}.",4,,GO:0002043|blood vessel endothelial cell proliferation involved in sprouting angiogenesis; GO:0001569|branching involved in blood vessel morphogenesis; GO:0022407|regulation of cell-cell adhesion; GO:0002040|sprouting angiogenesis,,"[{""go_id"": ""GO:0002043"", ""term_name"": ""blood vessel endothelial cell proliferation involved in sprouting angiogenesis"", ""namespace"": ""biological_process"", ""evidence"": ""IMP""}, {""go_id"": ""GO:0001569"", ""term_name"": ""branching involved in blood vessel morphogenesis"", ""namespace"": ""biological_process"", ""evidence"": ""IMP""}, {""go_id"": ""GO:0022407"", ""term_name"": ""regulation of cell-cell adhesion"", ""namespace"": ""biological_process"", ""evidence"": ""IMP""}, {""go_id"": ""GO:0002040"", ""term_name"": ""sprouting angiogenesis"", ""namespace"": ""biological_process"", ""evidence"": ""IMP""}]"
Q90478,L1CA1_DANRE,L1CA1,zebrafish,Danio rerio (Zebrafish) (Brachydanio rerio).,RecName: Full=Neural cell adhesion molecule L1.1; Short=N-CAM-L1.1; Short=NCAM-L1.1; Flags: Fragment;,"Cell adhesion molecule with an important role in the development of the nervous system. Involved in neuron-neuron adhesion, neurite fasciculation, outgrowth of neurites, etc. Binds to axonin on neurons (By similarity). {ECO:0000250}.",4,,GO:0031103|axon regeneration; GO:0060536|cartilage morphogenesis; GO:0007399|nervous system development; GO:0010628|positive regulation of gene expression,,"[{""go_id"": ""GO:0031103"", ""term_name"": ""axon regeneration"", ""namespace"": ""biological_process"", ""evidence"": ""IMP""}, {""go_id"": ""GO:0060536"", ""term_name"": ""cartilage morphogenesis"", ""namespace"": ""biological_process"", ""evidence"": ""IGI""}, {""go_id"": ""GO:0007399"", ""term_name"": ""nervous system development"", ""namespace"": ""biological_process"", ""evidence"": ""IMP""}, {""go_id"": ""GO:0010628"", ""term_name"": ""positive regulation of gene expression"", ""namespace"": ""biological_process"", ""evidence"": ""IMP""}]"
A0A2R8Q1W5,KEP1B_DANRE,KEP1B,zebrafish,Danio rerio (Zebrafish) (Brachydanio rerio).,RecName: Full=Kelch-like ECH-associated protein 1B {ECO:0000303|PubMed:18057000};,"Substrate-specific adapter of a BCR (BTB-CUL3-RBX1) E3 ubiquitin ligase complex that regulates the response to oxidative stress by targeting nfe2l2/nrf2 for ubiquitination (PubMed:18057000). Keap1 acts as a key sensor of oxidative and electrophilic stress: in normal conditions, the BCR(KEAP1) complex mediates ubiquitination and degradation of nfe2l2/nrf2, a transcription factor regulating expression of many cytoprotective genes (PubMed:18057000). In response to oxidative stress, different electrophile metabolites trigger non- enzymatic covalent modifications of highly reactive cysteine residues in KEAP1, leading to inactivate the ubiquitin ligase activity of the BCR(KEAP1) complex, promoting nfe2l2/nrf2 nuclear accumulation and expression of phase II detoxifying enzymes (By similarity). {ECO:0000250|UniProtKB:Q9Z2X8, ECO:0000269|PubMed:18057000}.",5,,GO:0071379|cellular response to prostaglandin stimulus; GO:0071466|cellular response to xenobiotic stimulus; GO:0030536|larval feeding behavior; GO:0016567|protein ubiquitination; GO:0006511|ubiquitin-dependent protein catabolic process,,"[{""go_id"": ""GO:0071379"", ""term_name"": ""cellular response to prostaglandin stimulus"", ""namespace"": ""biological_process"", ""evidence"": ""IGI""}, {""go_id"": ""GO:0071466"", ""term_name"": ""cellular response to xenobiotic stimulus"", ""namespace"": ""biological_process"", ""evidence"": ""IGI""}, {""go_id"": ""GO:0030536"", ""term_name"": ""larval feeding behavior"", ""namespace"": ""biological_process"", ""evidence"": ""IGI""}, {""go_id"": ""GO:0016567"", ""term_name"": ""protein ubiquitination"", ""namespace"": ""biological_process"", ""evidence"": ""IMP""}, {""go_id"": ""GO:0006511"", ""term_name"": ""ubiquitin-dependent protein catabolic process"", ""namespace"": ""biological_process"", ""evidence"": ""IMP""}]"
S5UH55,TRPM5_DANRE,TRPM5,zebrafish,Danio rerio (Zebrafish) (Brachydanio rerio).,RecName: Full=Transient receptor potential cation channel subfamily M member 5;,"Monovalent cation-selective ion channel activated by intracellular Ca(2+) in a voltage- and temperature-dependent manner. Mediates the transport of Na(+), K(+) and Cs(+) ions equally well. Activated directly by increase in intracellular Ca(2+), but is impermeable to it. The activation mechanism of TRPM5 involves a multistep process. TRPM5 activation involves ligand binding (i.e., tastant molecule, glucose stimulation) to Gq/G-protein coupled receptors (GPCR) and leads to the breakdown of phosphatidylinositol bisphosphate (PIP2) into diacylglycerol (DAG) and inositol trisphosphate (IP3), IP3 binds to its receptors in the endoplasmic reticulum and cause Ca(2+) release. Simultaneously with the intracellular Ca(2+) release, DAG activates the protein kinase C (PKC), which phosphorylates the TRPM5 channel. This phosphorylation combined with the bound Ca(2+), leads to a robust inward current allowing the entry of sodium ions (Na+) into the cell. This ion influx depolarizes the cell membrane, generating action potentials that propagate TRPM5 signals. {ECO:0000250|UniProtKB:Q9JJH7}.",3,GO:0005509|calcium ion binding; GO:0005227|calcium-activated cation channel activity; GO:0042802|identical protein binding,,,"[{""go_id"": ""GO:0005509"", ""term_name"": ""calcium ion binding"", ""namespace"": ""molecular_function"", ""evidence"": ""IDA""}, {""go_id"": ""GO:0005227"", ""term_name"": ""calcium-activated cation channel activity"", ""namespace"": ""molecular_function"", ""evidence"": ""IDA""}, {""go_id"": ""GO:0042802"", ""term_name"": ""identical protein binding"", ""namespace"": ""molecular_function"", ""evidence"": ""IDA""}]"
A0A2R8RY99,CLRN2_DANRE,CLRN2,zebrafish,Danio rerio (Zebrafish) (Brachydanio rerio).,RecName: Full=Clarin-2;,Plays a key role to hearing function. Required for normal organization and maintenance of the stereocilia bundle. {ECO:0000269|PubMed:33496845}.,3,,GO:0060088|auditory receptor cell stereocilium organization; GO:0007605|sensory perception of sound,GO:0070451|cell hair,"[{""go_id"": ""GO:0070451"", ""term_name"": ""cell hair"", ""namespace"": ""cellular_component"", ""evidence"": ""IDA""}, {""go_id"": ""GO:0060088"", ""term_name"": ""auditory receptor cell stereocilium organization"", ""namespace"": ""biological_process"", ""evidence"": ""IMP""}, {""go_id"": ""GO:0007605"", ""term_name"": ""sensory perception of sound"", ""namespace"": ""biological_process"", ""evidence"": ""IMP""}]"
Q566X8,DMX1B_DANRE,DMX1B,zebrafish,Danio rerio (Zebrafish) (Brachydanio rerio).,RecName: Full=Diencephalon/mesencephalon homeobox protein 1-B;,,6,,GO:0030901|midbrain development; GO:0051726|regulation of cell cycle; GO:0007346|regulation of mitotic cell cycle; GO:0061074|regulation of neural retina development; GO:0050767|regulation of neurogenesis; GO:0060041|retina development in camera-type eye,,"[{""go_id"": ""GO:0030901"", ""term_name"": ""midbrain development"", ""namespace"": ""biological_process"", ""evidence"": ""IMP""}, {""go_id"": ""GO:0051726"", ""term_name"": ""regulation of cell cycle"", ""namespace"": ""biological_process"", ""evidence"": ""IMP""}, {""go_id"": ""GO:0007346"", ""term_name"": ""regulation of mitotic cell cycle"", ""namespace"": ""biological_process"", ""evidence"": ""IGI""}, {""go_id"": ""GO:0061074"", ""term_name"": ""regulation of neural retina development"", ""namespace"": ""biological_process"", ""evidence"": ""IGI""}, {""go_id"": ""GO:0050767"", ""term_name"": ""regulation of neurogenesis"", ""namespace"": ""biological_process"", ""evidence"": ""IMP""}, {""go_id"": ""GO:0060041"", ""term_name"": ""retina development in camera-type eye"", ""namespace"": ""biological_process"", ""evidence"": ""IMP""}]"
Q90XE6,KLF1_DANRE,KLF1,zebrafish,Danio rerio (Zebrafish) (Brachydanio rerio).,RecName: Full=Kruppel-like factor 1 {ECO:0000303|PubMed:11535513}; AltName: Full=Erythroid krueppel-like transcription factor {ECO:0000312|ZFIN:ZDB-GENE-980526-55}; AltName: Full=Kruppel-like factor d {ECO:0000312|ZFIN:ZDB-GENE-980526-55};,"Transcription regulator (PubMed:18941117, PubMed:33833125). Plays a role in erythropoiesis, binding to promoters and activating transcription of embryonic alpha globin e1 hbae1.1 and microRNA mir- 144, in erythroid progenitors; perhaps acting as part of a negative feedback loop with mir-144 (PubMed:18941117, PubMed:33833125). May coordinate repression of genes controlling myocardial differentiation and mitochondrial metabolism with positive modulation of cell proliferation genes (PubMed:33833125). Required for regeneration of the myocardium after injury, probably acting by stimulating renewal of preexisting cardiomyocytes in adult hearts (PubMed:33833125). {ECO:0000269|PubMed:18941117, ECO:0000269|PubMed:33833125}.",14,"GO:0003700|DNA-binding transcription factor activity; GO:0000981|DNA-binding transcription factor activity, RNA polymerase II-specific; GO:0000978|RNA polymerase II cis-regulatory region sequence-specific DNA binding; GO:0043565|sequence-specific DNA binding",GO:0031100|animal organ regeneration; GO:0055007|cardiac muscle cell differentiation; GO:0060038|cardiac muscle cell proliferation; GO:0043697|cell dedifferentiation; GO:0010628|positive regulation of gene expression; GO:0060319|primitive erythrocyte differentiation; GO:0010725|regulation of primitive erythrocyte differentiation; GO:0006357|regulation of transcription by RNA polymerase II; GO:0045214|sarcomere organization,GO:0000785|chromatin,"[{""go_id"": ""GO:0000785"", ""term_name"": ""chromatin"", ""namespace"": ""cellular_component"", ""evidence"": ""IDA""}, {""go_id"": ""GO:0003700"", ""term_name"": ""DNA-binding transcription factor activity"", ""namespace"": ""molecular_function"", ""evidence"": ""IDA""}, {""go_id"": ""GO:0000981"", ""term_name"": ""DNA-binding transcription factor activity, RNA polymerase II-specific"", ""namespace"": ""molecular_function"", ""evidence"": ""IMP""}, {""go_id"": ""GO:0000978"", ""term_name"": ""RNA polymerase II cis-regulatory region sequence-specific DNA binding"", ""namespace"": ""molecular_function"", ""evidence"": ""IMP""}, {""go_id"": ""GO:0043565"", ""term_name"": ""sequence-specific DNA binding"", ""namespace"": ""molecular_function"", ""evidence"": ""IDA""}, {""go_id"": ""GO:0031100"", ""term_name"": ""animal organ regeneration"", ""namespace"": ""biological_process"", ""evidence"": ""IMP""}, {""go_id"": ""GO:0055007"", ""term_name"": ""cardiac muscle cell differentiation"", ""namespace"": ""biological_process"", ""evidence"": ""IMP""}, {""go_id"": ""GO:0060038"", ""term_name"": ""cardiac muscle cell proliferation"", ""namespace"": ""biological_process"", ""evidence"": ""IMP""}, {""go_id"": ""GO:0043697"", ""term_name"": ""cell dedifferentiation"", ""namespace"": ""biological_process"", ""evidence"": ""IMP""}, {""go_id"": ""GO:0010628"", ""term_name"": ""positive regulation of gene expression"", ""namespace"": ""biological_process"", ""evidence"": ""IDA""}, {""go_id"": ""GO:0060319"", ""term_name"": ""primitive erythrocyte differentiation"", ""namespace"": ""biological_process"", ""evidence"": ""IEP""}, {""go_id"": ""GO:0010725"", ""term_name"": ""regulation of primitive erythrocyte differentiation"", ""namespace"": ""biological_process"", ""evidence"": ""IGI""}, {""go_id"": ""GO:0006357"", ""term_name"": ""regulation of transcription by RNA polymerase II"", ""namespace"": ""biological_process"", ""evidence"": ""IMP""}, {""go_id"": ""GO:0045214"", ""term_name"": ""sarcomere organization"", ""namespace"": ""biological_process"", ""evidence"": ""IMP""}]"
Q6NZ07,NCLN_DANRE,NCLN,zebrafish,Danio rerio (Zebrafish) (Brachydanio rerio).,RecName: Full=BOS complex subunit ncln {ECO:0000305}; AltName: Full=Nicalin-1; AltName: Full=Nicastrin-like protein 1; Flags: Precursor;,"Component of the multi-pass translocon (MPT) complex that mediates insertion of multi-pass membrane proteins into the lipid bilayer of membranes. The MPT complex takes over after the SEC61 complex: following membrane insertion of the first few transmembrane segments of proteins by the SEC61 complex, the MPT complex occludes the lateral gate of the SEC61 complex to promote insertion of subsequent transmembrane regions (By similarity). Antagonizes Nodal signaling and subsequent organization of axial structures during mesodermal patterning. Ectopic expression results in cyclopia, due to a defect in mesendoderm patterning (PubMed:15257293). {ECO:0000250|UniProtKB:A0A8I3NGV2, ECO:0000269|PubMed:15257293}.",5,,GO:0003140|determination of left/right asymmetry in lateral mesoderm; GO:0048484|enteric nervous system development; GO:1900108|negative regulation of nodal signaling pathway; GO:0009966|regulation of signal transduction,GO:0005789|endoplasmic reticulum membrane,"[{""go_id"": ""GO:0005789"", ""term_name"": ""endoplasmic reticulum membrane"", ""namespace"": ""cellular_component"", ""evidence"": ""IDA""}, {""go_id"": ""GO:0003140"", ""term_name"": ""determination of left/right asymmetry in lateral mesoderm"", ""namespace"": ""biological_process"", ""evidence"": ""IMP""}, {""go_id"": ""GO:0048484"", ""term_name"": ""enteric nervous system development"", ""namespace"": ""biological_process"", ""evidence"": ""IMP""}, {""go_id"": ""GO:1900108"", ""term_name"": ""negative regulation of nodal signaling pathway"", ""namespace"": ""biological_process"", ""evidence"": ""IMP""}, {""go_id"": ""GO:0009966"", ""term_name"": ""regulation of signal transduction"", ""namespace"": ""biological_process"", ""evidence"": ""IDA""}]"
Q6PGV1,VA0D1_DANRE,VA0D1,zebrafish,Danio rerio (Zebrafish) (Brachydanio rerio).,RecName: Full=V-type proton ATPase subunit d 1; Short=V-ATPase subunit d 1; AltName: Full=Vacuolar proton pump subunit d 1;,"Subunit of the V0 complex of vacuolar(H+)-ATPase (V-ATPase), a multisubunit enzyme composed of a peripheral complex (V1) that hydrolyzes ATP and a membrane integral complex (V0) that translocates protons (By similarity). V-ATPase is responsible for acidifying and maintaining the pH of intracellular compartments and in some cell types, is targeted to the plasma membrane, where it is responsible for acidifying the extracellular environment (By similarity). May play a role in coupling of proton transport and ATP hydrolysis (By similarity). In aerobic conditions, involved in intracellular iron homeostasis, thus triggering the activity of Fe(2+) prolyl hydroxylase (PHD) enzymes, and leading to HIF1A hydroxylation and subsequent proteasomal degradation (By similarity). May play a role in cilium biogenesis through regulation of the transport and the localization of proteins to the cilium (PubMed:21844891). {ECO:0000250|UniProtKB:P51863, ECO:0000250|UniProtKB:P61421, ECO:0000269|PubMed:21844891}.",11,,GO:0045176|apical protein localization; GO:0060271|cilium assembly; GO:0008057|eye pigment granule organization; GO:0001947|heart looping; GO:0070986|left/right axis specification; GO:0032438|melanosome organization; GO:0035675|neuromast hair cell development; GO:0039022|pronephric duct development; GO:0046688|response to copper ion; GO:0060041|retina development in camera-type eye; GO:0003406|retinal pigment epithelium development,,"[{""go_id"": ""GO:0045176"", ""term_name"": ""apical protein localization"", ""namespace"": ""biological_process"", ""evidence"": ""IMP""}, {""go_id"": ""GO:0060271"", ""term_name"": ""cilium assembly"", ""namespace"": ""biological_process"", ""evidence"": ""IMP""}, {""go_id"": ""GO:0008057"", ""term_name"": ""eye pigment granule organization"", ""namespace"": ""biological_process"", ""evidence"": ""IMP""}, {""go_id"": ""GO:0001947"", ""term_name"": ""heart looping"", ""namespace"": ""biological_process"", ""evidence"": ""IMP""}, {""go_id"": ""GO:0070986"", ""term_name"": ""left/right axis specification"", ""namespace"": ""biological_process"", ""evidence"": ""IMP""}, {""go_id"": ""GO:0032438"", ""term_name"": ""melanosome organization"", ""namespace"": ""biological_process"", ""evidence"": ""IMP""}, {""go_id"": ""GO:0035675"", ""term_name"": ""neuromast hair cell development"", ""namespace"": ""biological_process"", ""evidence"": ""IMP""}, {""go_id"": ""GO:0039022"", ""term_name"": ""pronephric duct development"", ""namespace"": ""biological_process"", ""evidence"": ""IMP""}, {""go_id"": ""GO:0046688"", ""term_name"": ""response to copper ion"", ""namespace"": ""biological_process"", ""evidence"": ""IMP""}, {""go_id"": ""GO:0060041"", ""term_name"": ""retina development in camera-type eye"", ""namespace"": ""biological_process"", ""evidence"": ""IMP""}, {""go_id"": ""GO:0003406"", ""term_name"": ""retinal pigment epithelium development"", ""namespace"": ""biological_process"", ""evidence"": ""IMP""}]"
Q90270,PO5F1_DANRE,PO5F1,zebrafish,Danio rerio (Zebrafish) (Brachydanio rerio).,"RecName: Full=POU domain, class 5, transcription factor 1; AltName: Full=POU domain protein 2;","Involved in early development of embryos, especially in the process of gastrulation. May play an important role in establishing and specifying rhombomeric segments. Seems to be required to maintain the cells in a highly undifferentiated state. In contrast to POU2, T-POU2 lacks DNA-binding activity because of its incomplete pou domain structure. Overexpression of POU2 does not have any effect on development, whereas overexpression of t-POU2 causes developmental retardation or arrest before gastrulation.",26,GO:0003682|chromatin binding; GO:0003700|DNA-binding transcription factor activity; GO:0046982|protein heterodimerization activity; GO:0043565|sequence-specific DNA binding,GO:0009653|anatomical structure morphogenesis; GO:0007420|brain development; GO:0035284|brain segmentation; GO:0006338|chromatin remodeling; GO:0009950|dorsal/ventral axis specification; GO:0009953|dorsal/ventral pattern formation; GO:0007398|ectoderm development; GO:0009880|embryonic pattern specification; GO:0001706|endoderm formation; GO:0090504|epiboly; GO:0055113|epiboly involved in gastrulation with mouth forming second; GO:0031101|fin regeneration; GO:0030902|hindbrain development; GO:0007498|mesoderm development; GO:0030917|midbrain-hindbrain boundary development; GO:0016331|morphogenesis of embryonic epithelium; GO:0010629|negative regulation of gene expression; GO:0034728|nucleosome organization; GO:0045893|positive regulation of DNA-templated transcription; GO:0042663|regulation of endodermal cell fate specification; GO:0010468|regulation of gene expression; GO:0141064|zygotic genome activation,,"[{""go_id"": ""GO:0003682"", ""term_name"": ""chromatin binding"", ""namespace"": ""molecular_function"", ""evidence"": ""IDA""}, {""go_id"": ""GO:0003700"", ""term_name"": ""DNA-binding transcription factor activity"", ""namespace"": ""molecular_function"", ""evidence"": ""IGI""}, {""go_id"": ""GO:0046982"", ""term_name"": ""protein heterodimerization activity"", ""namespace"": ""molecular_function"", ""evidence"": ""IPI""}, {""go_id"": ""GO:0043565"", ""term_name"": ""sequence-specific DNA binding"", ""namespace"": ""molecular_function"", ""evidence"": ""IDA""}, {""go_id"": ""GO:0009653"", ""term_name"": ""anatomical structure morphogenesis"", ""namespace"": ""biological_process"", ""evidence"": ""IMP""}, {""go_id"": ""GO:0007420"", ""term_name"": ""brain development"", ""namespace"": ""biological_process"", ""evidence"": ""IMP""}, {""go_id"": ""GO:0035284"", ""term_name"": ""brain segmentation"", ""namespace"": ""biological_process"", ""evidence"": ""IMP""}, {""go_id"": ""GO:0006338"", ""term_name"": ""chromatin remodeling"", ""namespace"": ""biological_process"", ""evidence"": ""IMP""}, {""go_id"": ""GO:0009950"", ""term_name"": ""dorsal/ventral axis specification"", ""namespace"": ""biological_process"", ""evidence"": ""IMP""}, {""go_id"": ""GO:0009953"", ""term_name"": ""dorsal/ventral pattern formation"", ""namespace"": ""biological_process"", ""evidence"": ""IMP""}, {""go_id"": ""GO:0007398"", ""term_name"": ""ectoderm development"", ""namespace"": ""biological_process"", ""evidence"": ""IMP""}, {""go_id"": ""GO:0009880"", ""term_name"": ""embryonic pattern specification"", ""namespace"": ""biological_process"", ""evidence"": ""IMP""}, {""go_id"": ""GO:0001706"", ""term_name"": ""endoderm formation"", ""namespace"": ""biological_process"", ""evidence"": ""IMP""}, {""go_id"": ""GO:0090504"", ""term_name"": ""epiboly"", ""namespace"": ""biological_process"", ""evidence"": ""IMP""}, {""go_id"": ""GO:0055113"", ""term_name"": ""epiboly involved in gastrulation with mouth forming second"", ""namespace"": ""biological_process"", ""evidence"": ""IMP""}, {""go_id"": ""GO:0031101"", ""term_name"": ""fin regeneration"", ""namespace"": ""biological_process"", ""evidence"": ""IMP""}, {""go_id"": ""GO:0030902"", ""term_name"": ""hindbrain development"", ""namespace"": ""biological_process"", ""evidence"": ""IMP""}, {""go_id"": ""GO:0007498"", ""term_name"": ""mesoderm development"", ""namespace"": ""biological_process"", ""evidence"": ""IMP""}, {""go_id"": ""GO:0030917"", ""term_name"": ""midbrain-hindbrain boundary development"", ""namespace"": ""biological_process"", ""evidence"": ""IMP""}, {""go_id"": ""GO:0016331"", ""term_name"": ""morphogenesis of embryonic epithelium"", ""namespace"": ""biological_process"", ""evidence"": ""IMP""}, {""go_id"": ""GO:0010629"", ""term_name"": ""negative regulation of gene expression"", ""namespace"": ""biological_process"", ""evidence"": ""IGI""}, {""go_id"": ""GO:0034728"", ""term_name"": ""nucleosome organization"", ""namespace"": ""biological_process"", ""evidence"": ""IDA""}, {""go_id"": ""GO:0045893"", ""term_name"": ""positive regulation of DNA-templated transcription"", ""namespace"": ""biological_process"", ""evidence"": ""IGI""}, {""go_id"": ""GO:0042663"", ""term_name"": ""regulation of endodermal cell fate specification"", ""namespace"": ""biological_process"", ""evidence"": ""IGI""}, {""go_id"": ""GO:0010468"", ""term_name"": ""regulation of gene expression"", ""namespace"": ""biological_process"", ""evidence"": ""IMP""}, {""go_id"": ""GO:0141064"", ""term_name"": ""zygotic genome activation"", ""namespace"": ""biological_process"", ""evidence"": ""IMP""}]"
Q9PW80,IF2B3_DANRE,IF2B3,zebrafish,Danio rerio (Zebrafish) (Brachydanio rerio).,RecName: Full=Insulin-like growth factor 2 mRNA-binding protein 3; Short=IGF2 mRNA-binding protein 3; Short=IMP-3; AltName: Full=Decapentaplegic and Vg-related 1 RNA-binding protein; AltName: Full=IGF-II mRNA-binding protein 3; AltName: Full=VICKZ family member 3; AltName: Full=Vg1 RNA-binding protein; Short=Vg1-RBP;,"RNA-binding factor that may recruit target transcripts to cytoplasmic protein-RNA complexes (mRNPs). This transcript 'caging' into mRNPs allows mRNA transport and transient storage. It also modulates the rate and location at which target transcripts encounter the translational apparatus and shields them from endonuclease attacks or microRNA-mediated degradation (By similarity). Preferentially binds to N6-methyladenosine (m6A)-containing mRNAs and increases their stability (By similarity). Involved in neuronal crest migration (PubMed:14522877). {ECO:0000250|UniProtKB:O00425, ECO:0000269|PubMed:14522877}.",6,GO:0003730|mRNA 3'-UTR binding; GO:0003729|mRNA binding,GO:0007281|germ cell development; GO:0008354|germ cell migration; GO:0045995|regulation of embryonic development; GO:0007530|sex determination,,"[{""go_id"": ""GO:0003730"", ""term_name"": ""mRNA 3'-UTR binding"", ""namespace"": ""molecular_function"", ""evidence"": ""IDA""}, {""go_id"": ""GO:0003729"", ""term_name"": ""mRNA binding"", ""namespace"": ""molecular_function"", ""evidence"": ""IDA""}, {""go_id"": ""GO:0007281"", ""term_name"": ""germ cell development"", ""namespace"": ""biological_process"", ""evidence"": ""IMP""}, {""go_id"": ""GO:0008354"", ""term_name"": ""germ cell migration"", ""namespace"": ""biological_process"", ""evidence"": ""IMP""}, {""go_id"": ""GO:0045995"", ""term_name"": ""regulation of embryonic development"", ""namespace"": ""biological_process"", ""evidence"": ""IMP""}, {""go_id"": ""GO:0007530"", ""term_name"": ""sex determination"", ""namespace"": ""biological_process"", ""evidence"": ""IMP""}]"
A0A193KX02,TOMT_DANRE,TOMT,zebrafish,Danio rerio (Zebrafish) (Brachydanio rerio).,RecName: Full=Transmembrane O-methyltransferase homolog {ECO:0000305}; EC=2.1.1.6 {ECO:0000250|UniProtKB:P21964}; AltName: Full=Protein mercury {ECO:0000303|PubMed:9491988};,"Catalyzes the O-methylation, and thereby the inactivation, of catecholamine neurotransmitters and catechol hormones (By similarity). Required for auditory function. Component of the hair cell's mechanotransduction (MET) machinery. Involved in the assembly of the asymmetric tip-link MET complex. Required for transportation of TMC1 and TMC2 proteins into the mechanically sensitive stereocilia of the hair cells. The function in MET is independent of the enzymatic activity (PubMed:28534737). {ECO:0000250|UniProtKB:P21964, ECO:0000269|PubMed:28534737}.",9,,GO:0031223|auditory behavior; GO:0050974|detection of mechanical stimulus involved in sensory perception; GO:0006897|endocytosis; GO:0035315|hair cell differentiation; GO:0060122|inner ear receptor cell stereocilium organization; GO:0048884|neuromast development,GO:0016323|basolateral plasma membrane; GO:0005783|endoplasmic reticulum; GO:0005794|Golgi apparatus,"[{""go_id"": ""GO:0016323"", ""term_name"": ""basolateral plasma membrane"", ""namespace"": ""cellular_component"", ""evidence"": ""IDA""}, {""go_id"": ""GO:0005783"", ""term_name"": ""endoplasmic reticulum"", ""namespace"": ""cellular_component"", ""evidence"": ""IDA""}, {""go_id"": ""GO:0005794"", ""term_name"": ""Golgi apparatus"", ""namespace"": ""cellular_component"", ""evidence"": ""IDA""}, {""go_id"": ""GO:0031223"", ""term_name"": ""auditory behavior"", ""namespace"": ""biological_process"", ""evidence"": ""IMP""}, {""go_id"": ""GO:0050974"", ""term_name"": ""detection of mechanical stimulus involved in sensory perception"", ""namespace"": ""biological_process"", ""evidence"": ""IMP""}, {""go_id"": ""GO:0006897"", ""term_name"": ""endocytosis"", ""namespace"": ""biological_process"", ""evidence"": ""IMP""}, {""go_id"": ""GO:0035315"", ""term_name"": ""hair cell differentiation"", ""namespace"": ""biological_process"", ""evidence"": ""IMP""}, {""go_id"": ""GO:0060122"", ""term_name"": ""inner ear receptor cell stereocilium organization"", ""namespace"": ""biological_process"", ""evidence"": ""IMP""}, {""go_id"": ""GO:0048884"", ""term_name"": ""neuromast development"", ""namespace"": ""biological_process"", ""evidence"": ""IMP""}]"
Q6DRG7,MYPT1_DANRE,MYPT1,zebrafish,Danio rerio (Zebrafish) (Brachydanio rerio).,RecName: Full=Protein phosphatase 1 regulatory subunit 12A; AltName: Full=Myosin phosphatase-targeting subunit 1; Short=Myosin phosphatase target subunit 1; AltName: Full=Protein phosphatase myosin-binding subunit;,Regulates myosin phosphatase activity. {ECO:0000250}.,11,GO:0046982|protein heterodimerization activity,GO:0051017|actin filament bundle assembly; GO:0070650|actin filament bundle distribution; GO:0007409|axonogenesis; GO:0060028|convergent extension involved in axis elongation; GO:0001889|liver development; GO:0021555|midbrain-hindbrain boundary morphogenesis; GO:0008045|motor neuron axon guidance; GO:0030510|regulation of BMP signaling pathway; GO:0008360|regulation of cell shape,GO:0005737|cytoplasm,"[{""go_id"": ""GO:0005737"", ""term_name"": ""cytoplasm"", ""namespace"": ""cellular_component"", ""evidence"": ""IDA""}, {""go_id"": ""GO:0046982"", ""term_name"": ""protein heterodimerization activity"", ""namespace"": ""molecular_function"", ""evidence"": ""IPI""}, {""go_id"": ""GO:0051017"", ""term_name"": ""actin filament bundle assembly"", ""namespace"": ""biological_process"", ""evidence"": ""IMP""}, {""go_id"": ""GO:0070650"", ""term_name"": ""actin filament bundle distribution"", ""namespace"": ""biological_process"", ""evidence"": ""IMP""}, {""go_id"": ""GO:0007409"", ""term_name"": ""axonogenesis"", ""namespace"": ""biological_process"", ""evidence"": ""IMP""}, {""go_id"": ""GO:0060028"", ""term_name"": ""convergent extension involved in axis elongation"", ""namespace"": ""biological_process"", ""evidence"": ""IGI""}, {""go_id"": ""GO:0001889"", ""term_name"": ""liver development"", ""namespace"": ""biological_process"", ""evidence"": ""IMP""}, {""go_id"": ""GO:0021555"", ""term_name"": ""midbrain-hindbrain boundary morphogenesis"", ""namespace"": ""biological_process"", ""evidence"": ""IMP""}, {""go_id"": ""GO:0008045"", ""term_name"": ""motor neuron axon guidance"", ""namespace"": ""biological_process"", ""evidence"": ""IMP""}, {""go_id"": ""GO:0030510"", ""term_name"": ""regulation of BMP signaling pathway"", ""namespace"": ""biological_process"", ""evidence"": ""IMP""}, {""go_id"": ""GO:0008360"", ""term_name"": ""regulation of cell shape"", ""namespace"": ""biological_process"", ""evidence"": ""IMP""}]"
O42358,RX3_DANRE,RX3,zebrafish,Danio rerio (Zebrafish) (Brachydanio rerio).,RecName: Full=Retinal homeobox protein Rx3;,Plays a critical role in eye formation by regulating the initial specification of retinal cells and/or their subsequent proliferation. {ECO:0000250}.,10,,GO:0021984|adenohypophysis development; GO:0048593|camera-type eye morphogenesis; GO:0001708|cell fate specification; GO:0048596|embryonic camera-type eye morphogenesis; GO:0001654|eye development; GO:0060898|eye field cell fate commitment involved in camera-type eye formation; GO:0030900|forebrain development; GO:0021854|hypothalamus development; GO:0001755|neural crest cell migration; GO:0060041|retina development in camera-type eye,,"[{""go_id"": ""GO:0021984"", ""term_name"": ""adenohypophysis development"", ""namespace"": ""biological_process"", ""evidence"": ""IMP""}, {""go_id"": ""GO:0048593"", ""term_name"": ""camera-type eye morphogenesis"", ""namespace"": ""biological_process"", ""evidence"": ""IMP""}, {""go_id"": ""GO:0001708"", ""term_name"": ""cell fate specification"", ""namespace"": ""biological_process"", ""evidence"": ""IMP""}, {""go_id"": ""GO:0048596"", ""term_name"": ""embryonic camera-type eye morphogenesis"", ""namespace"": ""biological_process"", ""evidence"": ""IMP""}, {""go_id"": ""GO:0001654"", ""term_name"": ""eye development"", ""namespace"": ""biological_process"", ""evidence"": ""IMP""}, {""go_id"": ""GO:0060898"", ""term_name"": ""eye field cell fate commitment involved in camera-type eye formation"", ""namespace"": ""biological_process"", ""evidence"": ""IMP""}, {""go_id"": ""GO:0030900"", ""term_name"": ""forebrain development"", ""namespace"": ""biological_process"", ""evidence"": ""IMP""}, {""go_id"": ""GO:0021854"", ""term_name"": ""hypothalamus development"", ""namespace"": ""biological_process"", ""evidence"": ""IMP""}, {""go_id"": ""GO:0001755"", ""term_name"": ""neural crest cell migration"", ""namespace"": ""biological_process"", ""evidence"": ""IMP""}, {""go_id"": ""GO:0060041"", ""term_name"": ""retina development in camera-type eye"", ""namespace"": ""biological_process"", ""evidence"": ""IMP""}]"
Q5W7F1,ASAH2_DANRE,ASAH2,zebrafish,Danio rerio (Zebrafish) (Brachydanio rerio).,RecName: Full=Neutral ceramidase {ECO:0000305}; Short=N-CDase; Short=NCDase; EC=3.5.1.23 {ECO:0000269|PubMed:15271994}; AltName: Full=Acylsphingosine deacylase 2; AltName: Full=N-acylsphingosine amidohydrolase 2; Short=znCD;,"Plasma membrane ceramidase that hydrolyzes sphingolipid ceramides into sphingosine and free fatty acids at neutral pH (PubMed:15271994). Ceramides, sphingosine, and its phosphorylated form sphingosine-1-phosphate are bioactive lipids that mediate cellular signaling pathways regulating several biological processes including cell proliferation, apoptosis and differentiation. Also catalyzes the reverse reaction allowing the synthesis of ceramides from fatty acids and sphingosine. Together with sphingomyelinase, participates in the production of sphingosine and sphingosine-1-phosphate from the degradation of sphingomyelin, a sphingolipid enriched in the plasma membrane of cells (By similarity). Also participates in the hydrolysis of ceramides from the extracellular milieu allowing the production of sphingosine-1-phosphate inside and outside cells (By similarity). {ECO:0000250|UniProtKB:Q9JHE3, ECO:0000250|UniProtKB:Q9NR71, ECO:0000269|PubMed:15271994}.",6,GO:0017040|N-acylsphingosine amidohydrolase activity,GO:0006672|ceramide metabolic process,GO:0016324|apical plasma membrane; GO:0005789|endoplasmic reticulum membrane; GO:0000139|Golgi membrane; GO:0005886|plasma membrane,"[{""go_id"": ""GO:0016324"", ""term_name"": ""apical plasma membrane"", ""namespace"": ""cellular_component"", ""evidence"": ""IDA""}, {""go_id"": ""GO:0005789"", ""term_name"": ""endoplasmic reticulum membrane"", ""namespace"": ""cellular_component"", ""evidence"": ""IDA""}, {""go_id"": ""GO:0000139"", ""term_name"": ""Golgi membrane"", ""namespace"": ""cellular_component"", ""evidence"": ""IDA""}, {""go_id"": ""GO:0005886"", ""term_name"": ""plasma membrane"", ""namespace"": ""cellular_component"", ""evidence"": ""IDA""}, {""go_id"": ""GO:0017040"", ""term_name"": ""N-acylsphingosine amidohydrolase activity"", ""namespace"": ""molecular_function"", ""evidence"": ""IDA""}, {""go_id"": ""GO:0006672"", ""term_name"": ""ceramide metabolic process"", ""namespace"": ""biological_process"", ""evidence"": ""IDA""}]"
A5PN28,OTO1A_DANRE,OTO1A,zebrafish,Danio rerio (Zebrafish) (Brachydanio rerio).,RecName: Full=Otolin-1-A {ECO:0000305}; AltName: Full=zOtolin1 {ECO:0000303|PubMed:15905077}; Flags: Precursor;,"Collagen-like protein, which provides an organic scaffold for otoliths onto the sensory epithelium of the inner ear (PubMed:15905077, PubMed:29076638). Acts as a scaffold for biomineralization by sequestering calcium (PubMed:29076638). {ECO:0000269|PubMed:15905077, ECO:0000269|PubMed:29076638}.",5,GO:0005509|calcium ion binding,GO:0031214|biomineral tissue development; GO:0048840|otolith development; GO:0045299|otolith mineralization; GO:0051259|protein complex oligomerization,,"[{""go_id"": ""GO:0005509"", ""term_name"": ""calcium ion binding"", ""namespace"": ""molecular_function"", ""evidence"": ""IDA""}, {""go_id"": ""GO:0031214"", ""term_name"": ""biomineral tissue development"", ""namespace"": ""biological_process"", ""evidence"": ""IDA""}, {""go_id"": ""GO:0048840"", ""term_name"": ""otolith development"", ""namespace"": ""biological_process"", ""evidence"": ""IMP""}, {""go_id"": ""GO:0045299"", ""term_name"": ""otolith mineralization"", ""namespace"": ""biological_process"", ""evidence"": ""IDA""}, {""go_id"": ""GO:0051259"", ""term_name"": ""protein complex oligomerization"", ""namespace"": ""biological_process"", ""evidence"": ""IDA""}]"
P85001,CE290_DANRE,CE290,zebrafish,Danio rerio (Zebrafish) (Brachydanio rerio).,RecName: Full=Centrosomal protein of 290 kDa; Short=Cep290;,"Involved in early and late steps in cilia formation. May play a role in early ciliogenesis in the disappearance of centriolar satellites and in the transition of primary ciliar vesicles (PCVs) to capped ciliary vesicles (CCVs). In the ciliary transition zone is part of the tectonic-like complex which is required for tissue-specific ciliogenesis and may regulate ciliary membrane composition. Involved in regulation of the BBSome complex integrity and in ciliary targeting of selected BBSome cargos. Required for the correct localization of ciliary and phototransduction proteins in retinal photoreceptor cells; may play a role in ciliary transport processes (By similarity). Involved in development of the nervous system and kidney (PubMed:16682973). {ECO:0000250|UniProtKB:O15078, ECO:0000250|UniProtKB:Q6A078, ECO:0000269|PubMed:16682973}.",4,,GO:0042462|eye photoreceptor cell development; GO:0030902|hindbrain development; GO:0030916|otic vesicle formation; GO:0048793|pronephros development,,"[{""go_id"": ""GO:0042462"", ""term_name"": ""eye photoreceptor cell development"", ""namespace"": ""biological_process"", ""evidence"": ""IMP""}, {""go_id"": ""GO:0030902"", ""term_name"": ""hindbrain development"", ""namespace"": ""biological_process"", ""evidence"": ""IMP""}, {""go_id"": ""GO:0030916"", ""term_name"": ""otic vesicle formation"", ""namespace"": ""biological_process"", ""evidence"": ""IMP""}, {""go_id"": ""GO:0048793"", ""term_name"": ""pronephros development"", ""namespace"": ""biological_process"", ""evidence"": ""IMP""}]"
Q5XJ34,KC15L_DANRE,KC15L,zebrafish,Danio rerio (Zebrafish) (Brachydanio rerio).,RecName: Full=BTB/POZ domain-containing protein kctd15-like;,,4,,GO:0007420|brain development; GO:0014033|neural crest cell differentiation; GO:0060037|pharyngeal system development; GO:2001141|regulation of RNA biosynthetic process,,"[{""go_id"": ""GO:0007420"", ""term_name"": ""brain development"", ""namespace"": ""biological_process"", ""evidence"": ""IGI""}, {""go_id"": ""GO:0014033"", ""term_name"": ""neural crest cell differentiation"", ""namespace"": ""biological_process"", ""evidence"": ""IGI""}, {""go_id"": ""GO:0060037"", ""term_name"": ""pharyngeal system development"", ""namespace"": ""biological_process"", ""evidence"": ""IGI""}, {""go_id"": ""GO:2001141"", ""term_name"": ""regulation of RNA biosynthetic process"", ""namespace"": ""biological_process"", ""evidence"": ""IDA""}]"
P57102,HAND2_DANRE,HAND2,zebrafish,Danio rerio (Zebrafish) (Brachydanio rerio).,"RecName: Full=Heart- and neural crest derivatives-expressed protein 2; AltName: Full=Deciduum, heart, autonomic nervous system and neural crest derivatives-expressed protein 2; Short=dHAND;","Essential for myocardial and pectoral fin differentiation, patterning and morphogenesis. {ECO:0000269|PubMed:10821756}.",19,,GO:0055007|cardiac muscle cell differentiation; GO:0010002|cardioblast differentiation; GO:0035051|cardiocyte differentiation; GO:0003142|cardiogenic plate morphogenesis; GO:0071908|determination of intestine left/right asymmetry; GO:0003144|embryonic heart tube formation; GO:0035118|embryonic pectoral fin morphogenesis; GO:0048703|embryonic viscerocranium morphogenesis; GO:0060047|heart contraction; GO:0001947|heart looping; GO:0003007|heart morphogenesis; GO:0003357|noradrenergic neuron differentiation; GO:0072015|podocyte development; GO:0030859|polarized epithelial cell differentiation; GO:0003342|proepicardium development; GO:0039008|pronephric nephron tubule morphogenesis; GO:0072158|proximal tubule morphogenesis; GO:0048485|sympathetic nervous system development; GO:0030878|thyroid gland development,,"[{""go_id"": ""GO:0055007"", ""term_name"": ""cardiac muscle cell differentiation"", ""namespace"": ""biological_process"", ""evidence"": ""IMP""}, {""go_id"": ""GO:0010002"", ""term_name"": ""cardioblast differentiation"", ""namespace"": ""biological_process"", ""evidence"": ""IMP""}, {""go_id"": ""GO:0035051"", ""term_name"": ""cardiocyte differentiation"", ""namespace"": ""biological_process"", ""evidence"": ""IMP""}, {""go_id"": ""GO:0003142"", ""term_name"": ""cardiogenic plate morphogenesis"", ""namespace"": ""biological_process"", ""evidence"": ""IMP""}, {""go_id"": ""GO:0071908"", ""term_name"": ""determination of intestine left/right asymmetry"", ""namespace"": ""biological_process"", ""evidence"": ""IMP""}, {""go_id"": ""GO:0003144"", ""term_name"": ""embryonic heart tube formation"", ""namespace"": ""biological_process"", ""evidence"": ""IMP""}, {""go_id"": ""GO:0035118"", ""term_name"": ""embryonic pectoral fin morphogenesis"", ""namespace"": ""biological_process"", ""evidence"": ""IMP""}, {""go_id"": ""GO:0048703"", ""term_name"": ""embryonic viscerocranium morphogenesis"", ""namespace"": ""biological_process"", ""evidence"": ""IMP""}, {""go_id"": ""GO:0060047"", ""term_name"": ""heart contraction"", ""namespace"": ""biological_process"", ""evidence"": ""IMP""}, {""go_id"": ""GO:0001947"", ""term_name"": ""heart looping"", ""namespace"": ""biological_process"", ""evidence"": ""IGI""}, {""go_id"": ""GO:0003007"", ""term_name"": ""heart morphogenesis"", ""namespace"": ""biological_process"", ""evidence"": ""IMP""}, {""go_id"": ""GO:0003357"", ""term_name"": ""noradrenergic neuron differentiation"", ""namespace"": ""biological_process"", ""evidence"": ""IMP""}, {""go_id"": ""GO:0072015"", ""term_name"": ""podocyte development"", ""namespace"": ""biological_process"", ""evidence"": ""IMP""}, {""go_id"": ""GO:0030859"", ""term_name"": ""polarized epithelial cell differentiation"", ""namespace"": ""biological_process"", ""evidence"": ""IMP""}, {""go_id"": ""GO:0003342"", ""term_name"": ""proepicardium development"", ""namespace"": ""biological_process"", ""evidence"": ""IMP""}, {""go_id"": ""GO:0039008"", ""term_name"": ""pronephric nephron tubule morphogenesis"", ""namespace"": ""biological_process"", ""evidence"": ""IMP""}, {""go_id"": ""GO:0072158"", ""term_name"": ""proximal tubule morphogenesis"", ""namespace"": ""biological_process"", ""evidence"": ""IMP""}, {""go_id"": ""GO:0048485"", ""term_name"": ""sympathetic nervous system development"", ""namespace"": ""biological_process"", ""evidence"": ""IMP""}, {""go_id"": ""GO:0030878"", ""term_name"": ""thyroid gland development"", ""namespace"": ""biological_process"", ""evidence"": ""IMP""}]"
Q58G59,KIF7_DANRE,KIF7,zebrafish,Danio rerio (Zebrafish) (Brachydanio rerio).,RecName: Full=Kinesin-like protein kif7; AltName: Full=Kinesin-like protein costal2;,"Acts downstream of smo as an intracellular repressor of hedgehog signaling pathway, mainly through the suppression of gli1 activity. This negative regulatory effect is enhanced in conjunction with the suppressor of fused (sufu) protein. Positively regulates gli2a activity by promoting its dissociation from sufu. Involved in the regulation of microtubular dynamics. {ECO:0000269|PubMed:15647323, ECO:0000269|PubMed:24339784}.",6,,GO:0007368|determination of left/right symmetry; GO:0045879|negative regulation of smoothened signaling pathway; GO:0035845|photoreceptor cell outer segment organization,GO:0005929|cilium; GO:0005737|cytoplasm; GO:0035301|Hedgehog signaling complex,"[{""go_id"": ""GO:0005929"", ""term_name"": ""cilium"", ""namespace"": ""cellular_component"", ""evidence"": ""IDA""}, {""go_id"": ""GO:0005737"", ""term_name"": ""cytoplasm"", ""namespace"": ""cellular_component"", ""evidence"": ""IDA""}, {""go_id"": ""GO:0035301"", ""term_name"": ""Hedgehog signaling complex"", ""namespace"": ""cellular_component"", ""evidence"": ""IDA""}, {""go_id"": ""GO:0007368"", ""term_name"": ""determination of left/right symmetry"", ""namespace"": ""biological_process"", ""evidence"": ""IMP""}, {""go_id"": ""GO:0045879"", ""term_name"": ""negative regulation of smoothened signaling pathway"", ""namespace"": ""biological_process"", ""evidence"": ""IMP""}, {""go_id"": ""GO:0035845"", ""term_name"": ""photoreceptor cell outer segment organization"", ""namespace"": ""biological_process"", ""evidence"": ""IMP""}]"
Q7T3Q2,CRIM1_DANRE,CRIM1,zebrafish,Danio rerio (Zebrafish) (Brachydanio rerio).,RecName: Full=Cysteine-rich motor neuron 1 protein; Short=CRIM-1; Flags: Precursor;,May play a role in CNS development by interacting with growth factors implicated in motor neuron differentiation and survival. {ECO:0000250}.,3,,GO:0001568|blood vessel development; GO:0048570|notochord morphogenesis; GO:0001756|somitogenesis,,"[{""go_id"": ""GO:0001568"", ""term_name"": ""blood vessel development"", ""namespace"": ""biological_process"", ""evidence"": ""IMP""}, {""go_id"": ""GO:0048570"", ""term_name"": ""notochord morphogenesis"", ""namespace"": ""biological_process"", ""evidence"": ""IMP""}, {""go_id"": ""GO:0001756"", ""term_name"": ""somitogenesis"", ""namespace"": ""biological_process"", ""evidence"": ""IMP""}]"
Q7T322,NAA35_DANRE,NAA35,zebrafish,Danio rerio (Zebrafish) (Brachydanio rerio).,"RecName: Full=N-alpha-acetyltransferase 35, NatC auxiliary subunit; AltName: Full=Embryonic growth-associated protein; Short=zEGAP; AltName: Full=Protein MAK10 homolog;","Auxillary component of the N-terminal acetyltransferase C (NatC) complex which catalyzes acetylation of N-terminal methionine residues (By similarity). N-terminal acetylation protects proteins from ubiquitination and degradation by the N-end rule pathway (By similarity). Regulates cell proliferation during embryonic development (PubMed:16484612). {ECO:0000250|UniProtKB:Q5VZE5, ECO:0000269|PubMed:16484612}.",5,,GO:0048514|blood vessel morphogenesis; GO:0043066|negative regulation of apoptotic process; GO:0008284|positive regulation of cell population proliferation; GO:0032006|regulation of TOR signaling; GO:0001756|somitogenesis,,"[{""go_id"": ""GO:0048514"", ""term_name"": ""blood vessel morphogenesis"", ""namespace"": ""biological_process"", ""evidence"": ""IMP""}, {""go_id"": ""GO:0043066"", ""term_name"": ""negative regulation of apoptotic process"", ""namespace"": ""biological_process"", ""evidence"": ""IMP""}, {""go_id"": ""GO:0008284"", ""term_name"": ""positive regulation of cell population proliferation"", ""namespace"": ""biological_process"", ""evidence"": ""IMP""}, {""go_id"": ""GO:0032006"", ""term_name"": ""regulation of TOR signaling"", ""namespace"": ""biological_process"", ""evidence"": ""IMP""}, {""go_id"": ""GO:0001756"", ""term_name"": ""somitogenesis"", ""namespace"": ""biological_process"", ""evidence"": ""IMP""}]"
O13034,RAG2_DANRE,RAG2,zebrafish,Danio rerio (Zebrafish) (Brachydanio rerio).,RecName: Full=V(D)J recombination-activating protein 2; Short=RAG-2;,"Core component of the RAG complex, a multiprotein complex that mediates the DNA cleavage phase during V(D)J recombination. V(D)J recombination assembles a diverse repertoire of immunoglobulin and T- cell receptor genes in developing B and T lymphocytes through rearrangement of different V (variable), in some cases D (diversity), and J (joining) gene segments. DNA cleavage by the RAG complex occurs in 2 steps: a first nick is introduced in the top strand immediately upstream of the heptamer, generating a 3'-hydroxyl group that can attack the phosphodiester bond on the opposite strand in a direct transesterification reaction, thereby creating 4 DNA ends: 2 hairpin coding ends and 2 blunt, 5'-phosphorylated ends. In the RAG complex, rag2 is not the catalytic component but is required for all known catalytic activities mediated by RAG1. It probably acts as a sensor of chromatin state that recruits the RAG complex to H3K4me3 (By similarity). {ECO:0000250}.",10,GO:0043565|sequence-specific DNA binding,GO:0048534|hematopoietic or lymphoid organ development; GO:0033152|immunoglobulin V(D)J recombination; GO:0030098|lymphocyte differentiation; GO:0065004|protein-DNA complex assembly; GO:0030217|T cell differentiation; GO:0048538|thymus development; GO:0033151|V(D)J recombination,GO:0097519|DNA recombinase complex; GO:1905347|endodeoxyribonuclease complex,"[{""go_id"": ""GO:0097519"", ""term_name"": ""DNA recombinase complex"", ""namespace"": ""cellular_component"", ""evidence"": ""IPI""}, {""go_id"": ""GO:1905347"", ""term_name"": ""endodeoxyribonuclease complex"", ""namespace"": ""cellular_component"", ""evidence"": ""IPI""}, {""go_id"": ""GO:0043565"", ""term_name"": ""sequence-specific DNA binding"", ""namespace"": ""molecular_function"", ""evidence"": ""IPI""}, {""go_id"": ""GO:0048534"", ""term_name"": ""hematopoietic or lymphoid organ development"", ""namespace"": ""biological_process"", ""evidence"": ""IMP""}, {""go_id"": ""GO:0033152"", ""term_name"": ""immunoglobulin V(D)J recombination"", ""namespace"": ""biological_process"", ""evidence"": ""IDA""}, {""go_id"": ""GO:0030098"", ""term_name"": ""lymphocyte differentiation"", ""namespace"": ""biological_process"", ""evidence"": ""IMP""}, {""go_id"": ""GO:0065004"", ""term_name"": ""protein-DNA complex assembly"", ""namespace"": ""biological_process"", ""evidence"": ""IPI""}, {""go_id"": ""GO:0030217"", ""term_name"": ""T cell differentiation"", ""namespace"": ""biological_process"", ""evidence"": ""IMP""}, {""go_id"": ""GO:0048538"", ""term_name"": ""thymus development"", ""namespace"": ""biological_process"", ""evidence"": ""IMP""}, {""go_id"": ""GO:0033151"", ""term_name"": ""V(D)J recombination"", ""namespace"": ""biological_process"", ""evidence"": ""IPI""}]"
Q568L5,A1A1B_DANRE,A1A1B,zebrafish,Danio rerio (Zebrafish) (Brachydanio rerio).,RecName: Full=Aldo-keto reductase family 1 member A1-B; EC=1.1.1.2 {ECO:0000250|UniProtKB:P14550}; AltName: Full=Alcohol dehydrogenase [NADP(+)] B; AltName: Full=Aldehyde reductase-B; AltName: Full=S-nitroso-CoA reductase {ECO:0000305}; Short=ScorR {ECO:0000305}; EC=1.6.-.- {ECO:0000250|UniProtKB:P14550};,"Catalyzes the NADPH-dependent reduction of a wide variety of carbonyl-containing compounds to their corresponding alcohols. Displays enzymatic activity towards endogenous metabolites such as aromatic and aliphatic aldehydes, ketones, monosaccharides and bile acids. Acts as an aldehyde-detoxification enzyme (By similarity). Also acts as an inhibitor of protein S-nitrosylation by mediating degradation of S- nitroso-coenzyme A (S-nitroso-CoA), a cofactor required to S- nitrosylate proteins (By similarity). Also acts as a S-nitroso- glutathione reductase by catalyzing the NADPH-dependent reduction of S- nitrosoglutathione (By similarity). Displays no reductase activity towards retinoids (By similarity). {ECO:0000250|UniProtKB:P14550, ECO:0000250|UniProtKB:P50578, ECO:0000250|UniProtKB:P51635}.",3,GO:0008106|alcohol dehydrogenase (NADP+) activity,GO:0042593|glucose homeostasis; GO:0006111|regulation of gluconeogenesis,,"[{""go_id"": ""GO:0008106"", ""term_name"": ""alcohol dehydrogenase (NADP+) activity"", ""namespace"": ""molecular_function"", ""evidence"": ""IMP""}, {""go_id"": ""GO:0042593"", ""term_name"": ""glucose homeostasis"", ""namespace"": ""biological_process"", ""evidence"": ""IMP""}, {""go_id"": ""GO:0006111"", ""term_name"": ""regulation of gluconeogenesis"", ""namespace"": ""biological_process"", ""evidence"": ""IMP""}]"
Q7SZ56,TM218_DANRE,TM218,zebrafish,Danio rerio (Zebrafish) (Brachydanio rerio).,RecName: Full=Transmembrane protein 218;,May be involved in ciliary biogenesis or function. {ECO:0000250|UniProtKB:Q9CQ44}.,3,,GO:0090660|cerebrospinal fluid circulation; GO:0039021|pronephric glomerulus development; GO:1901207|regulation of heart looping,,"[{""go_id"": ""GO:0090660"", ""term_name"": ""cerebrospinal fluid circulation"", ""namespace"": ""biological_process"", ""evidence"": ""IMP""}, {""go_id"": ""GO:0039021"", ""term_name"": ""pronephric glomerulus development"", ""namespace"": ""biological_process"", ""evidence"": ""IMP""}, {""go_id"": ""GO:1901207"", ""term_name"": ""regulation of heart looping"", ""namespace"": ""biological_process"", ""evidence"": ""IGI""}]"
P62084,RS7_DANRE,RS7,zebrafish,Danio rerio (Zebrafish) (Brachydanio rerio).,RecName: Full=Small ribosomal subunit protein eS7 {ECO:0000305}; AltName: Full=40S ribosomal protein S7;,Component of the small ribosomal subunit. The ribosome is a large ribonucleoprotein complex responsible for the synthesis of proteins in the cell. Required for rRNA maturation. {ECO:0000250|UniProtKB:P62081}.,3,,GO:0043009|chordate embryonic development; GO:0030097|hemopoiesis; GO:0051726|regulation of cell cycle,,"[{""go_id"": ""GO:0043009"", ""term_name"": ""chordate embryonic development"", ""namespace"": ""biological_process"", ""evidence"": ""IMP""}, {""go_id"": ""GO:0030097"", ""term_name"": ""hemopoiesis"", ""namespace"": ""biological_process"", ""evidence"": ""IMP""}, {""go_id"": ""GO:0051726"", ""term_name"": ""regulation of cell cycle"", ""namespace"": ""biological_process"", ""evidence"": ""IMP""}]"
P50392,PA24A_DANRE,PA24A,zebrafish,Danio rerio (Zebrafish) (Brachydanio rerio).,RecName: Full=Cytosolic phospholipase A2; Short=cPLA2; AltName: Full=Phospholipase A2 group IVA; Includes: RecName: Full=Phospholipase A2; EC=3.1.1.4; AltName: Full=Phosphatidylcholine 2-acylhydrolase; Includes: RecName: Full=Lysophospholipase; EC=3.1.1.5;,"Selectively hydrolyzes arachidonyl phospholipids in the sn-2 position releasing arachidonic acid. Together with its lysophospholipid activity, it is implicated in the initiation of the inflammatory response.",5,GO:0004620|phospholipase activity,GO:0090594|inflammatory response to wounding; GO:0001541|ovarian follicle development; GO:2000045|regulation of G1/S transition of mitotic cell cycle; GO:0009611|response to wounding,,"[{""go_id"": ""GO:0004620"", ""term_name"": ""phospholipase activity"", ""namespace"": ""molecular_function"", ""evidence"": ""IDA""}, {""go_id"": ""GO:0090594"", ""term_name"": ""inflammatory response to wounding"", ""namespace"": ""biological_process"", ""evidence"": ""IMP""}, {""go_id"": ""GO:0001541"", ""term_name"": ""ovarian follicle development"", ""namespace"": ""biological_process"", ""evidence"": ""IEP""}, {""go_id"": ""GO:2000045"", ""term_name"": ""regulation of G1/S transition of mitotic cell cycle"", ""namespace"": ""biological_process"", ""evidence"": ""IGI""}, {""go_id"": ""GO:0009611"", ""term_name"": ""response to wounding"", ""namespace"": ""biological_process"", ""evidence"": ""IMP""}]"
O42202,NDF1_DANRE,NDF1,zebrafish,Danio rerio (Zebrafish) (Brachydanio rerio).,RecName: Full=Neurogenic differentiation factor 1; Short=NeuroD; Short=NeuroD1;,May act as a transcriptional activator. Differentiation factor required for neurogenesis. Acts as an upstream activator of isl1. {ECO:0000269|PubMed:12044886}.,6,,GO:0062139|camera-type eye photoreceptor cell development; GO:0031018|endocrine pancreas development; GO:0060119|inner ear receptor cell development; GO:0045746|negative regulation of Notch signaling pathway; GO:0048923|posterior lateral line neuromast hair cell differentiation; GO:0031099|regeneration,,"[{""go_id"": ""GO:0062139"", ""term_name"": ""camera-type eye photoreceptor cell development"", ""namespace"": ""biological_process"", ""evidence"": ""IMP""}, {""go_id"": ""GO:0031018"", ""term_name"": ""endocrine pancreas development"", ""namespace"": ""biological_process"", ""evidence"": ""IMP""}, {""go_id"": ""GO:0060119"", ""term_name"": ""inner ear receptor cell development"", ""namespace"": ""biological_process"", ""evidence"": ""IMP""}, {""go_id"": ""GO:0045746"", ""term_name"": ""negative regulation of Notch signaling pathway"", ""namespace"": ""biological_process"", ""evidence"": ""IMP""}, {""go_id"": ""GO:0048923"", ""term_name"": ""posterior lateral line neuromast hair cell differentiation"", ""namespace"": ""biological_process"", ""evidence"": ""IMP""}, {""go_id"": ""GO:0031099"", ""term_name"": ""regeneration"", ""namespace"": ""biological_process"", ""evidence"": ""IMP""}]"
A9ULR9,BACD1_DANRE,BACD1,zebrafish,Danio rerio (Zebrafish) (Brachydanio rerio).,RecName: Full=BTB/POZ domain-containing adapter for CUL3-mediated RhoA degradation protein 1; AltName: Full=BTB/POZ domain-containing protein KCTD13;,"Substrate-specific adapter of a BCR (BTB-CUL3-RBX1) E3 ubiquitin-protein ligase complex required for synaptic transmission (By similarity). The BCR(KCTD13) E3 ubiquitin ligase complex mediates the ubiquitination of RHOA, leading to its degradation by the proteasome, thereby regulating the actin cytoskeleton and promoting synaptic transmission (PubMed:29088697). {ECO:0000250|UniProtKB:Q8BGV7, ECO:0000305|PubMed:29088697}.",7,,GO:0007420|brain development; GO:0021952|central nervous system projection neuron axonogenesis; GO:1904888|cranial skeletal system development; GO:0060322|head development; GO:0035024|negative regulation of Rho protein signal transduction; GO:0061351|neural precursor cell proliferation; GO:0043065|positive regulation of apoptotic process,,"[{""go_id"": ""GO:0007420"", ""term_name"": ""brain development"", ""namespace"": ""biological_process"", ""evidence"": ""IMP""}, {""go_id"": ""GO:0021952"", ""term_name"": ""central nervous system projection neuron axonogenesis"", ""namespace"": ""biological_process"", ""evidence"": ""IMP""}, {""go_id"": ""GO:1904888"", ""term_name"": ""cranial skeletal system development"", ""namespace"": ""biological_process"", ""evidence"": ""IGI""}, {""go_id"": ""GO:0060322"", ""term_name"": ""head development"", ""namespace"": ""biological_process"", ""evidence"": ""IMP""}, {""go_id"": ""GO:0035024"", ""term_name"": ""negative regulation of Rho protein signal transduction"", ""namespace"": ""biological_process"", ""evidence"": ""IMP""}, {""go_id"": ""GO:0061351"", ""term_name"": ""neural precursor cell proliferation"", ""namespace"": ""biological_process"", ""evidence"": ""IMP""}, {""go_id"": ""GO:0043065"", ""term_name"": ""positive regulation of apoptotic process"", ""namespace"": ""biological_process"", ""evidence"": ""IMP""}]"
Q08BS4,EZH2_DANRE,EZH2,zebrafish,Danio rerio (Zebrafish) (Brachydanio rerio).,RecName: Full=Histone-lysine N-methyltransferase EZH2; EC=2.1.1.356 {ECO:0000250|UniProtKB:Q15910}; AltName: Full=Enhancer of zeste homolog 2;,"Catalytic subunit of the PRC2/EED-EZH2 complex, a Polycomb group (PcG) complex that methylates 'Lys-9' (H3K9me) and 'Lys-27' (H3K27me) of histone H3, leading to transcriptional repression of the affected target gene. Able to mono-, di- and trimethylate 'Lys-27' of histone H3 to form H3K27me1, H3K27me2 and H3K27me3, respectively. Displays a preference for substrates with less methylation, loses activity when progressively more methyl groups are incorporated into H3K27, H3K27me0 > H3K27me1 > H3K27me2. Compared to EZH1-containing complexes, it is more abundant in embryonic stem cells and plays a major role in forming H3K27me3, which is required for embryonic stem cell identity and proper differentiation. The PRC2/EED-EZH2 complex may also serve as a recruiting platform for DNA methyltransferases, thereby linking two epigenetic repression systems. {ECO:0000250|UniProtKB:Q15910}.",10,GO:0046976|histone H3K27 methyltransferase activity; GO:0003713|transcription coactivator activity; GO:0003712|transcription coregulator activity,GO:0048565|digestive tract development; GO:0031101|fin regeneration; GO:0007507|heart development; GO:0042753|positive regulation of circadian rhythm; GO:1903708|positive regulation of hemopoiesis; GO:0039008|pronephric nephron tubule morphogenesis; GO:0001894|tissue homeostasis,,"[{""go_id"": ""GO:0046976"", ""term_name"": ""histone H3K27 methyltransferase activity"", ""namespace"": ""molecular_function"", ""evidence"": ""IMP""}, {""go_id"": ""GO:0003713"", ""term_name"": ""transcription coactivator activity"", ""namespace"": ""molecular_function"", ""evidence"": ""IDA""}, {""go_id"": ""GO:0003712"", ""term_name"": ""transcription coregulator activity"", ""namespace"": ""molecular_function"", ""evidence"": ""IDA""}, {""go_id"": ""GO:0048565"", ""term_name"": ""digestive tract development"", ""namespace"": ""biological_process"", ""evidence"": ""IMP""}, {""go_id"": ""GO:0031101"", ""term_name"": ""fin regeneration"", ""namespace"": ""biological_process"", ""evidence"": ""IMP""}, {""go_id"": ""GO:0007507"", ""term_name"": ""heart development"", ""namespace"": ""biological_process"", ""evidence"": ""IMP""}, {""go_id"": ""GO:0042753"", ""term_name"": ""positive regulation of circadian rhythm"", ""namespace"": ""biological_process"", ""evidence"": ""IDA""}, {""go_id"": ""GO:1903708"", ""term_name"": ""positive regulation of hemopoiesis"", ""namespace"": ""biological_process"", ""evidence"": ""IMP""}, {""go_id"": ""GO:0039008"", ""term_name"": ""pronephric nephron tubule morphogenesis"", ""namespace"": ""biological_process"", ""evidence"": ""IMP""}, {""go_id"": ""GO:0001894"", ""term_name"": ""tissue homeostasis"", ""namespace"": ""biological_process"", ""evidence"": ""IMP""}]"
Q91392,RARGA_DANRE,RARGA,zebrafish,Danio rerio (Zebrafish) (Brachydanio rerio).,RecName: Full=Retinoic acid receptor gamma-A; Short=RAR-gamma-A; Short=zRAR gamma; AltName: Full=Nuclear receptor subfamily 1 group B member 3-A; AltName: Full=RAR-gamma-2;,"Receptor for retinoic acid. Retinoic acid receptors bind as heterodimers to their target response elements in response to their ligands, all-trans or 9-cis retinoic acid, and regulate gene expression in various biological processes. The rar/rxr heterodimers bind to the retinoic acid response elements (RARE) composed of tandem 5'-AGGTCA-3' sites known as DR1-DR5 (By similarity). Required for hindbrain development and for the development of pharyngeal arches. {ECO:0000250, ECO:0000269|PubMed:18929555}.",3,GO:0003677|DNA binding,GO:0001889|liver development; GO:0060037|pharyngeal system development,,"[{""go_id"": ""GO:0003677"", ""term_name"": ""DNA binding"", ""namespace"": ""molecular_function"", ""evidence"": ""IDA""}, {""go_id"": ""GO:0001889"", ""term_name"": ""liver development"", ""namespace"": ""biological_process"", ""evidence"": ""IMP""}, {""go_id"": ""GO:0060037"", ""term_name"": ""pharyngeal system development"", ""namespace"": ""biological_process"", ""evidence"": ""IDA""}]"
Q2QCI8,MED12_DANRE,MED12,zebrafish,Danio rerio (Zebrafish) (Brachydanio rerio).,RecName: Full=Mediator of RNA polymerase II transcription subunit 12; AltName: Full=Mediator complex subunit 12; AltName: Full=Protein kohtalo; AltName: Full=Protein motionless; AltName: Full=Thyroid hormone receptor-associated protein complex 230 kDa component; Short=Trap230;,"Component of the Mediator complex, a coactivator involved in regulated gene transcription of nearly all RNA polymerase II-dependent genes. Mediator functions as a bridge to convey information from gene- specific regulatory proteins to the basal RNA polymerase II transcription machinery. Mediator is recruited to promoters by direct interactions with regulatory proteins and serves as a scaffold for the assembly of a functional preinitiation complex with RNA polymerase II and the general transcription factors (By similarity). Required for development of the body axis, brain, ear, kidney, forelimb and neural crest and for pigmentation. Acts as a coactivator for sox9a and/or sox9b promoting the expression of several neuronal determination genes. {ECO:0000250, ECO:0000269|PubMed:16344459, ECO:0000269|PubMed:16712834, ECO:0000269|PubMed:17088561}.",22,GO:0140587|chromatin loop anchoring activity; GO:0003700|DNA-binding transcription factor activity; GO:0140585|promoter-enhancer loop anchoring activity,GO:0021954|central nervous system neuron development; GO:0043583|ear development; GO:0048702|embryonic neurocranium morphogenesis; GO:0035118|embryonic pectoral fin morphogenesis; GO:0048703|embryonic viscerocranium morphogenesis; GO:0007492|endoderm development; GO:0030900|forebrain development; GO:0021986|habenula development; GO:0007507|heart development; GO:0050935|iridophore differentiation; GO:0001822|kidney development; GO:0030901|midbrain development; GO:0014032|neural crest cell development; GO:0030182|neuron differentiation; GO:0021982|pineal gland development; GO:0045893|positive regulation of DNA-templated transcription; GO:0002761|regulation of myeloid leukocyte differentiation; GO:0021654|rhombomere boundary formation; GO:0021591|ventricular system development,,"[{""go_id"": ""GO:0140587"", ""term_name"": ""chromatin loop anchoring activity"", ""namespace"": ""molecular_function"", ""evidence"": ""IMP""}, {""go_id"": ""GO:0003700"", ""term_name"": ""DNA-binding transcription factor activity"", ""namespace"": ""molecular_function"", ""evidence"": ""IGI""}, {""go_id"": ""GO:0140585"", ""term_name"": ""promoter-enhancer loop anchoring activity"", ""namespace"": ""molecular_function"", ""evidence"": ""IMP""}, {""go_id"": ""GO:0021954"", ""term_name"": ""central nervous system neuron development"", ""namespace"": ""biological_process"", ""evidence"": ""IMP""}, {""go_id"": ""GO:0043583"", ""term_name"": ""ear development"", ""namespace"": ""biological_process"", ""evidence"": ""IMP""}, {""go_id"": ""GO:0048702"", ""term_name"": ""embryonic neurocranium morphogenesis"", ""namespace"": ""biological_process"", ""evidence"": ""IMP""}, {""go_id"": ""GO:0035118"", ""term_name"": ""embryonic pectoral fin morphogenesis"", ""namespace"": ""biological_process"", ""evidence"": ""IMP""}, {""go_id"": ""GO:0048703"", ""term_name"": ""embryonic viscerocranium morphogenesis"", ""namespace"": ""biological_process"", ""evidence"": ""IMP""}, {""go_id"": ""GO:0007492"", ""term_name"": ""endoderm development"", ""namespace"": ""biological_process"", ""evidence"": ""IMP""}, {""go_id"": ""GO:0030900"", ""term_name"": ""forebrain development"", ""namespace"": ""biological_process"", ""evidence"": ""IMP""}, {""go_id"": ""GO:0021986"", ""term_name"": ""habenula development"", ""namespace"": ""biological_process"", ""evidence"": ""IMP""}, {""go_id"": ""GO:0007507"", ""term_name"": ""heart development"", ""namespace"": ""biological_process"", ""evidence"": ""IMP""}, {""go_id"": ""GO:0050935"", ""term_name"": ""iridophore differentiation"", ""namespace"": ""biological_process"", ""evidence"": ""IMP""}, {""go_id"": ""GO:0001822"", ""term_name"": ""kidney development"", ""namespace"": ""biological_process"", ""evidence"": ""IMP""}, {""go_id"": ""GO:0030901"", ""term_name"": ""midbrain development"", ""namespace"": ""biological_process"", ""evidence"": ""IMP""}, {""go_id"": ""GO:0014032"", ""term_name"": ""neural crest cell development"", ""namespace"": ""biological_process"", ""evidence"": ""IMP""}, {""go_id"": ""GO:0030182"", ""term_name"": ""neuron differentiation"", ""namespace"": ""biological_process"", ""evidence"": ""IMP""}, {""go_id"": ""GO:0021982"", ""term_name"": ""pineal gland development"", ""namespace"": ""biological_process"", ""evidence"": ""IMP""}, {""go_id"": ""GO:0045893"", ""term_name"": ""positive regulation of DNA-templated transcription"", ""namespace"": ""biological_process"", ""evidence"": ""IGI""}, {""go_id"": ""GO:0002761"", ""term_name"": ""regulation of myeloid leukocyte differentiation"", ""namespace"": ""biological_process"", ""evidence"": ""IMP""}, {""go_id"": ""GO:0021654"", ""term_name"": ""rhombomere boundary formation"", ""namespace"": ""biological_process"", ""evidence"": ""IMP""}, {""go_id"": ""GO:0021591"", ""term_name"": ""ventricular system development"", ""namespace"": ""biological_process"", ""evidence"": ""IMP""}]"
A2VD23,STM_DANRE,STM,zebrafish,Danio rerio (Zebrafish) (Brachydanio rerio).,RecName: Full=Protein starmaker; Flags: Precursor;,Essential for the formation of otoliths in the inner ear of developing larvae and for the perception of gravity and acceleration. May be one of the organic components of the ortholiths. {ECO:0000269|PubMed:14551434}.,6,GO:0005509|calcium ion binding,GO:0009590|detection of gravity; GO:0035803|egg coat formation; GO:0043049|otic placode formation; GO:0045299|otolith mineralization; GO:0032474|otolith morphogenesis,,"[{""go_id"": ""GO:0005509"", ""term_name"": ""calcium ion binding"", ""namespace"": ""molecular_function"", ""evidence"": ""IDA""}, {""go_id"": ""GO:0009590"", ""term_name"": ""detection of gravity"", ""namespace"": ""biological_process"", ""evidence"": ""IMP""}, {""go_id"": ""GO:0035803"", ""term_name"": ""egg coat formation"", ""namespace"": ""biological_process"", ""evidence"": ""IMP""}, {""go_id"": ""GO:0043049"", ""term_name"": ""otic placode formation"", ""namespace"": ""biological_process"", ""evidence"": ""IEP""}, {""go_id"": ""GO:0045299"", ""term_name"": ""otolith mineralization"", ""namespace"": ""biological_process"", ""evidence"": ""IDA""}, {""go_id"": ""GO:0032474"", ""term_name"": ""otolith morphogenesis"", ""namespace"": ""biological_process"", ""evidence"": ""IMP""}]"
F1Q8R9,POMT2_DANRE,POMT2,zebrafish,Danio rerio (Zebrafish) (Brachydanio rerio).,RecName: Full=Protein O-mannosyl-transferase 2 {ECO:0000303|PubMed:18632251}; EC=2.4.1.109 {ECO:0000269|PubMed:20466645};,"Transfers mannosyl residues to the hydroxyl group of serine or threonine residues. Coexpression of both POMT1 and POMT2 is necessary for enzyme activity, expression of either POMT1 or POMT2 alone is insufficient. {ECO:0000269|PubMed:20466645}.",3,GO:0004169|dolichyl-phosphate-mannose-protein mannosyltransferase activity,GO:0045494|photoreceptor cell maintenance; GO:0035269|protein O-linked glycosylation via mannose,,"[{""go_id"": ""GO:0004169"", ""term_name"": ""dolichyl-phosphate-mannose-protein mannosyltransferase activity"", ""namespace"": ""molecular_function"", ""evidence"": ""IGI""}, {""go_id"": ""GO:0045494"", ""term_name"": ""photoreceptor cell maintenance"", ""namespace"": ""biological_process"", ""evidence"": ""IMP""}, {""go_id"": ""GO:0035269"", ""term_name"": ""protein O-linked glycosylation via mannose"", ""namespace"": ""biological_process"", ""evidence"": ""IGI""}]"
A0A1D5NSM8,SVEP1_DANRE,SVEP1,zebrafish,Danio rerio (Zebrafish) (Brachydanio rerio).,"RecName: Full=Sushi, von Willebrand factor type A, EGF and pentraxin domain-containing protein 1 {ECO:0000312|ZFIN:ZDB-GENE-110726-1}; AltName: Full=Polydom {ECO:0000303|PubMed:35312765}; Flags: Precursor;","Required for embryonic lymphatic vascular development, via promotion of parachordal lymphangioblast development, cell alignment and migration both dorsally and ventrally (PubMed:28179430, PubMed:28179432, PubMed:37097004). Required for the formation of facial lymphatic structures and formation of brain lymphatic endothelial cells (PubMed:37097004). Acts in tandem with vegfa signaling to promote tip cell specification and the stabilization of lumenized vascular connections between neighboring arterial intersegmental vessel sprouts, thereby facilitating dorsal longitudinal anastomotic vessel formation in response to low blood flow (PubMed:35312765). Plays a role in epidermal differentiation, potentially via mediating cell-cell adhesion (PubMed:27892606). {ECO:0000269|PubMed:27892606, ECO:0000269|PubMed:28179430, ECO:0000269|PubMed:28179432, ECO:0000269|PubMed:35312765, ECO:0000269|PubMed:37097004}.",6,,GO:0016477|cell migration; GO:0009913|epidermal cell differentiation; GO:0008544|epidermis development; GO:0090136|epithelial cell-cell adhesion; GO:0001945|lymph vessel development; GO:0036303|lymph vessel morphogenesis,,"[{""go_id"": ""GO:0016477"", ""term_name"": ""cell migration"", ""namespace"": ""biological_process"", ""evidence"": ""IMP""}, {""go_id"": ""GO:0009913"", ""term_name"": ""epidermal cell differentiation"", ""namespace"": ""biological_process"", ""evidence"": ""IMP""}, {""go_id"": ""GO:0008544"", ""term_name"": ""epidermis development"", ""namespace"": ""biological_process"", ""evidence"": ""IMP""}, {""go_id"": ""GO:0090136"", ""term_name"": ""epithelial cell-cell adhesion"", ""namespace"": ""biological_process"", ""evidence"": ""IMP""}, {""go_id"": ""GO:0001945"", ""term_name"": ""lymph vessel development"", ""namespace"": ""biological_process"", ""evidence"": ""IMP""}, {""go_id"": ""GO:0036303"", ""term_name"": ""lymph vessel morphogenesis"", ""namespace"": ""biological_process"", ""evidence"": ""IMP""}]"
Q1LVI2,YJEN3_DANRE,YJEN3,zebrafish,Danio rerio (Zebrafish) (Brachydanio rerio).,RecName: Full=YjeF N-terminal domain-containing 3; AltName: Full=ApoA-I-binding protein 2 {ECO:0000303|PubMed:30705153};,"Accelerates cholesterol efflux from endothelial cells to high-density lipoprotein (HDL) and thereby regulates angiogenesis (PubMed:23719382). Orchestrates hematopoietic stem and progenitor cell emergence from the hemogenic endothelium, a type of specialized endothelium manifesting hematopoietic potential. YJEFN3-mediated cholesterol efflux activates endothelial SREBF2, the master transcription factor for cholesterol biosynthesis, which in turn transactivates NOTCH and promotes hematopoietic stem and progenitor cell emergence (PubMed:30705153). {ECO:0000269|PubMed:23719382, ECO:0000269|PubMed:30705153}.",6,,GO:0071425|hematopoietic stem cell proliferation; GO:0031580|membrane raft distribution; GO:0016525|negative regulation of angiogenesis; GO:0010874|regulation of cholesterol efflux; GO:0008593|regulation of Notch signaling pathway; GO:0002040|sprouting angiogenesis,,"[{""go_id"": ""GO:0071425"", ""term_name"": ""hematopoietic stem cell proliferation"", ""namespace"": ""biological_process"", ""evidence"": ""IMP""}, {""go_id"": ""GO:0031580"", ""term_name"": ""membrane raft distribution"", ""namespace"": ""biological_process"", ""evidence"": ""IMP""}, {""go_id"": ""GO:0016525"", ""term_name"": ""negative regulation of angiogenesis"", ""namespace"": ""biological_process"", ""evidence"": ""IMP""}, {""go_id"": ""GO:0010874"", ""term_name"": ""regulation of cholesterol efflux"", ""namespace"": ""biological_process"", ""evidence"": ""IMP""}, {""go_id"": ""GO:0008593"", ""term_name"": ""regulation of Notch signaling pathway"", ""namespace"": ""biological_process"", ""evidence"": ""IMP""}, {""go_id"": ""GO:0002040"", ""term_name"": ""sprouting angiogenesis"", ""namespace"": ""biological_process"", ""evidence"": ""IMP""}]"
P57095,AXIN2_DANRE,AXIN2,zebrafish,Danio rerio (Zebrafish) (Brachydanio rerio).,RecName: Full=Axin-2; AltName: Full=Axis inhibition protein 2;,"Component of the beta-catenin destruction complex required for regulating ctnnb1 levels through phosphorylation and ubiquitination, and modulating Wnt-signaling (By similarity). Controls dorsoventral patterning by down-regulating ctnnb1 to inhibit the Wnt signaling pathway and ventralize embryos (PubMed:30467143). {ECO:0000250|UniProtKB:O15169, ECO:0000269|PubMed:30467143}.",4,,GO:0009950|dorsal/ventral axis specification; GO:0009953|dorsal/ventral pattern formation; GO:0007507|heart development; GO:0090090|negative regulation of canonical Wnt signaling pathway,,"[{""go_id"": ""GO:0009950"", ""term_name"": ""dorsal/ventral axis specification"", ""namespace"": ""biological_process"", ""evidence"": ""IGI""}, {""go_id"": ""GO:0009953"", ""term_name"": ""dorsal/ventral pattern formation"", ""namespace"": ""biological_process"", ""evidence"": ""IDA""}, {""go_id"": ""GO:0007507"", ""term_name"": ""heart development"", ""namespace"": ""biological_process"", ""evidence"": ""IMP""}, {""go_id"": ""GO:0090090"", ""term_name"": ""negative regulation of canonical Wnt signaling pathway"", ""namespace"": ""biological_process"", ""evidence"": ""IDA""}]"
Q52KL1,FITM2_DANRE,FITM2,zebrafish,Danio rerio (Zebrafish) (Brachydanio rerio).,RecName: Full=Acyl-coenzyme A diphosphatase FITM2 {ECO:0000255|HAMAP-Rule:MF_03230}; EC=3.6.1.- {ECO:0000255|HAMAP-Rule:MF_03230}; AltName: Full=Fat storage-inducing transmembrane protein 2 {ECO:0000255|HAMAP-Rule:MF_03230}; AltName: Full=Fat-inducing protein 2 {ECO:0000255|HAMAP-Rule:MF_03230};,"Fatty acyl-coenzyme A (CoA) diphosphatase that hydrolyzes fatty acyl-CoA to yield acyl-4'-phosphopantetheine and adenosine 3',5'- bisphosphate (By similarity). Preferentially hydrolyzes unsaturated long-chain acyl-CoA substrates in the endoplasmic reticulum (ER) lumen (By similarity). This catalytic activity is required for maintaining ER structure and for lipid droplets (LDs) biogenesis, which are lipid storage organelles involved in maintaining lipid and energy homeostasis (By similarity) (PubMed:18160536). Required for lipid droplet accumulation in liver and intestine during embryogenesis (PubMed:18160536). May directly bind to diacylglycerol (DAGs) and triacylglycerol, which is also important for LD biogenesis (By similarity). May support directional budding of nacent LDs from the ER into the cytosol by reducing DAG levels at sites of LD formation (By similarity). May play a role in the regulation of cell morphology, ER morphology and cytoskeletal organization (By similarity). {ECO:0000255|HAMAP-Rule:MF_03230, ECO:0000269|PubMed:18160536}.",5,,GO:0031018|endocrine pancreas development; GO:0042593|glucose homeostasis; GO:0019915|lipid storage; GO:1990798|pancreas regeneration; GO:0003323|type B pancreatic cell development,,"[{""go_id"": ""GO:0031018"", ""term_name"": ""endocrine pancreas development"", ""namespace"": ""biological_process"", ""evidence"": ""IMP""}, {""go_id"": ""GO:0042593"", ""term_name"": ""glucose homeostasis"", ""namespace"": ""biological_process"", ""evidence"": ""IMP""}, {""go_id"": ""GO:0019915"", ""term_name"": ""lipid storage"", ""namespace"": ""biological_process"", ""evidence"": ""IMP""}, {""go_id"": ""GO:1990798"", ""term_name"": ""pancreas regeneration"", ""namespace"": ""biological_process"", ""evidence"": ""IMP""}, {""go_id"": ""GO:0003323"", ""term_name"": ""type B pancreatic cell development"", ""namespace"": ""biological_process"", ""evidence"": ""IMP""}]"
P31533,HME2B_DANRE,HME2B,zebrafish,Danio rerio (Zebrafish) (Brachydanio rerio).,RecName: Full=Homeobox protein engrailed-2b; Short=Homeobox protein en-2b; AltName: Full=Zf-En-1;,,4,,GO:0009952|anterior/posterior pattern specification; GO:0001708|cell fate specification; GO:0030901|midbrain development; GO:0030917|midbrain-hindbrain boundary development,,"[{""go_id"": ""GO:0009952"", ""term_name"": ""anterior/posterior pattern specification"", ""namespace"": ""biological_process"", ""evidence"": ""IGI""}, {""go_id"": ""GO:0001708"", ""term_name"": ""cell fate specification"", ""namespace"": ""biological_process"", ""evidence"": ""IGI""}, {""go_id"": ""GO:0030901"", ""term_name"": ""midbrain development"", ""namespace"": ""biological_process"", ""evidence"": ""IGI""}, {""go_id"": ""GO:0030917"", ""term_name"": ""midbrain-hindbrain boundary development"", ""namespace"": ""biological_process"", ""evidence"": ""IGI""}]"
O42356,RX1_DANRE,RX1,zebrafish,Danio rerio (Zebrafish) (Brachydanio rerio).,RecName: Full=Retinal homeobox protein Rx1;,Plays a critical role in eye formation by regulating the initial specification of retinal cells and/or their subsequent proliferation. {ECO:0000250}.,3,,GO:0060219|camera-type eye photoreceptor cell differentiation; GO:0003407|neural retina development; GO:0010842|retina layer formation,,"[{""go_id"": ""GO:0060219"", ""term_name"": ""camera-type eye photoreceptor cell differentiation"", ""namespace"": ""biological_process"", ""evidence"": ""IMP""}, {""go_id"": ""GO:0003407"", ""term_name"": ""neural retina development"", ""namespace"": ""biological_process"", ""evidence"": ""IMP""}, {""go_id"": ""GO:0010842"", ""term_name"": ""retina layer formation"", ""namespace"": ""biological_process"", ""evidence"": ""IMP""}]"
F1Q7Z7,DAAF3_DANRE,DAAF3,zebrafish,Danio rerio (Zebrafish) (Brachydanio rerio).,RecName: Full=Dynein axonemal assembly factor 3;,Required for the assembly of axonemal inner and outer dynein arms. Involved in preassembly of dyneins into complexes before their transport into cilia. {ECO:0000269|PubMed:22387996}.,3,,GO:0070286|axonemal dynein complex assembly; GO:0003341|cilium movement; GO:0044458|motile cilium assembly,,"[{""go_id"": ""GO:0070286"", ""term_name"": ""axonemal dynein complex assembly"", ""namespace"": ""biological_process"", ""evidence"": ""IMP""}, {""go_id"": ""GO:0003341"", ""term_name"": ""cilium movement"", ""namespace"": ""biological_process"", ""evidence"": ""IMP""}, {""go_id"": ""GO:0044458"", ""term_name"": ""motile cilium assembly"", ""namespace"": ""biological_process"", ""evidence"": ""IMP""}]"
Q5RHH4,IF172_DANRE,IF172,zebrafish,Danio rerio (Zebrafish) (Brachydanio rerio).,RecName: Full=Intraflagellar transport protein 172 homolog;,Required for the maintenance and formation of cilia. {ECO:0000269|PubMed:15269167}.,5,,GO:0060271|cilium assembly; GO:0045494|photoreceptor cell maintenance; GO:0048793|pronephros development; GO:0032006|regulation of TOR signaling; GO:0060041|retina development in camera-type eye,,"[{""go_id"": ""GO:0060271"", ""term_name"": ""cilium assembly"", ""namespace"": ""biological_process"", ""evidence"": ""IMP""}, {""go_id"": ""GO:0045494"", ""term_name"": ""photoreceptor cell maintenance"", ""namespace"": ""biological_process"", ""evidence"": ""IMP""}, {""go_id"": ""GO:0048793"", ""term_name"": ""pronephros development"", ""namespace"": ""biological_process"", ""evidence"": ""IGI""}, {""go_id"": ""GO:0032006"", ""term_name"": ""regulation of TOR signaling"", ""namespace"": ""biological_process"", ""evidence"": ""IMP""}, {""go_id"": ""GO:0060041"", ""term_name"": ""retina development in camera-type eye"", ""namespace"": ""biological_process"", ""evidence"": ""IMP""}]"
Q90X44,NRF1_DANRE,NRF1,zebrafish,Danio rerio (Zebrafish) (Brachydanio rerio).,RecName: Full=Nuclear respiratory factor 1; Short=Nrf-1; AltName: Full=Not really finished protein;,Probable transcription factor that is required for normal development of the outer retina. {ECO:0000269|PubMed:9778497}.,6,,GO:0070417|cellular response to cold; GO:0003407|neural retina development; GO:0045494|photoreceptor cell maintenance; GO:0014823|response to activity; GO:0060041|retina development in camera-type eye; GO:0001895|retina homeostasis,,"[{""go_id"": ""GO:0070417"", ""term_name"": ""cellular response to cold"", ""namespace"": ""biological_process"", ""evidence"": ""IDA""}, {""go_id"": ""GO:0003407"", ""term_name"": ""neural retina development"", ""namespace"": ""biological_process"", ""evidence"": ""IMP""}, {""go_id"": ""GO:0045494"", ""term_name"": ""photoreceptor cell maintenance"", ""namespace"": ""biological_process"", ""evidence"": ""IMP""}, {""go_id"": ""GO:0014823"", ""term_name"": ""response to activity"", ""namespace"": ""biological_process"", ""evidence"": ""IDA""}, {""go_id"": ""GO:0060041"", ""term_name"": ""retina development in camera-type eye"", ""namespace"": ""biological_process"", ""evidence"": ""IMP""}, {""go_id"": ""GO:0001895"", ""term_name"": ""retina homeostasis"", ""namespace"": ""biological_process"", ""evidence"": ""IMP""}]"
A2CEI6,PIWL2_DANRE,PIWL2,zebrafish,Danio rerio (Zebrafish) (Brachydanio rerio).,RecName: Full=Piwi-like protein 2; EC=3.1.26.- {ECO:0000250|UniProtKB:Q8CDG1};,"Endoribonuclease that plays a central role during spermatogenesis by repressing transposable elements and preventing their mobilization, which is essential for the germline integrity (PubMed:18833190). Plays an essential role in germ cell differentiation and meiosis, independently of the function in transposable elements repression (PubMed:18833190). Acts via the piRNA metabolic process, which mediates the repression of transposable elements during meiosis by forming complexes composed of piRNAs and Piwi proteins and govern the methylation and subsequent repression of transposons (PubMed:18833190). During piRNA biosynthesis, plays a key role in the piRNA amplification loop, also named ping-pong amplification cycle, by acting as a 'slicer-competent' piRNA endoribonuclease that cleaves primary piRNAs, which are then loaded onto 'slicer-incompetent' piwil4 (By similarity). Piwil2 slicing produces a pre-miRNA intermediate, which is then processed in mature piRNAs, and as well as a 16 nucleotide by-product that is degraded (By similarity). Required for piwil4/miwi2 nuclear localization and association with secondary piRNAs antisense (By similarity). Represses circadian rhythms by promoting the stability and activity of core clock components BMAL1 and CLOCK (By similarity). {ECO:0000250|UniProtKB:Q8CDG1, ECO:0000269|PubMed:18833190}.",10,GO:0034584|piRNA binding,GO:0007276|gamete generation; GO:0030718|germ-line stem cell population maintenance; GO:0051321|meiotic cell cycle; GO:0060392|negative regulation of SMAD protein signal transduction; GO:0034587|piRNA processing; GO:0010628|positive regulation of gene expression,GO:0005737|cytoplasm; GO:0005634|nucleus; GO:0043186|P granule,"[{""go_id"": ""GO:0005737"", ""term_name"": ""cytoplasm"", ""namespace"": ""cellular_component"", ""evidence"": ""IDA""}, {""go_id"": ""GO:0005634"", ""term_name"": ""nucleus"", ""namespace"": ""cellular_component"", ""evidence"": ""IDA""}, {""go_id"": ""GO:0043186"", ""term_name"": ""P granule"", ""namespace"": ""cellular_component"", ""evidence"": ""IDA""}, {""go_id"": ""GO:0034584"", ""term_name"": ""piRNA binding"", ""namespace"": ""molecular_function"", ""evidence"": ""IDA""}, {""go_id"": ""GO:0007276"", ""term_name"": ""gamete generation"", ""namespace"": ""biological_process"", ""evidence"": ""IMP""}, {""go_id"": ""GO:0030718"", ""term_name"": ""germ-line stem cell population maintenance"", ""namespace"": ""biological_process"", ""evidence"": ""IMP""}, {""go_id"": ""GO:0051321"", ""term_name"": ""meiotic cell cycle"", ""namespace"": ""biological_process"", ""evidence"": ""IMP""}, {""go_id"": ""GO:0060392"", ""term_name"": ""negative regulation of SMAD protein signal transduction"", ""namespace"": ""biological_process"", ""evidence"": ""IPI""}, {""go_id"": ""GO:0034587"", ""term_name"": ""piRNA processing"", ""namespace"": ""biological_process"", ""evidence"": ""IDA""}, {""go_id"": ""GO:0010628"", ""term_name"": ""positive regulation of gene expression"", ""namespace"": ""biological_process"", ""evidence"": ""IGI""}]"
Q9PVF8,CTNA1_DANRE,CTNA1,zebrafish,Danio rerio (Zebrafish) (Brachydanio rerio).,RecName: Full=Catenin alpha-1 {ECO:0000312|ZFIN:ZDB-GENE-991207-24}; AltName: Full=Alpha E-catenin {ECO:0000303|PubMed:27612508};,"Associates with the cytoplasmic domain of a variety of cadherins, forming catenin and cadherin complexes which are further linked to the actin filament network and is thereby involved in cell- cell adhesion (By similarity). Required for embryonic development, via maintenance of adherens junctions that facilitate the maintenance of the epithelial barrier (PubMed:27612508). {ECO:0000250|UniProtKB:P26231, ECO:0000269|PubMed:27612508}.",10,GO:0051015|actin filament binding; GO:0045296|cadherin binding,GO:0034334|adherens junction maintenance; GO:0043009|chordate embryonic development; GO:0001894|tissue homeostasis,GO:0005912|adherens junction; GO:0016342|catenin complex; GO:0005938|cell cortex; GO:0005911|cell-cell junction; GO:0005902|microvillus,"[{""go_id"": ""GO:0005912"", ""term_name"": ""adherens junction"", ""namespace"": ""cellular_component"", ""evidence"": ""IDA""}, {""go_id"": ""GO:0016342"", ""term_name"": ""catenin complex"", ""namespace"": ""cellular_component"", ""evidence"": ""IDA""}, {""go_id"": ""GO:0005938"", ""term_name"": ""cell cortex"", ""namespace"": ""cellular_component"", ""evidence"": ""IDA""}, {""go_id"": ""GO:0005911"", ""term_name"": ""cell-cell junction"", ""namespace"": ""cellular_component"", ""evidence"": ""IDA""}, {""go_id"": ""GO:0005902"", ""term_name"": ""microvillus"", ""namespace"": ""cellular_component"", ""evidence"": ""IDA""}, {""go_id"": ""GO:0051015"", ""term_name"": ""actin filament binding"", ""namespace"": ""molecular_function"", ""evidence"": ""IDA""}, {""go_id"": ""GO:0045296"", ""term_name"": ""cadherin binding"", ""namespace"": ""molecular_function"", ""evidence"": ""IDA""}, {""go_id"": ""GO:0034334"", ""term_name"": ""adherens junction maintenance"", ""namespace"": ""biological_process"", ""evidence"": ""IMP""}, {""go_id"": ""GO:0043009"", ""term_name"": ""chordate embryonic development"", ""namespace"": ""biological_process"", ""evidence"": ""IMP""}, {""go_id"": ""GO:0001894"", ""term_name"": ""tissue homeostasis"", ""namespace"": ""biological_process"", ""evidence"": ""IMP""}]"
Q4TTN8,APEL_DANRE,APEL,zebrafish,Danio rerio (Zebrafish) (Brachydanio rerio).,RecName: Full=Apelin; AltName: Full=APJ endogenous ligand; Flags: Precursor;,"Peptide hormone that functions as endogenous ligand for the G-protein-coupled apelin receptor (aplnra and/or aplnrb), that plays a role in cadiovascular homeostasis (By similarity). Functions as a balanced agonist activating both G(i) protein pathway and beta-arrestin pathway of APLNR (By similarity). Downstream G proteins activation, apelin can inhibit cAMP production and activate key intracellular effectors such as ERKs. On the other hand, APLNR activation induces beta-arrestin recruitment to the membrane leading to desensitization and internalization of the receptor. Apelin blunts cardiac hypertrophic induction from APLNR on response to pathological stimuli, but also induces myocardial hypertrophy under normal conditions (By similarity). Involved in the regulation of cardiac precursor cell movements during gastrulation and heart morphogenesis (PubMed:17336905). Plays a role in early coronary blood vessels formation (By similarity). Mediates myocardial contractility in an ERK1/2-dependent manner (By similarity). May also have a role in the central control of body fluid homeostasis (By similarity). {ECO:0000250|UniProtKB:Q9R0R3, ECO:0000250|UniProtKB:Q9R0R4, ECO:0000250|UniProtKB:Q9ULZ1, ECO:0000269|PubMed:17336905}.",11,GO:0031704|apelin receptor binding,GO:0035479|angioblast cell migration from lateral mesoderm to midline; GO:0042074|cell migration involved in gastrulation; GO:0090134|cell migration involved in mesendoderm migration; GO:0061371|determination of heart left/right asymmetry; GO:0071910|determination of liver left/right asymmetry; GO:0007507|heart development; GO:0001945|lymph vessel development; GO:0008078|mesodermal cell migration; GO:0001666|response to hypoxia; GO:0002040|sprouting angiogenesis,,"[{""go_id"": ""GO:0031704"", ""term_name"": ""apelin receptor binding"", ""namespace"": ""molecular_function"", ""evidence"": ""IDA""}, {""go_id"": ""GO:0035479"", ""term_name"": ""angioblast cell migration from lateral mesoderm to midline"", ""namespace"": ""biological_process"", ""evidence"": ""IGI""}, {""go_id"": ""GO:0042074"", ""term_name"": ""cell migration involved in gastrulation"", ""namespace"": ""biological_process"", ""evidence"": ""IDA""}, {""go_id"": ""GO:0090134"", ""term_name"": ""cell migration involved in mesendoderm migration"", ""namespace"": ""biological_process"", ""evidence"": ""IGI""}, {""go_id"": ""GO:0061371"", ""term_name"": ""determination of heart left/right asymmetry"", ""namespace"": ""biological_process"", ""evidence"": ""IMP""}, {""go_id"": ""GO:0071910"", ""term_name"": ""determination of liver left/right asymmetry"", ""namespace"": ""biological_process"", ""evidence"": ""IMP""}, {""go_id"": ""GO:0007507"", ""term_name"": ""heart development"", ""namespace"": ""biological_process"", ""evidence"": ""IMP""}, {""go_id"": ""GO:0001945"", ""term_name"": ""lymph vessel development"", ""namespace"": ""biological_process"", ""evidence"": ""IMP""}, {""go_id"": ""GO:0008078"", ""term_name"": ""mesodermal cell migration"", ""namespace"": ""biological_process"", ""evidence"": ""IMP""}, {""go_id"": ""GO:0001666"", ""term_name"": ""response to hypoxia"", ""namespace"": ""biological_process"", ""evidence"": ""IDA""}, {""go_id"": ""GO:0002040"", ""term_name"": ""sprouting angiogenesis"", ""namespace"": ""biological_process"", ""evidence"": ""IGI""}]"
Q7SY10,T161B_DANRE,T161B,zebrafish,Danio rerio (Zebrafish) (Brachydanio rerio).,RecName: Full=Transmembrane protein 161B;,"Essential for maintaining normal cardiac rhythm in the developing heart and for neonatal survival (PubMed:33597309). Inhibits potassium and calcium currents in the cardiomyocytes, this assists in timely action potential repolarization and thereby maintains normal cardiac rhythm (PubMed:33597309). {ECO:0000269|PubMed:33597309}.",4,,GO:0098901|regulation of cardiac muscle cell action potential; GO:0010882|regulation of cardiac muscle contraction by calcium ion signaling; GO:0002027|regulation of heart rate,GO:0005886|plasma membrane,"[{""go_id"": ""GO:0005886"", ""term_name"": ""plasma membrane"", ""namespace"": ""cellular_component"", ""evidence"": ""IDA""}, {""go_id"": ""GO:0098901"", ""term_name"": ""regulation of cardiac muscle cell action potential"", ""namespace"": ""biological_process"", ""evidence"": ""IMP""}, {""go_id"": ""GO:0010882"", ""term_name"": ""regulation of cardiac muscle contraction by calcium ion signaling"", ""namespace"": ""biological_process"", ""evidence"": ""IMP""}, {""go_id"": ""GO:0002027"", ""term_name"": ""regulation of heart rate"", ""namespace"": ""biological_process"", ""evidence"": ""IMP""}]"
Q6P0J3,SP8_DANRE,SP8,zebrafish,Danio rerio (Zebrafish) (Brachydanio rerio).,RecName: Full=Transcription factor Sp8;,Transcription factor which plays a key role in limb development. Positively regulates FGF8 expression in the apical ectodermal ridge (AER) and contributes to limb outgrowth in embryos. {ECO:0000269|PubMed:15358670}.,4,GO:0003690|double-stranded DNA binding,GO:0030326|embryonic limb morphogenesis; GO:0035118|embryonic pectoral fin morphogenesis; GO:0045743|positive regulation of fibroblast growth factor receptor signaling pathway,,"[{""go_id"": ""GO:0003690"", ""term_name"": ""double-stranded DNA binding"", ""namespace"": ""molecular_function"", ""evidence"": ""IDA""}, {""go_id"": ""GO:0030326"", ""term_name"": ""embryonic limb morphogenesis"", ""namespace"": ""biological_process"", ""evidence"": ""IMP""}, {""go_id"": ""GO:0035118"", ""term_name"": ""embryonic pectoral fin morphogenesis"", ""namespace"": ""biological_process"", ""evidence"": ""IMP""}, {""go_id"": ""GO:0045743"", ""term_name"": ""positive regulation of fibroblast growth factor receptor signaling pathway"", ""namespace"": ""biological_process"", ""evidence"": ""IMP""}]"
Q5U9X3,GPC6A_DANRE,GPC6A,zebrafish,Danio rerio (Zebrafish) (Brachydanio rerio).,RecName: Full=G-protein coupled receptor family C group 6 member A; AltName: Full=Odorant receptor ZO6; Flags: Precursor;,Olfactory receptor that is activated by amino acids that act as potent odorants in fish. Displays preference for acidic amino acids such as Glu over basic amino acids. {ECO:0000269|PubMed:15537883}.,3,GO:0016597|amino acid binding; GO:0016595|glutamate binding,GO:0006874|intracellular calcium ion homeostasis,,"[{""go_id"": ""GO:0016597"", ""term_name"": ""amino acid binding"", ""namespace"": ""molecular_function"", ""evidence"": ""IDA""}, {""go_id"": ""GO:0016595"", ""term_name"": ""glutamate binding"", ""namespace"": ""molecular_function"", ""evidence"": ""IDA""}, {""go_id"": ""GO:0006874"", ""term_name"": ""intracellular calcium ion homeostasis"", ""namespace"": ""biological_process"", ""evidence"": ""IDA""}]"
Q71MM5,DMRT1_DANRE,DMRT1,zebrafish,Danio rerio (Zebrafish) (Brachydanio rerio).,RecName: Full=Doublesex- and mab-3-related transcription factor 1;,Transcription factor that plays a key role in sex determination and differentiation by controlling gonad development and germ cell proliferation. Acts both as a transcription repressor and activator (By similarity). {ECO:0000250}.,4,,GO:0007281|germ cell development; GO:0002176|male germ cell proliferation; GO:0008584|male gonad development; GO:0030238|male sex determination,,"[{""go_id"": ""GO:0007281"", ""term_name"": ""germ cell development"", ""namespace"": ""biological_process"", ""evidence"": ""IMP""}, {""go_id"": ""GO:0002176"", ""term_name"": ""male germ cell proliferation"", ""namespace"": ""biological_process"", ""evidence"": ""IMP""}, {""go_id"": ""GO:0008584"", ""term_name"": ""male gonad development"", ""namespace"": ""biological_process"", ""evidence"": ""IMP""}, {""go_id"": ""GO:0030238"", ""term_name"": ""male sex determination"", ""namespace"": ""biological_process"", ""evidence"": ""IMP""}]"
Q1L8L9,KAD2_DANRE,KAD2,zebrafish,Danio rerio (Zebrafish) (Brachydanio rerio).,"RecName: Full=Adenylate kinase 2, mitochondrial {ECO:0000255|HAMAP-Rule:MF_03168}; Short=AK 2 {ECO:0000255|HAMAP-Rule:MF_03168}; EC=2.7.4.3 {ECO:0000255|HAMAP-Rule:MF_03168}; AltName: Full=ATP-AMP transphosphorylase 2 {ECO:0000255|HAMAP-Rule:MF_03168}; AltName: Full=ATP:AMP phosphotransferase {ECO:0000255|HAMAP-Rule:MF_03168}; AltName: Full=Adenylate monophosphate kinase {ECO:0000255|HAMAP-Rule:MF_03168};","Catalyzes the reversible transfer of the terminal phosphate group between ATP and AMP. Plays an important role in cellular energy homeostasis and in adenine nucleotide metabolism. Adenylate kinase activity is critical for regulation of the phosphate utilization and the AMP de novo biosynthesis pathways. Plays a key role in hematopoiesis. {ECO:0000255|HAMAP-Rule:MF_03168, ECO:0000269|PubMed:19043417}.",3,,GO:0002244|hematopoietic progenitor cell differentiation; GO:0060218|hematopoietic stem cell differentiation; GO:0002521|leukocyte differentiation,,"[{""go_id"": ""GO:0002244"", ""term_name"": ""hematopoietic progenitor cell differentiation"", ""namespace"": ""biological_process"", ""evidence"": ""IMP""}, {""go_id"": ""GO:0060218"", ""term_name"": ""hematopoietic stem cell differentiation"", ""namespace"": ""biological_process"", ""evidence"": ""IMP""}, {""go_id"": ""GO:0002521"", ""term_name"": ""leukocyte differentiation"", ""namespace"": ""biological_process"", ""evidence"": ""IMP""}]"
Q90416,RXRGA_DANRE,RXRGA,zebrafish,Danio rerio (Zebrafish) (Brachydanio rerio).,RecName: Full=Retinoic acid receptor RXR-gamma-A; AltName: Full=Nuclear receptor subfamily 2 group B member 3-A; AltName: Full=Retinoic acid receptor RXR-alpha; AltName: Full=Retinoid X receptor alpha; AltName: Full=Retinoid X receptor gamma-A;,"Receptor for retinoic acid. Retinoic acid receptors bind as heterodimers to their target response elements in response to their ligands, all-trans or 9-cis retinoic acid, and regulate gene expression in various biological processes. The rar/rxr heterodimers bind to the retinoic acid response elements (RARE) composed of tandem 5'-AGGTCA-3' sites known as DR1-DR5. The high affinity ligand for rxrs is 9-cis retinoic acid (By similarity). {ECO:0000250, ECO:0000269|PubMed:7565671}.",4,GO:0003700|DNA-binding transcription factor activity; GO:0004879|nuclear receptor activity,GO:0045893|positive regulation of DNA-templated transcription; GO:0045944|positive regulation of transcription by RNA polymerase II,,"[{""go_id"": ""GO:0003700"", ""term_name"": ""DNA-binding transcription factor activity"", ""namespace"": ""molecular_function"", ""evidence"": ""IDA""}, {""go_id"": ""GO:0004879"", ""term_name"": ""nuclear receptor activity"", ""namespace"": ""molecular_function"", ""evidence"": ""IDA""}, {""go_id"": ""GO:0045893"", ""term_name"": ""positive regulation of DNA-templated transcription"", ""namespace"": ""biological_process"", ""evidence"": ""IDA""}, {""go_id"": ""GO:0045944"", ""term_name"": ""positive regulation of transcription by RNA polymerase II"", ""namespace"": ""biological_process"", ""evidence"": ""IDA""}]"
E7FAP8,AKL2B_DANRE,AKL2B,zebrafish,Danio rerio (Zebrafish) (Brachydanio rerio).,RecName: Full=ALK and LTK ligand 2b {ECO:0000303|PubMed:29317532}; AltName: Full=Augmentor alpha-2 {ECO:0000303|PubMed:29078341}; Short=AUG-alpha-2 {ECO:0000303|PubMed:29078341}; Flags: Precursor;,"Cytokine that acts as a physiological ligand for receptor tyrosine kinases LTK and ALK (PubMed:29078341, PubMed:29317532). Required for neural crest cell differentiation and iridophore development during embryonic iridophore development and adult stripe development by acting as a receptor for LTK (PubMed:29078341, PubMed:29317532). Also required for iridophore formation in the adult eye (PubMed:29078341). {ECO:0000269|PubMed:29078341, ECO:0000269|PubMed:29317532}.",3,GO:0005125|cytokine activity; GO:0030298|receptor signaling protein tyrosine kinase activator activity,GO:0050935|iridophore differentiation,,"[{""go_id"": ""GO:0005125"", ""term_name"": ""cytokine activity"", ""namespace"": ""molecular_function"", ""evidence"": ""IDA""}, {""go_id"": ""GO:0030298"", ""term_name"": ""receptor signaling protein tyrosine kinase activator activity"", ""namespace"": ""molecular_function"", ""evidence"": ""IDA""}, {""go_id"": ""GO:0050935"", ""term_name"": ""iridophore differentiation"", ""namespace"": ""biological_process"", ""evidence"": ""IMP""}]"
A0A0G2KTI4,S12A2_DANRE,S12A2,zebrafish,Danio rerio (Zebrafish) (Brachydanio rerio).,RecName: Full=Solute carrier family 12 member 2 {ECO:0000312|ZFIN:ZDB-GENE-040625-53}; AltName: Full=Bumetanide-sensitive sodium-(potassium)-chloride cotransporter 2; Short=BSC2; AltName: Full=Na-K-Cl cotransporter 1 {ECO:0000303|PubMed:19633174}; Short=NKCC1 {ECO:0000303|PubMed:19633174};,"Cation-chloride cotransporter which mediates the electroneutral transport of chloride, potassium and/or sodium ions across the membrane (PubMed:31367042). Plays a vital role in the regulation of ionic balance and cell volume (PubMed:31367042). Important for maintenance of endolymph volume in the otic vesicle, probably by regulating ion homeostasis (PubMed:19633174). Also plays a role in normal development of the swim bladder (PubMed:19633174). {ECO:0000269|PubMed:19633174, ECO:0000269|PubMed:31367042}.",6,GO:0015377|chloride:monoatomic cation symporter activity; GO:0042802|identical protein binding,GO:0043583|ear development; GO:0042472|inner ear morphogenesis; GO:0048798|swim bladder inflation,GO:0016323|basolateral plasma membrane,"[{""go_id"": ""GO:0016323"", ""term_name"": ""basolateral plasma membrane"", ""namespace"": ""cellular_component"", ""evidence"": ""IDA""}, {""go_id"": ""GO:0015377"", ""term_name"": ""chloride:monoatomic cation symporter activity"", ""namespace"": ""molecular_function"", ""evidence"": ""IDA""}, {""go_id"": ""GO:0042802"", ""term_name"": ""identical protein binding"", ""namespace"": ""molecular_function"", ""evidence"": ""IPI""}, {""go_id"": ""GO:0043583"", ""term_name"": ""ear development"", ""namespace"": ""biological_process"", ""evidence"": ""IMP""}, {""go_id"": ""GO:0042472"", ""term_name"": ""inner ear morphogenesis"", ""namespace"": ""biological_process"", ""evidence"": ""IMP""}, {""go_id"": ""GO:0048798"", ""term_name"": ""swim bladder inflation"", ""namespace"": ""biological_process"", ""evidence"": ""IMP""}]"
Q7T3Y0,NARPA_DANRE,NARPA,zebrafish,Danio rerio (Zebrafish) (Brachydanio rerio).,RecName: Full=Notch-regulated ankyrin repeat-containing protein A;,"Regulates independently canonical Wnt and Notch signaling by modulating LEF1 and Notch protein turnover. Stabilizes LEF1, a pivotal transcription factor in the Wnt signaling cascade, by blocking its ubiquitination. Involved in angiogenesis; involved in intersegmental vessel patterning during development. {ECO:0000269|PubMed:16228014, ECO:0000269|PubMed:19154719}.",6,,GO:0002043|blood vessel endothelial cell proliferation involved in sprouting angiogenesis; GO:0001569|branching involved in blood vessel morphogenesis; GO:0001755|neural crest cell migration; GO:0050931|pigment cell differentiation; GO:0022407|regulation of cell-cell adhesion; GO:0002040|sprouting angiogenesis,,"[{""go_id"": ""GO:0002043"", ""term_name"": ""blood vessel endothelial cell proliferation involved in sprouting angiogenesis"", ""namespace"": ""biological_process"", ""evidence"": ""IMP""}, {""go_id"": ""GO:0001569"", ""term_name"": ""branching involved in blood vessel morphogenesis"", ""namespace"": ""biological_process"", ""evidence"": ""IMP""}, {""go_id"": ""GO:0001755"", ""term_name"": ""neural crest cell migration"", ""namespace"": ""biological_process"", ""evidence"": ""IMP""}, {""go_id"": ""GO:0050931"", ""term_name"": ""pigment cell differentiation"", ""namespace"": ""biological_process"", ""evidence"": ""IMP""}, {""go_id"": ""GO:0022407"", ""term_name"": ""regulation of cell-cell adhesion"", ""namespace"": ""biological_process"", ""evidence"": ""IMP""}, {""go_id"": ""GO:0002040"", ""term_name"": ""sprouting angiogenesis"", ""namespace"": ""biological_process"", ""evidence"": ""IMP""}]"
Q6DRC3,CF298_DANRE,CF298,zebrafish,Danio rerio (Zebrafish) (Brachydanio rerio).,RecName: Full=Cilia- and flagella-associated protein 298 {ECO:0000305}; AltName: Full=Protein kurly {ECO:0000303|PubMed:26904945};,"Plays a role in motile cilium function, possibly by acting on outer dynein arm assembly (PubMed:24094744, PubMed:26904945). Seems to be important for initiation rather than maintenance of cilium motility (PubMed:26904945). Required for correct positioning of cilia at the apical cell surface, suggesting an additional role in the planar cell polarity (PCP) pathway (PubMed:26904945). May suppress canonical Wnt signaling activity (PubMed:26904945). {ECO:0000269|PubMed:24094744, ECO:0000269|PubMed:26904945}.",8,,GO:0061524|central canal development; GO:0090660|cerebrospinal fluid circulation; GO:0060271|cilium assembly; GO:0007368|determination of left/right symmetry; GO:0044458|motile cilium assembly; GO:0048793|pronephros development; GO:0072114|pronephros morphogenesis; GO:0003352|regulation of cilium movement,,"[{""go_id"": ""GO:0061524"", ""term_name"": ""central canal development"", ""namespace"": ""biological_process"", ""evidence"": ""IMP""}, {""go_id"": ""GO:0090660"", ""term_name"": ""cerebrospinal fluid circulation"", ""namespace"": ""biological_process"", ""evidence"": ""IMP""}, {""go_id"": ""GO:0060271"", ""term_name"": ""cilium assembly"", ""namespace"": ""biological_process"", ""evidence"": ""IMP""}, {""go_id"": ""GO:0007368"", ""term_name"": ""determination of left/right symmetry"", ""namespace"": ""biological_process"", ""evidence"": ""IMP""}, {""go_id"": ""GO:0044458"", ""term_name"": ""motile cilium assembly"", ""namespace"": ""biological_process"", ""evidence"": ""IMP""}, {""go_id"": ""GO:0048793"", ""term_name"": ""pronephros development"", ""namespace"": ""biological_process"", ""evidence"": ""IMP""}, {""go_id"": ""GO:0072114"", ""term_name"": ""pronephros morphogenesis"", ""namespace"": ""biological_process"", ""evidence"": ""IGI""}, {""go_id"": ""GO:0003352"", ""term_name"": ""regulation of cilium movement"", ""namespace"": ""biological_process"", ""evidence"": ""IMP""}]"
A0A0R4IWG9,GCNA_DANRE,GCNA,zebrafish,Danio rerio (Zebrafish) (Brachydanio rerio).,RecName: Full=Germ cell nuclear acidic protein {ECO:0000250|UniProtKB:Q96QF7}; AltName: Full=Acidic repeat-containing protein {ECO:0000250|UniProtKB:Q96QF7}; AltName: Full=Germ cell nuclear acidic peptidase {ECO:0000303|PubMed:31839537};,"May play a role in DNA-protein cross-links (DPCs) clearance, ensuring the genomic stability by protecting germ cells and early embryos from various sources of damage. {ECO:0000269|PubMed:31839537}.",3,,GO:0140014|mitotic nuclear division; GO:0106300|protein-DNA covalent cross-linking repair; GO:0051983|regulation of chromosome segregation,,"[{""go_id"": ""GO:0140014"", ""term_name"": ""mitotic nuclear division"", ""namespace"": ""biological_process"", ""evidence"": ""IMP""}, {""go_id"": ""GO:0106300"", ""term_name"": ""protein-DNA covalent cross-linking repair"", ""namespace"": ""biological_process"", ""evidence"": ""IMP""}, {""go_id"": ""GO:0051983"", ""term_name"": ""regulation of chromosome segregation"", ""namespace"": ""biological_process"", ""evidence"": ""IMP""}]"
A0MSJ1,CRA1B_DANRE,CRA1B,zebrafish,Danio rerio (Zebrafish) (Brachydanio rerio).,RecName: Full=Collagen alpha-1(XXVII) chain B; Flags: Precursor;,"May play a role during the calcification of cartilage and the transition of cartilage to bone (By similarity). Together with col27a1a, plays a role in development of the notochord and axial skeleton. {ECO:0000250, ECO:0000269|PubMed:20041163}.",3,,GO:0030282|bone mineralization; GO:0048570|notochord morphogenesis; GO:0001501|skeletal system development,,"[{""go_id"": ""GO:0030282"", ""term_name"": ""bone mineralization"", ""namespace"": ""biological_process"", ""evidence"": ""IGI""}, {""go_id"": ""GO:0048570"", ""term_name"": ""notochord morphogenesis"", ""namespace"": ""biological_process"", ""evidence"": ""IGI""}, {""go_id"": ""GO:0001501"", ""term_name"": ""skeletal system development"", ""namespace"": ""biological_process"", ""evidence"": ""IGI""}]"
P79734,P53_DANRE,P53,zebrafish,Danio rerio (Zebrafish) (Brachydanio rerio).,RecName: Full=Cellular tumor antigen p53; AltName: Full=Tumor suppressor p53;,"Multifunctional transcription factor that induces cell cycle arrest, DNA repair or apoptosis upon binding to its target DNA sequence. Acts as a tumor suppressor in many tumor types; induces growth arrest or apoptosis depending on the physiological circumstances and cell type. Negatively regulates cell division by controlling expression of a set of genes required for this process. One of the activated genes is an inhibitor of cyclin-dependent kinases. Apoptosis induction seems to be mediated either by stimulation of bax and fas antigen expression, or by repression of Bcl-2 expression. Positively regulates apoptosis in the early-stage embryo in response to UV irradiation (PubMed:15529176). {ECO:0000269|PubMed:12477391, ECO:0000269|PubMed:15529176, ECO:0000269|PubMed:15630097, ECO:0000269|PubMed:22952453}.",37,GO:0003700|DNA-binding transcription factor activity; GO:0043565|sequence-specific DNA binding,"GO:0006915|apoptotic process; GO:1902262|apoptotic process involved in blood vessel morphogenesis; GO:0006914|autophagy; GO:0071456|cellular response to hypoxia; GO:0090398|cellular senescence; GO:0060216|definitive hemopoiesis; GO:0000077|DNA damage checkpoint signaling; GO:0030330|DNA damage response, signal transduction by p53 class mediator; GO:0048730|epidermis morphogenesis; GO:0048821|erythrocyte development; GO:0043249|erythrocyte maturation; GO:0061484|hematopoietic stem cell homeostasis; GO:0060729|intestinal epithelial structure maintenance; GO:0097193|intrinsic apoptotic signaling pathway; GO:0042771|intrinsic apoptotic signaling pathway in response to DNA damage by p53 class mediator; GO:0016525|negative regulation of angiogenesis; GO:0045786|negative regulation of cell cycle; GO:0051782|negative regulation of cell division; GO:0043065|positive regulation of apoptotic process; GO:0045787|positive regulation of cell cycle; GO:0045893|positive regulation of DNA-templated transcription; GO:0043525|positive regulation of neuron apoptotic process; GO:0042127|regulation of cell population proliferation; GO:2000779|regulation of double-strand break repair; GO:1902253|regulation of intrinsic apoptotic signaling pathway by p53 class mediator; GO:1905879|regulation of oogenesis; GO:0031647|regulation of protein stability; GO:0006357|regulation of transcription by RNA polymerase II; GO:0051597|response to methylmercury; GO:0009411|response to UV; GO:0010165|response to X-ray; GO:0007283|spermatogenesis; GO:0007179|transforming growth factor beta receptor signaling pathway; GO:0010526|transposable element silencing",GO:0000785|chromatin,"[{""go_id"": ""GO:0000785"", ""term_name"": ""chromatin"", ""namespace"": ""cellular_component"", ""evidence"": ""IDA""}, {""go_id"": ""GO:0003700"", ""term_name"": ""DNA-binding transcription factor activity"", ""namespace"": ""molecular_function"", ""evidence"": ""IDA""}, {""go_id"": ""GO:0043565"", ""term_name"": ""sequence-specific DNA binding"", ""namespace"": ""molecular_function"", ""evidence"": ""IDA""}, {""go_id"": ""GO:0006915"", ""term_name"": ""apoptotic process"", ""namespace"": ""biological_process"", ""evidence"": ""IMP""}, {""go_id"": ""GO:1902262"", ""term_name"": ""apoptotic process involved in blood vessel morphogenesis"", ""namespace"": ""biological_process"", ""evidence"": ""IMP""}, {""go_id"": ""GO:0006914"", ""term_name"": ""autophagy"", ""namespace"": ""biological_process"", ""evidence"": ""IGI""}, {""go_id"": ""GO:0071456"", ""term_name"": ""cellular response to hypoxia"", ""namespace"": ""biological_process"", ""evidence"": ""IMP""}, {""go_id"": ""GO:0090398"", ""term_name"": ""cellular senescence"", ""namespace"": ""biological_process"", ""evidence"": ""IGI""}, {""go_id"": ""GO:0060216"", ""term_name"": ""definitive hemopoiesis"", ""namespace"": ""biological_process"", ""evidence"": ""IGI""}, {""go_id"": ""GO:0000077"", ""term_name"": ""DNA damage checkpoint signaling"", ""namespace"": ""biological_process"", ""evidence"": ""IMP""}, {""go_id"": ""GO:0030330"", ""term_name"": ""DNA damage response, signal transduction by p53 class mediator"", ""namespace"": ""biological_process"", ""evidence"": ""IMP""}, {""go_id"": ""GO:0048730"", ""term_name"": ""epidermis morphogenesis"", ""namespace"": ""biological_process"", ""evidence"": ""IMP""}, {""go_id"": ""GO:0048821"", ""term_name"": ""erythrocyte development"", ""namespace"": ""biological_process"", ""evidence"": ""IGI""}, {""go_id"": ""GO:0043249"", ""term_name"": ""erythrocyte maturation"", ""namespace"": ""biological_process"", ""evidence"": ""IGI""}, {""go_id"": ""GO:0061484"", ""term_name"": ""hematopoietic stem cell homeostasis"", ""namespace"": ""biological_process"", ""evidence"": ""IGI""}, {""go_id"": ""GO:0060729"", ""term_name"": ""intestinal epithelial structure maintenance"", ""namespace"": ""biological_process"", ""evidence"": ""IGI""}, {""go_id"": ""GO:0097193"", ""term_name"": ""intrinsic apoptotic signaling pathway"", ""namespace"": ""biological_process"", ""evidence"": ""IMP""}, {""go_id"": ""GO:0042771"", ""term_name"": ""intrinsic apoptotic signaling pathway in response to DNA damage by p53 class mediator"", ""namespace"": ""biological_process"", ""evidence"": ""IMP""}, {""go_id"": ""GO:0016525"", ""term_name"": ""negative regulation of angiogenesis"", ""namespace"": ""biological_process"", ""evidence"": ""IGI""}, {""go_id"": ""GO:0045786"", ""term_name"": ""negative regulation of cell cycle"", ""namespace"": ""biological_process"", ""evidence"": ""IMP""}, {""go_id"": ""GO:0051782"", ""term_name"": ""negative regulation of cell division"", ""namespace"": ""biological_process"", ""evidence"": ""IMP""}, {""go_id"": ""GO:0043065"", ""term_name"": ""positive regulation of apoptotic process"", ""namespace"": ""biological_process"", ""evidence"": ""IMP""}, {""go_id"": ""GO:0045787"", ""term_name"": ""positive regulation of cell cycle"", ""namespace"": ""biological_process"", ""evidence"": ""IMP""}, {""go_id"": ""GO:0045893"", ""term_name"": ""positive regulation of DNA-templated transcription"", ""namespace"": ""biological_process"", ""evidence"": ""IDA""}, {""go_id"": ""GO:0043525"", ""term_name"": ""positive regulation of neuron apoptotic process"", ""namespace"": ""biological_process"", ""evidence"": ""IGI""}, {""go_id"": ""GO:0042127"", ""term_name"": ""regulation of cell population proliferation"", ""namespace"": ""biological_process"", ""evidence"": ""IGI""}, {""go_id"": ""GO:2000779"", ""term_name"": ""regulation of double-strand break repair"", ""namespace"": ""biological_process"", ""evidence"": ""IMP""}, {""go_id"": ""GO:1902253"", ""term_name"": ""regulation of intrinsic apoptotic signaling pathway by p53 class mediator"", ""namespace"": ""biological_process"", ""evidence"": ""IGI""}, {""go_id"": ""GO:1905879"", ""term_name"": ""regulation of oogenesis"", ""namespace"": ""biological_process"", ""evidence"": ""IGI""}, {""go_id"": ""GO:0031647"", ""term_name"": ""regulation of protein stability"", ""namespace"": ""biological_process"", ""evidence"": ""IGI""}, {""go_id"": ""GO:0006357"", ""term_name"": ""regulation of transcription by RNA polymerase II"", ""namespace"": ""biological_process"", ""evidence"": ""IMP""}, {""go_id"": ""GO:0051597"", ""term_name"": ""response to methylmercury"", ""namespace"": ""biological_process"", ""evidence"": ""IDA""}, {""go_id"": ""GO:0009411"", ""term_name"": ""response to UV"", ""namespace"": ""biological_process"", ""evidence"": ""IMP""}, {""go_id"": ""GO:0010165"", ""term_name"": ""response to X-ray"", ""namespace"": ""biological_process"", ""evidence"": ""IMP""}, {""go_id"": ""GO:0007283"", ""term_name"": ""spermatogenesis"", ""namespace"": ""biological_process"", ""evidence"": ""IGI""}, {""go_id"": ""GO:0007179"", ""term_name"": ""transforming growth factor beta receptor signaling pathway"", ""namespace"": ""biological_process"", ""evidence"": ""IMP""}, {""go_id"": ""GO:0010526"", ""term_name"": ""transposable element silencing"", ""namespace"": ""biological_process"", ""evidence"": ""IMP""}]"
Q9I8N6,CSF1R_DANRE,CSF1R,zebrafish,Danio rerio (Zebrafish) (Brachydanio rerio).,RecName: Full=Macrophage colony-stimulating factor 1 receptor; AltName: Full=CSF-1 receptor; Short=CSF-1-R; Short=CSF-1R; Short=M-CSF-R; EC=2.7.10.1; AltName: Full=Proto-oncogene c-Fms homolog; Flags: Precursor;,"Tyrosine-protein kinase that acts as a cell-surface receptor for CSF1 and plays an essential role in the regulation of survival, proliferation and differentiation of hematopoietic precursor cells, especially mononuclear phagocytes, such as macrophages and monocytes. Plays an important role in innate immunity and in inflammatory processes. Plays an important role in the regulation of osteoclast proliferation and differentiation, the regulation of bone resorption, and is required for normal bone development. Promotes reorganization of the actin cytoskeleton, regulates formation of membrane ruffles, cell adhesion and cell migration. Activates several signaling pathways in response to ligand binding (By similarity). {ECO:0000250, ECO:0000269|PubMed:10862741}.",21,,GO:0048066|developmental pigmentation; GO:0002383|immune response in brain or nervous system; GO:0006629|lipid metabolic process; GO:0048246|macrophage chemotaxis; GO:0030318|melanocyte differentiation; GO:0097324|melanocyte migration; GO:0014005|microglia development; GO:0014004|microglia differentiation; GO:0036035|osteoclast development; GO:0036179|osteoclast maturation; GO:0043473|pigmentation; GO:0010759|positive regulation of macrophage chemotaxis; GO:0061075|positive regulation of neural retina development; GO:0048070|regulation of developmental pigmentation; GO:0030100|regulation of endocytosis; GO:0031641|regulation of myelination; GO:0042481|regulation of odontogenesis; GO:2001204|regulation of osteoclast development; GO:0050938|regulation of xanthophore differentiation; GO:0036269|swimming behavior; GO:0050936|xanthophore differentiation,,"[{""go_id"": ""GO:0048066"", ""term_name"": ""developmental pigmentation"", ""namespace"": ""biological_process"", ""evidence"": ""IMP""}, {""go_id"": ""GO:0002383"", ""term_name"": ""immune response in brain or nervous system"", ""namespace"": ""biological_process"", ""evidence"": ""IMP""}, {""go_id"": ""GO:0006629"", ""term_name"": ""lipid metabolic process"", ""namespace"": ""biological_process"", ""evidence"": ""IMP""}, {""go_id"": ""GO:0048246"", ""term_name"": ""macrophage chemotaxis"", ""namespace"": ""biological_process"", ""evidence"": ""IMP""}, {""go_id"": ""GO:0030318"", ""term_name"": ""melanocyte differentiation"", ""namespace"": ""biological_process"", ""evidence"": ""IMP""}, {""go_id"": ""GO:0097324"", ""term_name"": ""melanocyte migration"", ""namespace"": ""biological_process"", ""evidence"": ""IMP""}, {""go_id"": ""GO:0014005"", ""term_name"": ""microglia development"", ""namespace"": ""biological_process"", ""evidence"": ""IMP""}, {""go_id"": ""GO:0014004"", ""term_name"": ""microglia differentiation"", ""namespace"": ""biological_process"", ""evidence"": ""IMP""}, {""go_id"": ""GO:0036035"", ""term_name"": ""osteoclast development"", ""namespace"": ""biological_process"", ""evidence"": ""IMP""}, {""go_id"": ""GO:0036179"", ""term_name"": ""osteoclast maturation"", ""namespace"": ""biological_process"", ""evidence"": ""IMP""}, {""go_id"": ""GO:0043473"", ""term_name"": ""pigmentation"", ""namespace"": ""biological_process"", ""evidence"": ""IMP""}, {""go_id"": ""GO:0010759"", ""term_name"": ""positive regulation of macrophage chemotaxis"", ""namespace"": ""biological_process"", ""evidence"": ""IMP""}, {""go_id"": ""GO:0061075"", ""term_name"": ""positive regulation of neural retina development"", ""namespace"": ""biological_process"", ""evidence"": ""IMP""}, {""go_id"": ""GO:0048070"", ""term_name"": ""regulation of developmental pigmentation"", ""namespace"": ""biological_process"", ""evidence"": ""IMP""}, {""go_id"": ""GO:0030100"", ""term_name"": ""regulation of endocytosis"", ""namespace"": ""biological_process"", ""evidence"": ""IMP""}, {""go_id"": ""GO:0031641"", ""term_name"": ""regulation of myelination"", ""namespace"": ""biological_process"", ""evidence"": ""IMP""}, {""go_id"": ""GO:0042481"", ""term_name"": ""regulation of odontogenesis"", ""namespace"": ""biological_process"", ""evidence"": ""IGI""}, {""go_id"": ""GO:2001204"", ""term_name"": ""regulation of osteoclast development"", ""namespace"": ""biological_process"", ""evidence"": ""IMP""}, {""go_id"": ""GO:0050938"", ""term_name"": ""regulation of xanthophore differentiation"", ""namespace"": ""biological_process"", ""evidence"": ""IMP""}, {""go_id"": ""GO:0036269"", ""term_name"": ""swimming behavior"", ""namespace"": ""biological_process"", ""evidence"": ""IMP""}, {""go_id"": ""GO:0050936"", ""term_name"": ""xanthophore differentiation"", ""namespace"": ""biological_process"", ""evidence"": ""IMP""}]"
F1R237,TDRD6_DANRE,TDRD6,zebrafish,Danio rerio (Zebrafish) (Brachydanio rerio).,RecName: Full=Tudor domain-containing 6 {ECO:0000305};,"Tudor domain-containing protein involved in germ cell development, more specifically the formation of chromatoid body (during spermiogenesis), Balbiani body (during oogenesis), germ plasm (upon fertilization), and for proper miRNA expression and spliceosome maturation (By similarity) (PubMed:30086300). Required for Balbiani body and germ plasm formation and mobility through interaction with dimethylated arginines in the prion-like protein Bucky ball (buc) (PubMed:30086300). Coordinates transcript deposition into future primordial germ cells (PubMed:30086300). Interacts with known germ plasm mRNAs such as vasa, dazl, nanos3 and hook2 (PubMed:30086300). {ECO:0000250|UniProtKB:P61407, ECO:0000269|PubMed:30086300}.",8,,GO:0007281|germ cell development; GO:1903863|P granule assembly; GO:1905879|regulation of oogenesis; GO:0007283|spermatogenesis,GO:0033391|chromatoid body; GO:0060293|germ plasm; GO:0032019|mitochondrial cloud; GO:0043186|P granule,"[{""go_id"": ""GO:0033391"", ""term_name"": ""chromatoid body"", ""namespace"": ""cellular_component"", ""evidence"": ""IDA""}, {""go_id"": ""GO:0060293"", ""term_name"": ""germ plasm"", ""namespace"": ""cellular_component"", ""evidence"": ""IMP""}, {""go_id"": ""GO:0032019"", ""term_name"": ""mitochondrial cloud"", ""namespace"": ""cellular_component"", ""evidence"": ""IMP""}, {""go_id"": ""GO:0043186"", ""term_name"": ""P granule"", ""namespace"": ""cellular_component"", ""evidence"": ""IDA""}, {""go_id"": ""GO:0007281"", ""term_name"": ""germ cell development"", ""namespace"": ""biological_process"", ""evidence"": ""IDA""}, {""go_id"": ""GO:1903863"", ""term_name"": ""P granule assembly"", ""namespace"": ""biological_process"", ""evidence"": ""IDA""}, {""go_id"": ""GO:1905879"", ""term_name"": ""regulation of oogenesis"", ""namespace"": ""biological_process"", ""evidence"": ""IDA""}, {""go_id"": ""GO:0007283"", ""term_name"": ""spermatogenesis"", ""namespace"": ""biological_process"", ""evidence"": ""IDA""}]"
P50574,DLX2A_DANRE,DLX2A,zebrafish,Danio rerio (Zebrafish) (Brachydanio rerio).,RecName: Full=Homeobox protein Dlx2a; Short=DLX-2; AltName: Full=Distal-less homeobox gene 2a;,Involved in the development of the inner ear.,6,,GO:0051216|cartilage development; GO:0048703|embryonic viscerocranium morphogenesis; GO:0014032|neural crest cell development; GO:0007422|peripheral nervous system development; GO:0060037|pharyngeal system development; GO:0042254|ribosome biogenesis,,"[{""go_id"": ""GO:0051216"", ""term_name"": ""cartilage development"", ""namespace"": ""biological_process"", ""evidence"": ""IMP""}, {""go_id"": ""GO:0048703"", ""term_name"": ""embryonic viscerocranium morphogenesis"", ""namespace"": ""biological_process"", ""evidence"": ""IMP""}, {""go_id"": ""GO:0014032"", ""term_name"": ""neural crest cell development"", ""namespace"": ""biological_process"", ""evidence"": ""IMP""}, {""go_id"": ""GO:0007422"", ""term_name"": ""peripheral nervous system development"", ""namespace"": ""biological_process"", ""evidence"": ""IMP""}, {""go_id"": ""GO:0060037"", ""term_name"": ""pharyngeal system development"", ""namespace"": ""biological_process"", ""evidence"": ""IMP""}, {""go_id"": ""GO:0042254"", ""term_name"": ""ribosome biogenesis"", ""namespace"": ""biological_process"", ""evidence"": ""IMP""}]"
A0A0R4IB93,UBP48_DANRE,UBP48,zebrafish,Danio rerio (Zebrafish) (Brachydanio rerio).,RecName: Full=Ubiquitin carboxyl-terminal hydrolase 48 {ECO:0000250|UniProtKB:Q86UV5}; EC=3.4.19.12 {ECO:0000250|UniProtKB:Q86UV5}; AltName: Full=Ubiquitin specific peptidase 48;,Recognizes and hydrolyzes the peptide bond at the C-terminal Gly of ubiquitin. Involved in the processing of poly-ubiquitin precursors as well as that of ubiquitinated proteins. {ECO:0000250|UniProtKB:Q86UV5}.,4,,GO:1904888|cranial skeletal system development; GO:0010975|regulation of neuron projection development; GO:0010996|response to auditory stimulus; GO:0001966|thigmotaxis,,"[{""go_id"": ""GO:1904888"", ""term_name"": ""cranial skeletal system development"", ""namespace"": ""biological_process"", ""evidence"": ""IMP""}, {""go_id"": ""GO:0010975"", ""term_name"": ""regulation of neuron projection development"", ""namespace"": ""biological_process"", ""evidence"": ""IMP""}, {""go_id"": ""GO:0010996"", ""term_name"": ""response to auditory stimulus"", ""namespace"": ""biological_process"", ""evidence"": ""IMP""}, {""go_id"": ""GO:0001966"", ""term_name"": ""thigmotaxis"", ""namespace"": ""biological_process"", ""evidence"": ""IMP""}]"
Q5PR66,IFT56_DANRE,IFT56,zebrafish,Danio rerio (Zebrafish) (Brachydanio rerio).,RecName: Full=Intraflagellar transport protein 56 {ECO:0000303|PubMed:24596149}; AltName: Full=Tetratricopeptide repeat protein 26; Short=TPR repeat protein 26;,"Component of the intraflagellar transport (IFT) complex B required for transport of proteins in the motile cilium. Required for transport of specific ciliary cargo proteins related to motility, while it is neither required for IFT complex B assembly or motion nor for cilium assembly. Plays a key role in maintaining the integrity of the IFT complex B and the proper ciliary localization of the IFT complex B components. Essential for maintaining proper microtubule organization within the ciliary axoneme (By similarity). {ECO:0000250|UniProtKB:Q8BS45, ECO:0000269|PubMed:22718903, ECO:0000305|PubMed:24596149}.",6,,GO:0060271|cilium assembly; GO:0042073|intraciliary transport; GO:0046530|photoreceptor cell differentiation; GO:0008594|photoreceptor cell morphogenesis; GO:0035845|photoreceptor cell outer segment organization; GO:0039023|pronephric duct morphogenesis,,"[{""go_id"": ""GO:0060271"", ""term_name"": ""cilium assembly"", ""namespace"": ""biological_process"", ""evidence"": ""IDA""}, {""go_id"": ""GO:0042073"", ""term_name"": ""intraciliary transport"", ""namespace"": ""biological_process"", ""evidence"": ""IMP""}, {""go_id"": ""GO:0046530"", ""term_name"": ""photoreceptor cell differentiation"", ""namespace"": ""biological_process"", ""evidence"": ""IDA""}, {""go_id"": ""GO:0008594"", ""term_name"": ""photoreceptor cell morphogenesis"", ""namespace"": ""biological_process"", ""evidence"": ""IDA""}, {""go_id"": ""GO:0035845"", ""term_name"": ""photoreceptor cell outer segment organization"", ""namespace"": ""biological_process"", ""evidence"": ""IMP""}, {""go_id"": ""GO:0039023"", ""term_name"": ""pronephric duct morphogenesis"", ""namespace"": ""biological_process"", ""evidence"": ""IMP""}]"
F1RE08,PTGIS_DANRE,PTGIS,zebrafish,Danio rerio (Zebrafish) (Brachydanio rerio).,RecName: Full=Prostacyclin synthase {ECO:0000303|PubMed:18032380}; EC=5.3.99.4 {ECO:0000269|PubMed:18032380}; AltName: Full=Hydroperoxy icosatetraenoate dehydratase; EC=4.2.1.152 {ECO:0000250|UniProtKB:Q16647}; AltName: Full=Prostaglandin I2 synthase {ECO:0000303|PubMed:18032380}; Short=PGIS {ECO:0000303|PubMed:18032380};,Catalyzes the isomerization of prostaglandin H2 to prostacyclin (= prostaglandin I2). {ECO:0000269|PubMed:18032380}.,3,GO:0020037|heme binding; GO:0008116|prostaglandin-I synthase activity,GO:0001516|prostaglandin biosynthetic process,,"[{""go_id"": ""GO:0020037"", ""term_name"": ""heme binding"", ""namespace"": ""molecular_function"", ""evidence"": ""IDA""}, {""go_id"": ""GO:0008116"", ""term_name"": ""prostaglandin-I synthase activity"", ""namespace"": ""molecular_function"", ""evidence"": ""IDA""}, {""go_id"": ""GO:0001516"", ""term_name"": ""prostaglandin biosynthetic process"", ""namespace"": ""biological_process"", ""evidence"": ""IDA""}]"
Q6DHQ1,HVCN1_DANRE,HVCN1,zebrafish,Danio rerio (Zebrafish) (Brachydanio rerio).,RecName: Full=Voltage-gated hydrogen channel 1; AltName: Full=Hydrogen voltage-gated channel 1; Short=HV1;,Mediates the voltage-dependent proton permeability of excitable membranes. Forms a proton-selective channel through which protons may pass in accordance with their electrochemical gradient (By similarity). {ECO:0000250}.,5,GO:0030171|voltage-gated proton channel activity; GO:0008270|zinc ion binding,GO:1902600|proton transmembrane transport; GO:0010043|response to zinc ion,GO:0005886|plasma membrane,"[{""go_id"": ""GO:0005886"", ""term_name"": ""plasma membrane"", ""namespace"": ""cellular_component"", ""evidence"": ""IDA""}, {""go_id"": ""GO:0030171"", ""term_name"": ""voltage-gated proton channel activity"", ""namespace"": ""molecular_function"", ""evidence"": ""IDA""}, {""go_id"": ""GO:0008270"", ""term_name"": ""zinc ion binding"", ""namespace"": ""molecular_function"", ""evidence"": ""IDA""}, {""go_id"": ""GO:1902600"", ""term_name"": ""proton transmembrane transport"", ""namespace"": ""biological_process"", ""evidence"": ""IDA""}, {""go_id"": ""GO:0010043"", ""term_name"": ""response to zinc ion"", ""namespace"": ""biological_process"", ""evidence"": ""IDA""}]"
Q90XC2,NEK8_DANRE,NEK8,zebrafish,Danio rerio (Zebrafish) (Brachydanio rerio).,RecName: Full=Serine/threonine-protein kinase Nek8; EC=2.7.11.1; AltName: Full=Never in mitosis A-related kinase 8; Short=NimA-related protein kinase 8;,Required for renal tubular integrity. May regulate local cytoskeletal structure in kidney tubule epithelial cells. May regulate ciliary biogenesis through targeting of proteins to the cilia. Plays a role in organogenesis and is involved in the regulation of the Hippo signaling pathway (By similarity). {ECO:0000250|UniProtKB:Q91ZR4}.,6,,GO:0061371|determination of heart left/right asymmetry; GO:0001947|heart looping; GO:0048793|pronephros development; GO:0072116|pronephros formation; GO:0061326|renal tubule development,GO:0005929|cilium,"[{""go_id"": ""GO:0005929"", ""term_name"": ""cilium"", ""namespace"": ""cellular_component"", ""evidence"": ""IDA""}, {""go_id"": ""GO:0061371"", ""term_name"": ""determination of heart left/right asymmetry"", ""namespace"": ""biological_process"", ""evidence"": ""IMP""}, {""go_id"": ""GO:0001947"", ""term_name"": ""heart looping"", ""namespace"": ""biological_process"", ""evidence"": ""IMP""}, {""go_id"": ""GO:0048793"", ""term_name"": ""pronephros development"", ""namespace"": ""biological_process"", ""evidence"": ""IGI""}, {""go_id"": ""GO:0072116"", ""term_name"": ""pronephros formation"", ""namespace"": ""biological_process"", ""evidence"": ""IGI""}, {""go_id"": ""GO:0061326"", ""term_name"": ""renal tubule development"", ""namespace"": ""biological_process"", ""evidence"": ""IMP""}]"
Q6QU75,PITX3_DANRE,PITX3,zebrafish,Danio rerio (Zebrafish) (Brachydanio rerio).,RecName: Full=Pituitary homeobox 3 {ECO:0000250|UniProtKB:O35160}; AltName: Full=Bicoid-like homeodomain transcription factor Pitx3 {ECO:0000312|EMBL:AAT72155.1}; AltName: Full=Homeobox protein PITX3; AltName: Full=Paired-like homeodomain transcription factor 3 {ECO:0000312|EMBL:AAR98874.1};,"Transcriptional regulator which may play a role in the differentiation and maintenance of meso-diencephalic dopaminergic (mdDA) neurons (By similarity). Required for lens and retinal development and for pituitary pre-placode formation and cell specification. {ECO:0000250, ECO:0000269|PubMed:15728669, ECO:0000269|PubMed:15804565, ECO:0000269|PubMed:18053265}.",6,,GO:0021984|adenohypophysis development; GO:0043010|camera-type eye development; GO:0035270|endocrine system development; GO:0002088|lens development in camera-type eye; GO:0070306|lens fiber cell differentiation; GO:0045893|positive regulation of DNA-templated transcription,,"[{""go_id"": ""GO:0021984"", ""term_name"": ""adenohypophysis development"", ""namespace"": ""biological_process"", ""evidence"": ""IMP""}, {""go_id"": ""GO:0043010"", ""term_name"": ""camera-type eye development"", ""namespace"": ""biological_process"", ""evidence"": ""IMP""}, {""go_id"": ""GO:0035270"", ""term_name"": ""endocrine system development"", ""namespace"": ""biological_process"", ""evidence"": ""IMP""}, {""go_id"": ""GO:0002088"", ""term_name"": ""lens development in camera-type eye"", ""namespace"": ""biological_process"", ""evidence"": ""IMP""}, {""go_id"": ""GO:0070306"", ""term_name"": ""lens fiber cell differentiation"", ""namespace"": ""biological_process"", ""evidence"": ""IMP""}, {""go_id"": ""GO:0045893"", ""term_name"": ""positive regulation of DNA-templated transcription"", ""namespace"": ""biological_process"", ""evidence"": ""IMP""}]"
Q6P7E4,PDLI7_DANRE,PDLI7,zebrafish,Danio rerio (Zebrafish) (Brachydanio rerio).,RecName: Full=PDZ and LIM domain protein 7;,"May function as a scaffold on which the coordinated assembly of proteins can occur. May play a role as an adapter that, via its PDZ domain, localizes LIM-binding proteins to actin filaments of both skeletal muscle and nonmuscle tissues (By similarity). {ECO:0000250}.",10,,GO:0003294|atrial ventricular junction remodeling; GO:0003190|atrioventricular valve formation; GO:0003143|embryonic heart tube morphogenesis; GO:0001947|heart looping; GO:0033339|pectoral fin development; GO:0001756|somitogenesis,GO:0015629|actin cytoskeleton; GO:0005737|cytoplasm; GO:0031941|filamentous actin; GO:0048471|perinuclear region of cytoplasm,"[{""go_id"": ""GO:0015629"", ""term_name"": ""actin cytoskeleton"", ""namespace"": ""cellular_component"", ""evidence"": ""IPI""}, {""go_id"": ""GO:0005737"", ""term_name"": ""cytoplasm"", ""namespace"": ""cellular_component"", ""evidence"": ""IDA""}, {""go_id"": ""GO:0031941"", ""term_name"": ""filamentous actin"", ""namespace"": ""cellular_component"", ""evidence"": ""IDA""}, {""go_id"": ""GO:0048471"", ""term_name"": ""perinuclear region of cytoplasm"", ""namespace"": ""cellular_component"", ""evidence"": ""IDA""}, {""go_id"": ""GO:0003294"", ""term_name"": ""atrial ventricular junction remodeling"", ""namespace"": ""biological_process"", ""evidence"": ""IMP""}, {""go_id"": ""GO:0003190"", ""term_name"": ""atrioventricular valve formation"", ""namespace"": ""biological_process"", ""evidence"": ""IMP""}, {""go_id"": ""GO:0003143"", ""term_name"": ""embryonic heart tube morphogenesis"", ""namespace"": ""biological_process"", ""evidence"": ""IGI""}, {""go_id"": ""GO:0001947"", ""term_name"": ""heart looping"", ""namespace"": ""biological_process"", ""evidence"": ""IMP""}, {""go_id"": ""GO:0033339"", ""term_name"": ""pectoral fin development"", ""namespace"": ""biological_process"", ""evidence"": ""IMP""}, {""go_id"": ""GO:0001756"", ""term_name"": ""somitogenesis"", ""namespace"": ""biological_process"", ""evidence"": ""IMP""}]"
Q49HM9,GRK7A_DANRE,GRK7A,zebrafish,Danio rerio (Zebrafish) (Brachydanio rerio).,RecName: Full=Rhodopsin kinase grk7a; EC=2.7.11.14 {ECO:0000269|PubMed:16787417}; AltName: Full=G protein-coupled receptor kinase 7-1; AltName: Full=G-protein-coupled receptor kinase 7A; Flags: Precursor;,"Retina-specific kinase involved in the shutoff of the photoresponse and adaptation to changing light conditions via cone opsin phosphorylation, including rhodopsin (RHO). {ECO:0000269|PubMed:16039565}.",5,GO:0009881|photoreceptor activity; GO:0050254|rhodopsin kinase activity,"GO:0036368|cone photoresponse recovery; GO:0007603|phototransduction, visible light; GO:0007601|visual perception",,"[{""go_id"": ""GO:0009881"", ""term_name"": ""photoreceptor activity"", ""namespace"": ""molecular_function"", ""evidence"": ""IMP""}, {""go_id"": ""GO:0050254"", ""term_name"": ""rhodopsin kinase activity"", ""namespace"": ""molecular_function"", ""evidence"": ""IDA""}, {""go_id"": ""GO:0036368"", ""term_name"": ""cone photoresponse recovery"", ""namespace"": ""biological_process"", ""evidence"": ""IMP""}, {""go_id"": ""GO:0007603"", ""term_name"": ""phototransduction, visible light"", ""namespace"": ""biological_process"", ""evidence"": ""IMP""}, {""go_id"": ""GO:0007601"", ""term_name"": ""visual perception"", ""namespace"": ""biological_process"", ""evidence"": ""IMP""}]"
Q7ZWK8,OTOP1_DANRE,OTOP1,zebrafish,Danio rerio (Zebrafish) (Brachydanio rerio).,RecName: Full=Proton channel OTOP1 {ECO:0000305}; AltName: Full=Otopetrin-1 {ECO:0000303|PubMed:12651873};,"Proton-selective ion channel (PubMed:31160780). Biphasically modulated by acid and alkali, mediating proton influx and efflux in response to extracellular acid and base stimulation, respectively (By similarity). May be involved in acid and base perception (By similarity). Sensor for ammonium chloride (NH(4)Cl) in taste receptor cells. NH(4)Cl acts by increasing the intracellular pH, thereby generating a driving force for proton entry through OTOP1 channel (PubMed:37798269). Plays a role in the regulation of Ca(2+) flux in response to purigenic (ATP, ADP and UDP) stimuli, leading to increase in cytosolic Ca(2+) due to influx of extracellular calcium. May play this role by inhibiting P2Y purinoceptor-mediated Ca(2+) release in a Ca(2+)-dependent manner and promote an influx of Ca(2+) in response to ATP. Through this mechanism and possibly others, plays a role in the formation and function of calcium carbonate-based structures in the vestibular system of the inner ear, called otoconia, that sense gravity and linear acceleration (PubMed:15480759, PubMed:15581873). {ECO:0000250|UniProtKB:Q80VM9, ECO:0000269|PubMed:15480759, ECO:0000269|PubMed:15581873, ECO:0000269|PubMed:31160780, ECO:0000269|PubMed:37798269}.",8,GO:0015485|cholesterol binding; GO:0042802|identical protein binding; GO:0015252|proton channel activity,GO:0042472|inner ear morphogenesis; GO:0032475|otolith formation; GO:0045299|otolith mineralization; GO:1902600|proton transmembrane transport,GO:0016020|membrane,"[{""go_id"": ""GO:0016020"", ""term_name"": ""membrane"", ""namespace"": ""cellular_component"", ""evidence"": ""IDA""}, {""go_id"": ""GO:0015485"", ""term_name"": ""cholesterol binding"", ""namespace"": ""molecular_function"", ""evidence"": ""IDA""}, {""go_id"": ""GO:0042802"", ""term_name"": ""identical protein binding"", ""namespace"": ""molecular_function"", ""evidence"": ""IPI""}, {""go_id"": ""GO:0015252"", ""term_name"": ""proton channel activity"", ""namespace"": ""molecular_function"", ""evidence"": ""IDA""}, {""go_id"": ""GO:0042472"", ""term_name"": ""inner ear morphogenesis"", ""namespace"": ""biological_process"", ""evidence"": ""IMP""}, {""go_id"": ""GO:0032475"", ""term_name"": ""otolith formation"", ""namespace"": ""biological_process"", ""evidence"": ""IMP""}, {""go_id"": ""GO:0045299"", ""term_name"": ""otolith mineralization"", ""namespace"": ""biological_process"", ""evidence"": ""IMP""}, {""go_id"": ""GO:1902600"", ""term_name"": ""proton transmembrane transport"", ""namespace"": ""biological_process"", ""evidence"": ""IDA""}]"
F6NXI9,TRNT1_DANRE,TRNT1,zebrafish,Danio rerio (Zebrafish) (Brachydanio rerio).,"RecName: Full=CCA tRNA nucleotidyltransferase 1, mitochondrial {ECO:0000305}; EC=2.7.7.72 {ECO:0000250|UniProtKB:Q96Q11}; Flags: Precursor;","Nucleotidyltransferase that catalyzes the addition and repair of the essential 3'-terminal CCA sequence in tRNAs, which is necessary for the attachment of amino acids to the 3' terminus of tRNA molecules, using CTP and ATP as substrates (PubMed:26494905). tRNA 3'-terminal CCA addition is required both for tRNA processing and repair (By similarity). Promotes tRNA repair and recycling downstream of the ribosome-associated quality control (RQC) pathway by mediating addition of the tRNA 3'-terminal CCA following cleavage by ankzf1 and repair by elac1 (By similarity). Also involved in tRNA surveillance by mediating tandem CCA addition to generate a CCACCA at the 3' terminus of unstable tRNAs and tRNA-like transcripts (By similarity). While stable tRNAs receive only 3'-terminal CCA, unstable tRNAs beginning with GG are marked with CCACCA and rapidly degraded (By similarity). The structural flexibility of RNA controls the choice between CCA versus CCACCA addition: following the first CCA addition cycle, nucleotide-binding to the active site triggers a clockwise screw motion, producing torque on the RNA (By similarity). This ejects stable RNAs, whereas unstable RNAs are refolded while bound to the enzyme and subjected to a second CCA catalytic cycle (By similarity). {ECO:0000250|UniProtKB:Q96Q11, ECO:0000269|PubMed:26494905}.",5,,GO:0001654|eye development; GO:0001966|thigmotaxis; GO:0001680|tRNA 3'-terminal CCA addition; GO:0008033|tRNA processing; GO:0007632|visual behavior,,"[{""go_id"": ""GO:0001654"", ""term_name"": ""eye development"", ""namespace"": ""biological_process"", ""evidence"": ""IMP""}, {""go_id"": ""GO:0001966"", ""term_name"": ""thigmotaxis"", ""namespace"": ""biological_process"", ""evidence"": ""IMP""}, {""go_id"": ""GO:0001680"", ""term_name"": ""tRNA 3'-terminal CCA addition"", ""namespace"": ""biological_process"", ""evidence"": ""IMP""}, {""go_id"": ""GO:0008033"", ""term_name"": ""tRNA processing"", ""namespace"": ""biological_process"", ""evidence"": ""IMP""}, {""go_id"": ""GO:0007632"", ""term_name"": ""visual behavior"", ""namespace"": ""biological_process"", ""evidence"": ""IMP""}]"
Q7SXF1,DHCR7_DANRE,DHCR7,zebrafish,Danio rerio (Zebrafish) (Brachydanio rerio).,RecName: Full=7-dehydrocholesterol reductase; Short=7-DHC reductase; EC=1.3.1.21 {ECO:0000250|UniProtKB:O88455}; AltName: Full=Sterol Delta(7)-reductase;,"Catalyzes the last step of the cholesterol synthesis pathway, which transforms cholesta-5,7-dien-3beta-ol (7-dehydrocholesterol,7- DHC) into cholesterol by reducing the C7-C8 double bond of its sterol core (By similarity). Can also metabolize cholesta-5,7,24-trien-3beta- ol (7-dehydrodemosterol, 7-DHD) to desmosterol, which is then metabolized by the Delta(24)-sterol reductase (DHCR24) to cholesterol (By similarity). Modulates ferroptosis (a form of regulated cell death driven by iron-dependent lipid peroxidation) through the metabolic breakdown of the anti-ferroptotic metabolites 7-DHC and 7-DHD which, when accumulated, divert the propagation of peroxyl radical-mediated damage from phospholipid components to its sterol core, protecting plasma and mitochondrial membranes from phospholipid autoxidation (By similarity). {ECO:0000250|UniProtKB:O88455, ECO:0000250|UniProtKB:Q9UBM7}.",6,"GO:0016628|oxidoreductase activity, acting on the CH-CH group of donors, NAD or NADP as acceptor",GO:0002118|aggressive behavior; GO:0001662|behavioral fear response; GO:0006695|cholesterol biosynthetic process; GO:0070050|neuron cellular homeostasis; GO:0045664|regulation of neuron differentiation,,"[{""go_id"": ""GO:0016628"", ""term_name"": ""oxidoreductase activity, acting on the CH-CH group of donors, NAD or NADP as acceptor"", ""namespace"": ""molecular_function"", ""evidence"": ""IDA""}, {""go_id"": ""GO:0002118"", ""term_name"": ""aggressive behavior"", ""namespace"": ""biological_process"", ""evidence"": ""IMP""}, {""go_id"": ""GO:0001662"", ""term_name"": ""behavioral fear response"", ""namespace"": ""biological_process"", ""evidence"": ""IMP""}, {""go_id"": ""GO:0006695"", ""term_name"": ""cholesterol biosynthetic process"", ""namespace"": ""biological_process"", ""evidence"": ""IMP""}, {""go_id"": ""GO:0070050"", ""term_name"": ""neuron cellular homeostasis"", ""namespace"": ""biological_process"", ""evidence"": ""IMP""}, {""go_id"": ""GO:0045664"", ""term_name"": ""regulation of neuron differentiation"", ""namespace"": ""biological_process"", ""evidence"": ""IMP""}]"
Q7ZSY6,MT2_DANRE,MT2,zebrafish,Danio rerio (Zebrafish) (Brachydanio rerio).,RecName: Full=Metallothionein-2; Short=MT-2;,Metallothioneins have a high content of cysteine residues that bind various heavy metals. {ECO:0000250}.,8,,GO:0001525|angiogenesis; GO:0090050|positive regulation of cell migration involved in sprouting angiogenesis; GO:0010575|positive regulation of vascular endothelial growth factor production; GO:0046686|response to cadmium ion; GO:0046688|response to copper ion; GO:0010038|response to metal ion; GO:0051597|response to methylmercury; GO:0010043|response to zinc ion,,"[{""go_id"": ""GO:0001525"", ""term_name"": ""angiogenesis"", ""namespace"": ""biological_process"", ""evidence"": ""IMP""}, {""go_id"": ""GO:0090050"", ""term_name"": ""positive regulation of cell migration involved in sprouting angiogenesis"", ""namespace"": ""biological_process"", ""evidence"": ""IMP""}, {""go_id"": ""GO:0010575"", ""term_name"": ""positive regulation of vascular endothelial growth factor production"", ""namespace"": ""biological_process"", ""evidence"": ""IMP""}, {""go_id"": ""GO:0046686"", ""term_name"": ""response to cadmium ion"", ""namespace"": ""biological_process"", ""evidence"": ""IEP""}, {""go_id"": ""GO:0046688"", ""term_name"": ""response to copper ion"", ""namespace"": ""biological_process"", ""evidence"": ""IDA""}, {""go_id"": ""GO:0010038"", ""term_name"": ""response to metal ion"", ""namespace"": ""biological_process"", ""evidence"": ""IDA""}, {""go_id"": ""GO:0051597"", ""term_name"": ""response to methylmercury"", ""namespace"": ""biological_process"", ""evidence"": ""IDA""}, {""go_id"": ""GO:0010043"", ""term_name"": ""response to zinc ion"", ""namespace"": ""biological_process"", ""evidence"": ""IDA""}]"
O42182,FBLN1_DANRE,FBLN1,zebrafish,Danio rerio (Zebrafish) (Brachydanio rerio).,RecName: Full=Fibulin-1; Short=FIBL-1; Flags: Precursor;,"Incorporated into fibronectin-containing matrix fibers. May play a role in cell adhesion and migration along protein fibers within the extracellular matrix (ECM). Could be important for certain developmental processes and contribute to the supramolecular organization of ECM architecture, in particular to those of basement membranes.",4,,GO:0035122|embryonic medial fin morphogenesis; GO:0030198|extracellular matrix organization; GO:0090497|mesenchymal cell migration; GO:0043589|skin morphogenesis,,"[{""go_id"": ""GO:0035122"", ""term_name"": ""embryonic medial fin morphogenesis"", ""namespace"": ""biological_process"", ""evidence"": ""IGI""}, {""go_id"": ""GO:0030198"", ""term_name"": ""extracellular matrix organization"", ""namespace"": ""biological_process"", ""evidence"": ""IGI""}, {""go_id"": ""GO:0090497"", ""term_name"": ""mesenchymal cell migration"", ""namespace"": ""biological_process"", ""evidence"": ""IGI""}, {""go_id"": ""GO:0043589"", ""term_name"": ""skin morphogenesis"", ""namespace"": ""biological_process"", ""evidence"": ""IGI""}]"
Q5RH73,SMO_DANRE,SMO,zebrafish,Danio rerio (Zebrafish) (Brachydanio rerio).,RecName: Full=Protein smoothened {ECO:0000305}; Flags: Precursor;,"G protein-coupled receptor which associates with the patched protein (ptch) to transduce Hedgehog protein signaling. Binding of sonic hedgehog (shh) to its receptor patched prevents inhibition of smoothened (smo) by patched. When active, smo binds to and sequesters protein kinase A catalytic subunit prkaca at the cell membrane, preventing prkaca-mediated phosphorylation of gli transcription factors which releases the gli proteins from prkaca-mediated inhibition and allows for transcriptional activation of Hedgehog signaling pathway target genes (By similarity). Required for the development of primary and secondary motoneurons but not for the specification of midbrain dopaminergic neurons or development of the medial floor plate (PubMed:11493557). Required for induction of lateral floor plate and posterior motoneurons, anterior neural plate patterning, dorsoventral forebrain patterning, dorsoventral retinal patterning, optic stalk development, and formation of the forebrain primary axonal scaffold (PubMed:11566855). Required to regulate the formation of a subset of cerebellar neurons by limiting wnt1 expression which controls cerebellar expression of transcription factor olig2 (PubMed:18423594). Required for development of the pancreas (PubMed:34087472). Required for muscle development (PubMed:16136078). Required for the formation of a single continuous intestinal lumen from multiple discontinuous lumens, probably by regulating remodeling through rab11a-mediated trafficking to facilitate lumen fusion (PubMed:24504339). Required for development of the adenohypophysis (PubMed:11566855, PubMed:12606279). Required for anteroposterior patterning of the otic vesicle (PubMed:12588855). Required for development of the anterior craniofacial skeleton (PubMed:16481351). Required for patterning of the caudal fin (PubMed:17597528). Required during gastrulation and early somitogenesis stages to promote cardiomyocyte formation by regulating the specification of myocardial progenitors (PubMed:18842815). Required for induction of arterial endothelial cell formation by repressing venous cell fate (PubMed:20193674). {ECO:0000250|UniProtKB:P56726, ECO:0000269|PubMed:11493557, ECO:0000269|PubMed:11566855, ECO:0000269|PubMed:12588855, ECO:0000269|PubMed:12606279, ECO:0000269|PubMed:16136078, ECO:0000269|PubMed:16481351, ECO:0000269|PubMed:17597528, ECO:0000269|PubMed:18423594, ECO:0000269|PubMed:18842815, ECO:0000269|PubMed:20193674, ECO:0000269|PubMed:24504339, ECO:0000269|PubMed:34087472, ECO:0000305}.",64,GO:0008142|oxysterol binding,GO:0021984|adenohypophysis development; GO:0035479|angioblast cell migration from lateral mesoderm to midline; GO:0009952|anterior/posterior pattern specification; GO:0060844|arterial endothelial cell fate commitment; GO:0007411|axon guidance; GO:0003231|cardiac ventricle development; GO:0010002|cardioblast differentiation; GO:0051216|cartilage development; GO:0035143|caudal fin morphogenesis; GO:0007417|central nervous system development; GO:0021587|cerebellum morphogenesis; GO:0071679|commissural neuron axon guidance; GO:0021536|diencephalon development; GO:0035912|dorsal aorta morphogenesis; GO:0031076|embryonic camera-type eye development; GO:0048557|embryonic digestive tract morphogenesis; GO:0048702|embryonic neurocranium morphogenesis; GO:0009880|embryonic pattern specification; GO:0048703|embryonic viscerocranium morphogenesis; GO:0060956|endocardial cell differentiation; GO:0031018|endocrine pancreas development; GO:0035270|endocrine system development; GO:0072175|epithelial tube formation; GO:0031017|exocrine pancreas development; GO:0021508|floor plate formation; GO:0030900|forebrain development; GO:0021798|forebrain dorsal/ventral pattern formation; GO:0021782|glial cell development; GO:0021986|habenula development; GO:0001947|heart looping; GO:0030902|hindbrain development; GO:0048839|inner ear development; GO:0042472|inner ear morphogenesis; GO:0042693|muscle cell fate commitment; GO:0007517|muscle organ development; GO:0030239|myofibril assembly; GO:0007399|nervous system development; GO:0014033|neural crest cell differentiation; GO:0001839|neural plate morphogenesis; GO:0060896|neural plate pattern specification; GO:0030182|neuron differentiation; GO:0048663|neuron fate commitment; GO:0014003|oligodendrocyte development; GO:0032474|otolith morphogenesis; GO:0031016|pancreas development; GO:0045880|positive regulation of smoothened signaling pathway; GO:0043113|receptor clustering; GO:0060041|retina development in camera-type eye; GO:0031290|retinal ganglion cell axon guidance; GO:0048752|semicircular canal morphogenesis; GO:0048741|skeletal muscle fiber development; GO:0048745|smooth muscle tissue development; GO:0007224|smoothened signaling pathway; GO:0021523|somatic motor neuron differentiation; GO:0061053|somite development; GO:0021520|spinal cord motor neuron cell fate specification; GO:0021522|spinal cord motor neuron differentiation; GO:0055002|striated muscle cell development; GO:0048794|swim bladder development; GO:0048795|swim bladder morphogenesis; GO:0021537|telencephalon development; GO:0001570|vasculogenesis,GO:0005929|cilium,"[{""go_id"": ""GO:0005929"", ""term_name"": ""cilium"", ""namespace"": ""cellular_component"", ""evidence"": ""IDA""}, {""go_id"": ""GO:0008142"", ""term_name"": ""oxysterol binding"", ""namespace"": ""molecular_function"", ""evidence"": ""IDA""}, {""go_id"": ""GO:0021984"", ""term_name"": ""adenohypophysis development"", ""namespace"": ""biological_process"", ""evidence"": ""IMP""}, {""go_id"": ""GO:0035479"", ""term_name"": ""angioblast cell migration from lateral mesoderm to midline"", ""namespace"": ""biological_process"", ""evidence"": ""IMP""}, {""go_id"": ""GO:0009952"", ""term_name"": ""anterior/posterior pattern specification"", ""namespace"": ""biological_process"", ""evidence"": ""IMP""}, {""go_id"": ""GO:0060844"", ""term_name"": ""arterial endothelial cell fate commitment"", ""namespace"": ""biological_process"", ""evidence"": ""IMP""}, {""go_id"": ""GO:0007411"", ""term_name"": ""axon guidance"", ""namespace"": ""biological_process"", ""evidence"": ""IMP""}, {""go_id"": ""GO:0003231"", ""term_name"": ""cardiac ventricle development"", ""namespace"": ""biological_process"", ""evidence"": ""IMP""}, {""go_id"": ""GO:0010002"", ""term_name"": ""cardioblast differentiation"", ""namespace"": ""biological_process"", ""evidence"": ""IMP""}, {""go_id"": ""GO:0051216"", ""term_name"": ""cartilage development"", ""namespace"": ""biological_process"", ""evidence"": ""IMP""}, {""go_id"": ""GO:0035143"", ""term_name"": ""caudal fin morphogenesis"", ""namespace"": ""biological_process"", ""evidence"": ""IMP""}, {""go_id"": ""GO:0007417"", ""term_name"": ""central nervous system development"", ""namespace"": ""biological_process"", ""evidence"": ""IMP""}, {""go_id"": ""GO:0021587"", ""term_name"": ""cerebellum morphogenesis"", ""namespace"": ""biological_process"", ""evidence"": ""IMP""}, {""go_id"": ""GO:0071679"", ""term_name"": ""commissural neuron axon guidance"", ""namespace"": ""biological_process"", ""evidence"": ""IMP""}, {""go_id"": ""GO:0021536"", ""term_name"": ""diencephalon development"", ""namespace"": ""biological_process"", ""evidence"": ""IGI""}, {""go_id"": ""GO:0035912"", ""term_name"": ""dorsal aorta morphogenesis"", ""namespace"": ""biological_process"", ""evidence"": ""IMP""}, {""go_id"": ""GO:0031076"", ""term_name"": ""embryonic camera-type eye development"", ""namespace"": ""biological_process"", ""evidence"": ""IDA""}, {""go_id"": ""GO:0048557"", ""term_name"": ""embryonic digestive tract morphogenesis"", ""namespace"": ""biological_process"", ""evidence"": ""IMP""}, {""go_id"": ""GO:0048702"", ""term_name"": ""embryonic neurocranium morphogenesis"", ""namespace"": ""biological_process"", ""evidence"": ""IMP""}, {""go_id"": ""GO:0009880"", ""term_name"": ""embryonic pattern specification"", ""namespace"": ""biological_process"", ""evidence"": ""IMP""}, {""go_id"": ""GO:0048703"", ""term_name"": ""embryonic viscerocranium morphogenesis"", ""namespace"": ""biological_process"", ""evidence"": ""IMP""}, {""go_id"": ""GO:0060956"", ""term_name"": ""endocardial cell differentiation"", ""namespace"": ""biological_process"", ""evidence"": ""IMP""}, {""go_id"": ""GO:0031018"", ""term_name"": ""endocrine pancreas development"", ""namespace"": ""biological_process"", ""evidence"": ""IMP""}, {""go_id"": ""GO:0035270"", ""term_name"": ""endocrine system development"", ""namespace"": ""biological_process"", ""evidence"": ""IMP""}, {""go_id"": ""GO:0072175"", ""term_name"": ""epithelial tube formation"", ""namespace"": ""biological_process"", ""evidence"": ""IMP""}, {""go_id"": ""GO:0031017"", ""term_name"": ""exocrine pancreas development"", ""namespace"": ""biological_process"", ""evidence"": ""IMP""}, {""go_id"": ""GO:0021508"", ""term_name"": ""floor plate formation"", ""namespace"": ""biological_process"", ""evidence"": ""IGI""}, {""go_id"": ""GO:0030900"", ""term_name"": ""forebrain development"", ""namespace"": ""biological_process"", ""evidence"": ""IMP""}, {""go_id"": ""GO:0021798"", ""term_name"": ""forebrain dorsal/ventral pattern formation"", ""namespace"": ""biological_process"", ""evidence"": ""IMP""}, {""go_id"": ""GO:0021782"", ""term_name"": ""glial cell development"", ""namespace"": ""biological_process"", ""evidence"": ""IMP""}, {""go_id"": ""GO:0021986"", ""term_name"": ""habenula development"", ""namespace"": ""biological_process"", ""evidence"": ""IMP""}, {""go_id"": ""GO:0001947"", ""term_name"": ""heart looping"", ""namespace"": ""biological_process"", ""evidence"": ""IMP""}, {""go_id"": ""GO:0030902"", ""term_name"": ""hindbrain development"", ""namespace"": ""biological_process"", ""evidence"": ""IMP""}, {""go_id"": ""GO:0048839"", ""term_name"": ""inner ear development"", ""namespace"": ""biological_process"", ""evidence"": ""IMP""}, {""go_id"": ""GO:0042472"", ""term_name"": ""inner ear morphogenesis"", ""namespace"": ""biological_process"", ""evidence"": ""IMP""}, {""go_id"": ""GO:0042693"", ""term_name"": ""muscle cell fate commitment"", ""namespace"": ""biological_process"", ""evidence"": ""IMP""}, {""go_id"": ""GO:0007517"", ""term_name"": ""muscle organ development"", ""namespace"": ""biological_process"", ""evidence"": ""IMP""}, {""go_id"": ""GO:0030239"", ""term_name"": ""myofibril assembly"", ""namespace"": ""biological_process"", ""evidence"": ""IMP""}, {""go_id"": ""GO:0007399"", ""term_name"": ""nervous system development"", ""namespace"": ""biological_process"", ""evidence"": ""IMP""}, {""go_id"": ""GO:0014033"", ""term_name"": ""neural crest cell differentiation"", ""namespace"": ""biological_process"", ""evidence"": ""IMP""}, {""go_id"": ""GO:0001839"", ""term_name"": ""neural plate morphogenesis"", ""namespace"": ""biological_process"", ""evidence"": ""IMP""}, {""go_id"": ""GO:0060896"", ""term_name"": ""neural plate pattern specification"", ""namespace"": ""biological_process"", ""evidence"": ""IMP""}, {""go_id"": ""GO:0030182"", ""term_name"": ""neuron differentiation"", ""namespace"": ""biological_process"", ""evidence"": ""IMP""}, {""go_id"": ""GO:0048663"", ""term_name"": ""neuron fate commitment"", ""namespace"": ""biological_process"", ""evidence"": ""IMP""}, {""go_id"": ""GO:0014003"", ""term_name"": ""oligodendrocyte development"", ""namespace"": ""biological_process"", ""evidence"": ""IMP""}, {""go_id"": ""GO:0032474"", ""term_name"": ""otolith morphogenesis"", ""namespace"": ""biological_process"", ""evidence"": ""IMP""}, {""go_id"": ""GO:0031016"", ""term_name"": ""pancreas development"", ""namespace"": ""biological_process"", ""evidence"": ""IMP""}, {""go_id"": ""GO:0045880"", ""term_name"": ""positive regulation of smoothened signaling pathway"", ""namespace"": ""biological_process"", ""evidence"": ""IMP""}, {""go_id"": ""GO:0043113"", ""term_name"": ""receptor clustering"", ""namespace"": ""biological_process"", ""evidence"": ""IMP""}, {""go_id"": ""GO:0060041"", ""term_name"": ""retina development in camera-type eye"", ""namespace"": ""biological_process"", ""evidence"": ""IMP""}, {""go_id"": ""GO:0031290"", ""term_name"": ""retinal ganglion cell axon guidance"", ""namespace"": ""biological_process"", ""evidence"": ""IMP""}, {""go_id"": ""GO:0048752"", ""term_name"": ""semicircular canal morphogenesis"", ""namespace"": ""biological_process"", ""evidence"": ""IMP""}, {""go_id"": ""GO:0048741"", ""term_name"": ""skeletal muscle fiber development"", ""namespace"": ""biological_process"", ""evidence"": ""IMP""}, {""go_id"": ""GO:0048745"", ""term_name"": ""smooth muscle tissue development"", ""namespace"": ""biological_process"", ""evidence"": ""IMP""}, {""go_id"": ""GO:0007224"", ""term_name"": ""smoothened signaling pathway"", ""namespace"": ""biological_process"", ""evidence"": ""IMP""}, {""go_id"": ""GO:0021523"", ""term_name"": ""somatic motor neuron differentiation"", ""namespace"": ""biological_process"", ""evidence"": ""IMP""}, {""go_id"": ""GO:0061053"", ""term_name"": ""somite development"", ""namespace"": ""biological_process"", ""evidence"": ""IMP""}, {""go_id"": ""GO:0021520"", ""term_name"": ""spinal cord motor neuron cell fate specification"", ""namespace"": ""biological_process"", ""evidence"": ""IMP""}, {""go_id"": ""GO:0021522"", ""term_name"": ""spinal cord motor neuron differentiation"", ""namespace"": ""biological_process"", ""evidence"": ""IMP""}, {""go_id"": ""GO:0055002"", ""term_name"": ""striated muscle cell development"", ""namespace"": ""biological_process"", ""evidence"": ""IMP""}, {""go_id"": ""GO:0048794"", ""term_name"": ""swim bladder development"", ""namespace"": ""biological_process"", ""evidence"": ""IMP""}, {""go_id"": ""GO:0048795"", ""term_name"": ""swim bladder morphogenesis"", ""namespace"": ""biological_process"", ""evidence"": ""IMP""}, {""go_id"": ""GO:0021537"", ""term_name"": ""telencephalon development"", ""namespace"": ""biological_process"", ""evidence"": ""IMP""}, {""go_id"": ""GO:0001570"", ""term_name"": ""vasculogenesis"", ""namespace"": ""biological_process"", ""evidence"": ""IMP""}]"
Q7ZSX3,PTF1A_DANRE,PTF1A,zebrafish,Danio rerio (Zebrafish) (Brachydanio rerio).,RecName: Full=Pancreas transcription factor 1 subunit alpha; AltName: Full=Pancreas-specific transcription factor 1a; AltName: Full=bHLH transcription factor p48;,Transcription factor implicated in the cell fate determination in various organs. Binds to the E-box consensus sequence 5'-CANNTG-3'. Required for exocrine pancreatic development. Plays a central role in directing the differentiation of retinal progenitors towards horizontal and amacrine fates. {ECO:0000269|PubMed:15183727}.,9,GO:0003700|DNA-binding transcription factor activity; GO:0043565|sequence-specific DNA binding,GO:0035881|amacrine cell differentiation; GO:0009887|animal organ morphogenesis; GO:0030154|cell differentiation; GO:0031017|exocrine pancreas development; GO:0048666|neuron development; GO:0031016|pancreas development; GO:0045893|positive regulation of DNA-templated transcription,,"[{""go_id"": ""GO:0003700"", ""term_name"": ""DNA-binding transcription factor activity"", ""namespace"": ""molecular_function"", ""evidence"": ""IGI""}, {""go_id"": ""GO:0043565"", ""term_name"": ""sequence-specific DNA binding"", ""namespace"": ""molecular_function"", ""evidence"": ""IPI""}, {""go_id"": ""GO:0035881"", ""term_name"": ""amacrine cell differentiation"", ""namespace"": ""biological_process"", ""evidence"": ""IMP""}, {""go_id"": ""GO:0009887"", ""term_name"": ""animal organ morphogenesis"", ""namespace"": ""biological_process"", ""evidence"": ""IMP""}, {""go_id"": ""GO:0030154"", ""term_name"": ""cell differentiation"", ""namespace"": ""biological_process"", ""evidence"": ""IMP""}, {""go_id"": ""GO:0031017"", ""term_name"": ""exocrine pancreas development"", ""namespace"": ""biological_process"", ""evidence"": ""IMP""}, {""go_id"": ""GO:0048666"", ""term_name"": ""neuron development"", ""namespace"": ""biological_process"", ""evidence"": ""IMP""}, {""go_id"": ""GO:0031016"", ""term_name"": ""pancreas development"", ""namespace"": ""biological_process"", ""evidence"": ""IMP""}, {""go_id"": ""GO:0045893"", ""term_name"": ""positive regulation of DNA-templated transcription"", ""namespace"": ""biological_process"", ""evidence"": ""IGI""}]"
Q9YGW7,DAZL_DANRE,DAZL,zebrafish,Danio rerio (Zebrafish) (Brachydanio rerio).,RecName: Full=Deleted in azoospermia-like; Short=DAZ-like protein; Short=zDazl;,"RNA-binding protein involved in gametogenesis in both males and females (PubMed:12296827). Acts by binding to the 3'-UTR of mRNA, specifically recognizing GUU triplets, and promoting the translation of key transcripts (PubMed:12296827). Establishes oocyte polarity through interaction with Bucky ball (BUC) (Probable). Interacts with Bucky ball (BUC) mRNA to mediate Balbiani body formation and oocyte polarity during early oogenesis (By similarity). {ECO:0000250|UniProtKB:Q92904, ECO:0000269|PubMed:12296827, ECO:0000305|PubMed:24496621}.",10,GO:0003730|mRNA 3'-UTR binding; GO:0003729|mRNA binding; GO:0003723|RNA binding; GO:0043565|sequence-specific DNA binding; GO:0008494|translation activator activity,GO:0070935|3'-UTR-mediated mRNA stabilization; GO:0048134|germ-line cyst formation; GO:0060965|negative regulation of miRNA-mediated gene silencing; GO:0010628|positive regulation of gene expression,GO:0005737|cytoplasm,"[{""go_id"": ""GO:0005737"", ""term_name"": ""cytoplasm"", ""namespace"": ""cellular_component"", ""evidence"": ""IDA""}, {""go_id"": ""GO:0003730"", ""term_name"": ""mRNA 3'-UTR binding"", ""namespace"": ""molecular_function"", ""evidence"": ""IDA""}, {""go_id"": ""GO:0003729"", ""term_name"": ""mRNA binding"", ""namespace"": ""molecular_function"", ""evidence"": ""IDA""}, {""go_id"": ""GO:0003723"", ""term_name"": ""RNA binding"", ""namespace"": ""molecular_function"", ""evidence"": ""IDA""}, {""go_id"": ""GO:0043565"", ""term_name"": ""sequence-specific DNA binding"", ""namespace"": ""molecular_function"", ""evidence"": ""IMP""}, {""go_id"": ""GO:0008494"", ""term_name"": ""translation activator activity"", ""namespace"": ""molecular_function"", ""evidence"": ""IDA""}, {""go_id"": ""GO:0070935"", ""term_name"": ""3'-UTR-mediated mRNA stabilization"", ""namespace"": ""biological_process"", ""evidence"": ""IDA""}, {""go_id"": ""GO:0048134"", ""term_name"": ""germ-line cyst formation"", ""namespace"": ""biological_process"", ""evidence"": ""IMP""}, {""go_id"": ""GO:0060965"", ""term_name"": ""negative regulation of miRNA-mediated gene silencing"", ""namespace"": ""biological_process"", ""evidence"": ""IDA""}, {""go_id"": ""GO:0010628"", ""term_name"": ""positive regulation of gene expression"", ""namespace"": ""biological_process"", ""evidence"": ""IDA""}]"
Q92051,CAHZ_DANRE,CAHZ,zebrafish,Danio rerio (Zebrafish) (Brachydanio rerio).,RecName: Full=Carbonic anhydrase; EC=4.2.1.1; AltName: Full=Carbonate dehydratase;,Reversible hydration of carbon dioxide.,3,GO:0004089|carbonate dehydratase activity,GO:0015670|carbon dioxide transport; GO:0042539|hypotonic salinity response,,"[{""go_id"": ""GO:0004089"", ""term_name"": ""carbonate dehydratase activity"", ""namespace"": ""molecular_function"", ""evidence"": ""IMP""}, {""go_id"": ""GO:0015670"", ""term_name"": ""carbon dioxide transport"", ""namespace"": ""biological_process"", ""evidence"": ""IMP""}, {""go_id"": ""GO:0042539"", ""term_name"": ""hypotonic salinity response"", ""namespace"": ""biological_process"", ""evidence"": ""IDA""}]"
P79724,HXADB_DANRE,HXADB,zebrafish,Danio rerio (Zebrafish) (Brachydanio rerio).,RecName: Full=Homeobox protein Hox-A13b; Short=Hox-A13;,Sequence-specific transcription factor which is part of a developmental regulatory system that provides cells with specific positional identities on the anterior-posterior axis. {ECO:0000250}.,3,"GO:0000981|DNA-binding transcription factor activity, RNA polymerase II-specific",GO:0033333|fin development; GO:0000122|negative regulation of transcription by RNA polymerase II,,"[{""go_id"": ""GO:0000981"", ""term_name"": ""DNA-binding transcription factor activity, RNA polymerase II-specific"", ""namespace"": ""molecular_function"", ""evidence"": ""IDA""}, {""go_id"": ""GO:0033333"", ""term_name"": ""fin development"", ""namespace"": ""biological_process"", ""evidence"": ""IMP""}, {""go_id"": ""GO:0000122"", ""term_name"": ""negative regulation of transcription by RNA polymerase II"", ""namespace"": ""biological_process"", ""evidence"": ""IDA""}]"
Q9PTF3,NDKC_DANRE,NDKC,zebrafish,Danio rerio (Zebrafish) (Brachydanio rerio).,RecName: Full=Nucleoside diphosphate kinase C {ECO:0000250|UniProtKB:Q13232}; Short=NDPK-C {ECO:0000250|UniProtKB:Q13232}; EC=2.7.4.6 {ECO:0000250|UniProtKB:Q13232}; AltName: Full=NM23 nucleoside diphosphate kinase 3; AltName: Full=Nucleoside diphosphate kinase 3 {ECO:0000250|UniProtKB:Q13232}; Short=NDK3 {ECO:0000250|UniProtKB:Q13232};,"Catalyzes the transfer of a gamma-phosphoryl group from a nucleoside triphosphate, mainly ATP, to a nucleoside diphosphate via a ping-pong mechanism involving a phosphohistidine intermediate, therefore contributing to the nucleoside triphosphate homeostasis. In vitro, can also use other phosphate donors such as UTP and GTP. Independently of its nucleoside diphosphate kinase activity, involved in mitochondrial membrane tethering, a prerequisite for fusion through direct membrane-binding and hexamerization. Involved in DNA repair of both single- and double-stranded breaks, independently of its nucleoside diphosphate kinase activity (By similarity). Required for ciliary function during renal development (PubMed:30111592). {ECO:0000250|UniProtKB:Q13232, ECO:0000269|PubMed:30111592}.",3,,GO:0007368|determination of left/right symmetry; GO:0001822|kidney development; GO:0106071|positive regulation of adenylate cyclase-activating G protein-coupled receptor signaling pathway,,"[{""go_id"": ""GO:0007368"", ""term_name"": ""determination of left/right symmetry"", ""namespace"": ""biological_process"", ""evidence"": ""IMP""}, {""go_id"": ""GO:0001822"", ""term_name"": ""kidney development"", ""namespace"": ""biological_process"", ""evidence"": ""IMP""}, {""go_id"": ""GO:0106071"", ""term_name"": ""positive regulation of adenylate cyclase-activating G protein-coupled receptor signaling pathway"", ""namespace"": ""biological_process"", ""evidence"": ""IMP""}]"
Q6NYV8,LCLT1_DANRE,LCLT1,zebrafish,Danio rerio (Zebrafish) (Brachydanio rerio).,RecName: Full=Lysocardiolipin acyltransferase 1; EC=2.3.1.- {ECO:0000250|UniProtKB:Q3UN02}; AltName: Full=1-acylglycerol-3-phosphate O-acyltransferase 8 {ECO:0000250|UniProtKB:Q6UWP7}; Short=1-AGP acyltransferase 8; Short=1-AGPAT 8; EC=2.3.1.51 {ECO:0000250|UniProtKB:Q6UWP7}; AltName: Full=Acyl-CoA:lysocardiolipin acyltransferase 1 {ECO:0000250|UniProtKB:Q3UN02};,"Exhibits acyl-CoA:lysocardiolipin acyltransferase (ALCAT) activity; catalyzes the reacylation of lyso-cardiolipin to cardiolipin (CL), a key step in CL remodeling (By similarity). Recognizes both monolysocardiolipin and dilysocardiolipin as substrates with a preference for linoleoyl-CoA and oleoyl-CoA as acyl donors (By similarity). Also exhibits 1-acyl-sn-glycerol-3-phosphate acyltransferase activity (AGPAT) activity; converts 1-acyl-sn-glycerol- 3- phosphate (lysophosphatidic acid or LPA) into 1,2-diacyl-sn- glycerol-3- phosphate (phosphatidic acid or PA) by incorporating an acyl moiety at the sn-2 position of the glycerol backbone (By similarity). Possesses both lysophosphatidylinositol acyltransferase (LPIAT) and lysophosphatidylglycerol acyltransferase (LPGAT) activities (By similarity). Required for establishment of the hematopoietic and endothelial lineages (PubMed:18388326). {ECO:0000250|UniProtKB:Q3UN02, ECO:0000250|UniProtKB:Q6UWP7, ECO:0000269|PubMed:18388326}.",3,,GO:0035162|embryonic hemopoiesis; GO:0001885|endothelial cell development; GO:0060217|hemangioblast cell differentiation,,"[{""go_id"": ""GO:0035162"", ""term_name"": ""embryonic hemopoiesis"", ""namespace"": ""biological_process"", ""evidence"": ""IDA""}, {""go_id"": ""GO:0001885"", ""term_name"": ""endothelial cell development"", ""namespace"": ""biological_process"", ""evidence"": ""IMP""}, {""go_id"": ""GO:0060217"", ""term_name"": ""hemangioblast cell differentiation"", ""namespace"": ""biological_process"", ""evidence"": ""IMP""}]"
Q98864,PTC1_DANRE,PTC1,zebrafish,Danio rerio (Zebrafish) (Brachydanio rerio).,RecName: Full=Protein patched homolog 1; Short=PTC1; Short=Patched 1;,"Acts as a receptor for sonic hedgehog (SHH), indian hedgehog (IHH) and desert hedgehog (DHH). Associates with the smoothened protein (SMO) to transduce the hedgehog's proteins signal (By similarity). {ECO:0000250}.",8,,GO:0043010|camera-type eye development; GO:0010002|cardioblast differentiation; GO:0061386|closure of optic fissure; GO:0048635|negative regulation of muscle organ development; GO:0045879|negative regulation of smoothened signaling pathway; GO:0001649|osteoblast differentiation; GO:0009954|proximal/distal pattern formation; GO:0031290|retinal ganglion cell axon guidance,,"[{""go_id"": ""GO:0043010"", ""term_name"": ""camera-type eye development"", ""namespace"": ""biological_process"", ""evidence"": ""IMP""}, {""go_id"": ""GO:0010002"", ""term_name"": ""cardioblast differentiation"", ""namespace"": ""biological_process"", ""evidence"": ""IGI""}, {""go_id"": ""GO:0061386"", ""term_name"": ""closure of optic fissure"", ""namespace"": ""biological_process"", ""evidence"": ""IMP""}, {""go_id"": ""GO:0048635"", ""term_name"": ""negative regulation of muscle organ development"", ""namespace"": ""biological_process"", ""evidence"": ""IGI""}, {""go_id"": ""GO:0045879"", ""term_name"": ""negative regulation of smoothened signaling pathway"", ""namespace"": ""biological_process"", ""evidence"": ""IMP""}, {""go_id"": ""GO:0001649"", ""term_name"": ""osteoblast differentiation"", ""namespace"": ""biological_process"", ""evidence"": ""IMP""}, {""go_id"": ""GO:0009954"", ""term_name"": ""proximal/distal pattern formation"", ""namespace"": ""biological_process"", ""evidence"": ""IMP""}, {""go_id"": ""GO:0031290"", ""term_name"": ""retinal ganglion cell axon guidance"", ""namespace"": ""biological_process"", ""evidence"": ""IMP""}]"
Q90Z08,U119B_DANRE,U119B,zebrafish,Danio rerio (Zebrafish) (Brachydanio rerio).,RecName: Full=Protein unc-119 homolog B; AltName: Full=Protein unc-119 homolog 1;,Myristoyl-binding protein that acts as a cargo adapter: specifically binds the myristoyl moiety of a subset of N-terminally myristoylated proteins and is required for their localization. Plays a key role in localization of proteins to the primary cilium membrane. {ECO:0000269|PubMed:22085962}.,3,,GO:0060271|cilium assembly; GO:0070121|Kupffer's vesicle development; GO:0007399|nervous system development,,"[{""go_id"": ""GO:0060271"", ""term_name"": ""cilium assembly"", ""namespace"": ""biological_process"", ""evidence"": ""IMP""}, {""go_id"": ""GO:0070121"", ""term_name"": ""Kupffer's vesicle development"", ""namespace"": ""biological_process"", ""evidence"": ""IMP""}, {""go_id"": ""GO:0007399"", ""term_name"": ""nervous system development"", ""namespace"": ""biological_process"", ""evidence"": ""IMP""}]"
F1RBC8,ABCD1_DANRE,ABCD1,zebrafish,Danio rerio (Zebrafish) (Brachydanio rerio).,RecName: Full=ATP-binding cassette sub-family D member 1 {ECO:0000305}; EC=3.1.2.- {ECO:0000250|UniProtKB:P33897}; EC=7.6.2.- {ECO:0000250|UniProtKB:P33897}; AltName: Full=Adrenoleukodystrophy protein {ECO:0000250|UniProtKB:P33897}; Short=ALDP {ECO:0000250|UniProtKB:P33897};,"ATP-dependent transporter of the ATP-binding cassette (ABC) family involved in the transport of very long chain fatty acid (VLCFA)- CoA from the cytosol to the peroxisome lumen. Coupled to the ATP- dependent transporter activity also has a fatty acyl-CoA thioesterase activity (ACOT) and hydrolyzes VLCFA-CoA into VLCFA prior their ATP- dependent transport into peroxisomes, the ACOT activity is essential during this transport process. Thus, plays a role in regulation of VLCFAs and energy metabolism namely, in the degradation and biosynthesis of fatty acids by beta-oxidation, mitochondrial function and microsomal fatty acid elongation (By similarity). Involved in oligodendrocyte patterning and myelination (PubMed:28911205). {ECO:0000250|UniProtKB:P33897, ECO:0000269|PubMed:28911205}.",7,,GO:0030325|adrenal gland development; GO:0030301|cholesterol transport; GO:0061744|motor behavior; GO:0014003|oligodendrocyte development; GO:0031643|positive regulation of myelination; GO:0036269|swimming behavior; GO:0000038|very long-chain fatty acid metabolic process,,"[{""go_id"": ""GO:0030325"", ""term_name"": ""adrenal gland development"", ""namespace"": ""biological_process"", ""evidence"": ""IMP""}, {""go_id"": ""GO:0030301"", ""term_name"": ""cholesterol transport"", ""namespace"": ""biological_process"", ""evidence"": ""IMP""}, {""go_id"": ""GO:0061744"", ""term_name"": ""motor behavior"", ""namespace"": ""biological_process"", ""evidence"": ""IMP""}, {""go_id"": ""GO:0014003"", ""term_name"": ""oligodendrocyte development"", ""namespace"": ""biological_process"", ""evidence"": ""IMP""}, {""go_id"": ""GO:0031643"", ""term_name"": ""positive regulation of myelination"", ""namespace"": ""biological_process"", ""evidence"": ""IMP""}, {""go_id"": ""GO:0036269"", ""term_name"": ""swimming behavior"", ""namespace"": ""biological_process"", ""evidence"": ""IMP""}, {""go_id"": ""GO:0000038"", ""term_name"": ""very long-chain fatty acid metabolic process"", ""namespace"": ""biological_process"", ""evidence"": ""IMP""}]"
Q7T2G1,I2B2B_DANRE,I2B2B,zebrafish,Danio rerio (Zebrafish) (Brachydanio rerio).,RecName: Full=Interferon regulatory factor 2-binding protein 2-B; Short=IRF-2-binding protein 2-B; Short=IRF-2BP2-B;,Acts as a transcriptional repressor. {ECO:0000250}.,3,"GO:0001227|DNA-binding transcription repressor activity, RNA polymerase II-specific; GO:0000978|RNA polymerase II cis-regulatory region sequence-specific DNA binding",GO:0045650|negative regulation of macrophage differentiation,,"[{""go_id"": ""GO:0001227"", ""term_name"": ""DNA-binding transcription repressor activity, RNA polymerase II-specific"", ""namespace"": ""molecular_function"", ""evidence"": ""IDA""}, {""go_id"": ""GO:0000978"", ""term_name"": ""RNA polymerase II cis-regulatory region sequence-specific DNA binding"", ""namespace"": ""molecular_function"", ""evidence"": ""IDA""}, {""go_id"": ""GO:0045650"", ""term_name"": ""negative regulation of macrophage differentiation"", ""namespace"": ""biological_process"", ""evidence"": ""IMP""}]"
O73727,INS_DANRE,INS,zebrafish,Danio rerio (Zebrafish) (Brachydanio rerio).,RecName: Full=Insulin; Contains: RecName: Full=Insulin B chain; Contains: RecName: Full=Insulin A chain; Flags: Precursor;,"Insulin decreases blood glucose concentration. It increases cell permeability to monosaccharides, amino acids and fatty acids. It accelerates glycolysis, the pentose phosphate cycle, and glycogen synthesis in liver.",5,,GO:2000252|negative regulation of feeding behavior; GO:2000228|positive regulation of pancreatic A cell differentiation; GO:0009749|response to glucose; GO:0031667|response to nutrient levels; GO:0003309|type B pancreatic cell differentiation,,"[{""go_id"": ""GO:2000252"", ""term_name"": ""negative regulation of feeding behavior"", ""namespace"": ""biological_process"", ""evidence"": ""IMP""}, {""go_id"": ""GO:2000228"", ""term_name"": ""positive regulation of pancreatic A cell differentiation"", ""namespace"": ""biological_process"", ""evidence"": ""IMP""}, {""go_id"": ""GO:0009749"", ""term_name"": ""response to glucose"", ""namespace"": ""biological_process"", ""evidence"": ""IDA""}, {""go_id"": ""GO:0031667"", ""term_name"": ""response to nutrient levels"", ""namespace"": ""biological_process"", ""evidence"": ""IDA""}, {""go_id"": ""GO:0003309"", ""term_name"": ""type B pancreatic cell differentiation"", ""namespace"": ""biological_process"", ""evidence"": ""IMP""}]"
A0A1D5NS60,ZN16L_DANRE,ZN16L,zebrafish,Danio rerio (Zebrafish) (Brachydanio rerio).,RecName: Full=Zinc finger protein 16-like {ECO:0000303|PubMed:26459222}; AltName: Full=Zinc finger protein 697-like {ECO:0000303|PubMed:26459222};,"Probable transcription factor (Probable). Important for development and migration of oligodendrocyte precursor cells, and normal myelination of axons in the central nervous system (CNS) (PubMed:26459222). Functions autonomously in oligodendrocytes to promote CNS myelination (PubMed:26459222). Seems to act in parallel with notch3 during oligodendrocyte development (PubMed:26459222). {ECO:0000269|PubMed:26459222, ECO:0000305}.",3,,GO:0022010|central nervous system myelination; GO:0031643|positive regulation of myelination; GO:0048714|positive regulation of oligodendrocyte differentiation,,"[{""go_id"": ""GO:0022010"", ""term_name"": ""central nervous system myelination"", ""namespace"": ""biological_process"", ""evidence"": ""IMP""}, {""go_id"": ""GO:0031643"", ""term_name"": ""positive regulation of myelination"", ""namespace"": ""biological_process"", ""evidence"": ""IMP""}, {""go_id"": ""GO:0048714"", ""term_name"": ""positive regulation of oligodendrocyte differentiation"", ""namespace"": ""biological_process"", ""evidence"": ""IMP""}]"
Q9W686,SE3AB_DANRE,SE3AB,zebrafish,Danio rerio (Zebrafish) (Brachydanio rerio).,RecName: Full=Semaphorin-3ab; AltName: Full=Semaphorin-1B; AltName: Full=Semaphorin-Z1B; Short=Sema Z1B; Flags: Precursor;,Might normally influence the midsegmental pathway choice of the ventrally extending motor axons by contributing to a repulsive domain in the posterior somite.,4,,GO:0001569|branching involved in blood vessel morphogenesis; GO:0048755|branching morphogenesis of a nerve; GO:0001763|morphogenesis of a branching structure; GO:0008045|motor neuron axon guidance,,"[{""go_id"": ""GO:0001569"", ""term_name"": ""branching involved in blood vessel morphogenesis"", ""namespace"": ""biological_process"", ""evidence"": ""IMP""}, {""go_id"": ""GO:0048755"", ""term_name"": ""branching morphogenesis of a nerve"", ""namespace"": ""biological_process"", ""evidence"": ""IGI""}, {""go_id"": ""GO:0001763"", ""term_name"": ""morphogenesis of a branching structure"", ""namespace"": ""biological_process"", ""evidence"": ""IMP""}, {""go_id"": ""GO:0008045"", ""term_name"": ""motor neuron axon guidance"", ""namespace"": ""biological_process"", ""evidence"": ""IGI""}]"
Q7ZVS3,PLK4_DANRE,PLK4,zebrafish,Danio rerio (Zebrafish) (Brachydanio rerio).,RecName: Full=Serine/threonine-protein kinase PLK4 {ECO:0000250|UniProtKB:O00444}; EC=2.7.11.21 {ECO:0000250|UniProtKB:O00444}; AltName: Full=Polo-like kinase 4; Short=PLK-4; AltName: Full=Serine/threonine-protein kinase Sak;,"Serine/threonine-protein kinase that plays a central role in centriole duplication. Able to trigger procentriole formation on the surface of the parental centriole cylinder, leading to the recruitment of centriole biogenesis proteins such as sass6, cpap, ccp110, cep135 and gamma-tubulin. When overexpressed, it is able to induce centrosome amplification through the simultaneous generation of multiple procentrioles adjoining each parental centriole during S phase. Its central role in centriole replication suggests a possible role in tumorigenesis, centrosome aberrations being frequently observed in tumors. Also involved in deuterosome-mediated centriole amplification in multiciliated that can generate more than 100 centrioles (By similarity). {ECO:0000250|UniProtKB:O00444}.",3,,GO:0098534|centriole assembly; GO:0060271|cilium assembly; GO:0048589|developmental growth,,"[{""go_id"": ""GO:0098534"", ""term_name"": ""centriole assembly"", ""namespace"": ""biological_process"", ""evidence"": ""IMP""}, {""go_id"": ""GO:0060271"", ""term_name"": ""cilium assembly"", ""namespace"": ""biological_process"", ""evidence"": ""IMP""}, {""go_id"": ""GO:0048589"", ""term_name"": ""developmental growth"", ""namespace"": ""biological_process"", ""evidence"": ""IMP""}]"
Q6R5J2,DISP1_DANRE,DISP1,zebrafish,Danio rerio (Zebrafish) (Brachydanio rerio).,RecName: Full=Protein dispatched homolog 1; AltName: Full=Protein chameleon;,"Functions in hedgehog (Hh) signaling. Regulates the release and extracellular accumulation of cholesterol-modified hedgehog proteins and is hence required for effective production of the Hh signal (PubMed:15110707). Synergizes with SCUBE2 to cause an increase in SHH secretion (By similarity). {ECO:0000250|UniProtKB:Q3TDN0, ECO:0000269|PubMed:15110707}.",10,,GO:0021984|adenohypophysis development; GO:0009887|animal organ morphogenesis; GO:0009952|anterior/posterior pattern specification; GO:0008015|blood circulation; GO:0048701|embryonic cranial skeleton morphogenesis; GO:0048839|inner ear development; GO:0042694|muscle cell fate specification; GO:0031290|retinal ganglion cell axon guidance; GO:0007519|skeletal muscle tissue development; GO:0007224|smoothened signaling pathway,,"[{""go_id"": ""GO:0021984"", ""term_name"": ""adenohypophysis development"", ""namespace"": ""biological_process"", ""evidence"": ""IMP""}, {""go_id"": ""GO:0009887"", ""term_name"": ""animal organ morphogenesis"", ""namespace"": ""biological_process"", ""evidence"": ""IMP""}, {""go_id"": ""GO:0009952"", ""term_name"": ""anterior/posterior pattern specification"", ""namespace"": ""biological_process"", ""evidence"": ""IMP""}, {""go_id"": ""GO:0008015"", ""term_name"": ""blood circulation"", ""namespace"": ""biological_process"", ""evidence"": ""IMP""}, {""go_id"": ""GO:0048701"", ""term_name"": ""embryonic cranial skeleton morphogenesis"", ""namespace"": ""biological_process"", ""evidence"": ""IMP""}, {""go_id"": ""GO:0048839"", ""term_name"": ""inner ear development"", ""namespace"": ""biological_process"", ""evidence"": ""IMP""}, {""go_id"": ""GO:0042694"", ""term_name"": ""muscle cell fate specification"", ""namespace"": ""biological_process"", ""evidence"": ""IMP""}, {""go_id"": ""GO:0031290"", ""term_name"": ""retinal ganglion cell axon guidance"", ""namespace"": ""biological_process"", ""evidence"": ""IMP""}, {""go_id"": ""GO:0007519"", ""term_name"": ""skeletal muscle tissue development"", ""namespace"": ""biological_process"", ""evidence"": ""IMP""}, {""go_id"": ""GO:0007224"", ""term_name"": ""smoothened signaling pathway"", ""namespace"": ""biological_process"", ""evidence"": ""IMP""}]"
Q1L9A2,OPA3_DANRE,OPA3,zebrafish,Danio rerio (Zebrafish) (Brachydanio rerio).,RecName: Full=Optic atrophy 3 protein homolog;,May play some role in mitochondrial processes. {ECO:0000250}.,4,,GO:0007626|locomotory behavior; GO:0050881|musculoskeletal movement; GO:0031413|regulation of buoyancy,GO:0005739|mitochondrion,"[{""go_id"": ""GO:0005739"", ""term_name"": ""mitochondrion"", ""namespace"": ""cellular_component"", ""evidence"": ""IDA""}, {""go_id"": ""GO:0007626"", ""term_name"": ""locomotory behavior"", ""namespace"": ""biological_process"", ""evidence"": ""IMP""}, {""go_id"": ""GO:0050881"", ""term_name"": ""musculoskeletal movement"", ""namespace"": ""biological_process"", ""evidence"": ""IMP""}, {""go_id"": ""GO:0031413"", ""term_name"": ""regulation of buoyancy"", ""namespace"": ""biological_process"", ""evidence"": ""IMP""}]"
F1QLY4,RORAA_DANRE,RORAA,zebrafish,Danio rerio (Zebrafish) (Brachydanio rerio).,RecName: Full=Nuclear receptor ROR-alpha A; AltName: Full=Retinoid-related orphan receptor alpha 2 {ECO:0000303|PubMed:17685489}; AltName: Full=Retinoid-related orphan receptor-alpha A;,"Nuclear receptor that binds DNA as a monomer to ROR response elements (RORE) (By similarity). Required for proper cerebellum development (PubMed:29656859). {ECO:0000250|UniProtKB:P35398, ECO:0000269|PubMed:29656859}.",3,,GO:0021587|cerebellum morphogenesis; GO:0010628|positive regulation of gene expression; GO:0010468|regulation of gene expression,,"[{""go_id"": ""GO:0021587"", ""term_name"": ""cerebellum morphogenesis"", ""namespace"": ""biological_process"", ""evidence"": ""IMP""}, {""go_id"": ""GO:0010628"", ""term_name"": ""positive regulation of gene expression"", ""namespace"": ""biological_process"", ""evidence"": ""IDA""}, {""go_id"": ""GO:0010468"", ""term_name"": ""regulation of gene expression"", ""namespace"": ""biological_process"", ""evidence"": ""IGI""}]"
Q8UVX0,PIWL1_DANRE,PIWL1,zebrafish,Danio rerio (Zebrafish) (Brachydanio rerio).,RecName: Full=Piwi-like protein 1; EC=3.1.26.- {ECO:0000250|UniProtKB:Q9JMB7};,"Plays a central role during gametogenesis by repressing transposable elements and preventing their mobilization, which is essential for the germline integrity (PubMed:14516689, PubMed:17418787, PubMed:18833190). Acts via the piRNA metabolic process, which mediates the repression of transposable elements during meiosis by forming complexes composed of piRNAs and Piwi proteins and governs the methylation and subsequent repression of transposons (PubMed:14516689, PubMed:17418787, PubMed:18833190). Directly binds methylated piRNAs, a class of 24 to 30 nucleotide RNAs that are generated by a Dicer- independent mechanism and are primarily derived from transposons and other repeated sequence elements (PubMed:14516689, PubMed:17418787, PubMed:18833190). Has a strong preference for piRNAs with a uridine nucleotide at their 5'-end (g1U preference, also named 1U-bias) and binds piRNAs in an opposite direction compared to piwil2/zili (PubMed:14516689, PubMed:17418787, PubMed:18833190). Participates in a piRNA amplification loop with piwil2/zili (PubMed:14516689, PubMed:17418787, PubMed:18833190). Not involved in the piRNA amplification loop, also named ping-pong amplification cycle. Acts as an endoribonuclease that cleaves transposon messenger RNAs (By similarity). {ECO:0000250|UniProtKB:Q9JMB7, ECO:0000269|PubMed:14516689, ECO:0000269|PubMed:17418787, ECO:0000269|PubMed:18833190}.",8,GO:0034584|piRNA binding,GO:0009653|anatomical structure morphogenesis; GO:0007276|gamete generation; GO:0007281|germ cell development; GO:0034587|piRNA processing; GO:0031047|regulatory ncRNA-mediated gene silencing,GO:0005737|cytoplasm; GO:0043186|P granule,"[{""go_id"": ""GO:0005737"", ""term_name"": ""cytoplasm"", ""namespace"": ""cellular_component"", ""evidence"": ""IDA""}, {""go_id"": ""GO:0043186"", ""term_name"": ""P granule"", ""namespace"": ""cellular_component"", ""evidence"": ""IDA""}, {""go_id"": ""GO:0034584"", ""term_name"": ""piRNA binding"", ""namespace"": ""molecular_function"", ""evidence"": ""IDA""}, {""go_id"": ""GO:0009653"", ""term_name"": ""anatomical structure morphogenesis"", ""namespace"": ""biological_process"", ""evidence"": ""IDA""}, {""go_id"": ""GO:0007276"", ""term_name"": ""gamete generation"", ""namespace"": ""biological_process"", ""evidence"": ""IMP""}, {""go_id"": ""GO:0007281"", ""term_name"": ""germ cell development"", ""namespace"": ""biological_process"", ""evidence"": ""IDA""}, {""go_id"": ""GO:0034587"", ""term_name"": ""piRNA processing"", ""namespace"": ""biological_process"", ""evidence"": ""IDA""}, {""go_id"": ""GO:0031047"", ""term_name"": ""regulatory ncRNA-mediated gene silencing"", ""namespace"": ""biological_process"", ""evidence"": ""IMP""}]"
Q803D2,LIS1B_DANRE,LIS1B,zebrafish,Danio rerio (Zebrafish) (Brachydanio rerio).,RecName: Full=Lissencephaly-1 homolog B {ECO:0000255|HAMAP-Rule:MF_03141}; AltName: Full=Platelet-activating factor acetylhydrolase IB subunit alpha b {ECO:0000255|HAMAP-Rule:MF_03141};,"Regulatory subunit (beta subunit) of the cytosolic type I platelet-activating factor (PAF) acetylhydrolase (PAF-AH (I)), an enzyme that catalyzes the hydrolyze of the acetyl group at the sn-2 position of PAF and its analogs and participates in the PAF inactivation. Regulates the PAF-AH (I) activity in a catalytic dimer composition-dependent manner (By similarity). Positively regulates the activity of the minus-end directed microtubule motor protein dynein. May enhance dynein-mediated microtubule sliding by targeting dynein to the microtubule plus end. Required for several dynein- and microtubule- dependent processes such as the maintenance of Golgi integrity, the peripheral transport of microtubule fragments and the coupling of the nucleus and centrosome. May be required for proliferation of neuronal precursors and neuronal migration (By similarity). Involved in the positioning of nuclei in photoreceptor cells. {ECO:0000250|UniProtKB:P43033, ECO:0000255|HAMAP-Rule:MF_03141, ECO:0000269|PubMed:17785424}.",5,,GO:0045176|apical protein localization; GO:0048854|brain morphogenesis; GO:0007097|nuclear migration; GO:0045494|photoreceptor cell maintenance,GO:0005737|cytoplasm,"[{""go_id"": ""GO:0005737"", ""term_name"": ""cytoplasm"", ""namespace"": ""cellular_component"", ""evidence"": ""IDA""}, {""go_id"": ""GO:0045176"", ""term_name"": ""apical protein localization"", ""namespace"": ""biological_process"", ""evidence"": ""IMP""}, {""go_id"": ""GO:0048854"", ""term_name"": ""brain morphogenesis"", ""namespace"": ""biological_process"", ""evidence"": ""IMP""}, {""go_id"": ""GO:0007097"", ""term_name"": ""nuclear migration"", ""namespace"": ""biological_process"", ""evidence"": ""IMP""}, {""go_id"": ""GO:0045494"", ""term_name"": ""photoreceptor cell maintenance"", ""namespace"": ""biological_process"", ""evidence"": ""IMP""}]"
F1REV3,KRIT1_DANRE,KRIT1,zebrafish,Danio rerio (Zebrafish) (Brachydanio rerio).,RecName: Full=Krev interaction trapped protein 1; Short=Krev interaction trapped 1; AltName: Full=Cerebral cavernous malformations 1 protein homolog; AltName: Full=Santa;,"Component of the CCM signaling pathway which is a crucial regulator of heart and vessel formation and integrity. Negative regulator of angiogenesis. Inhibits endothelial proliferation, apoptosis, migration, lumen formation and sprouting angiogenesis in primary endothelial cells. Plays a role in integrin signaling. Plays an important role in the maintenance of the intracellular reactive oxygen species (ROS) homeostasis to prevent oxidative cellular damage. Facilitates the down-regulation of cyclin-D1 (CCND1) levels required for cell transition from proliferative growth to quiescence by preventing the accumulation of intracellular ROS. Probable microtubule- associated protein that may bind to phosphatidylinositol 4,5- bisphosphate (PIP2)-containing membranes (By similarity). Required for correct endothelial cell polarity and cell junction stabilization in cardiovascular development. May play a role in the regulation of macroautophagy through the down-regulation of the mTOR pathway (By similarity). {ECO:0000250, ECO:0000250|UniProtKB:O00522, ECO:0000269|PubMed:21633110, ECO:0000269|PubMed:23007647}.",14,,GO:0001525|angiogenesis; GO:0009948|anterior/posterior axis specification; GO:0003181|atrioventricular valve morphogenesis; GO:0001568|blood vessel development; GO:0072554|blood vessel lumenization; GO:0048514|blood vessel morphogenesis; GO:0060958|endocardial cell development; GO:0001886|endothelial cell morphogenesis; GO:0060047|heart contraction; GO:0007507|heart development; GO:0003007|heart morphogenesis; GO:0045602|negative regulation of endothelial cell differentiation; GO:0007033|vacuole organization; GO:0001570|vasculogenesis,,"[{""go_id"": ""GO:0001525"", ""term_name"": ""angiogenesis"", ""namespace"": ""biological_process"", ""evidence"": ""IMP""}, {""go_id"": ""GO:0009948"", ""term_name"": ""anterior/posterior axis specification"", ""namespace"": ""biological_process"", ""evidence"": ""IGI""}, {""go_id"": ""GO:0003181"", ""term_name"": ""atrioventricular valve morphogenesis"", ""namespace"": ""biological_process"", ""evidence"": ""IMP""}, {""go_id"": ""GO:0001568"", ""term_name"": ""blood vessel development"", ""namespace"": ""biological_process"", ""evidence"": ""IMP""}, {""go_id"": ""GO:0072554"", ""term_name"": ""blood vessel lumenization"", ""namespace"": ""biological_process"", ""evidence"": ""IMP""}, {""go_id"": ""GO:0048514"", ""term_name"": ""blood vessel morphogenesis"", ""namespace"": ""biological_process"", ""evidence"": ""IMP""}, {""go_id"": ""GO:0060958"", ""term_name"": ""endocardial cell development"", ""namespace"": ""biological_process"", ""evidence"": ""IMP""}, {""go_id"": ""GO:0001886"", ""term_name"": ""endothelial cell morphogenesis"", ""namespace"": ""biological_process"", ""evidence"": ""IMP""}, {""go_id"": ""GO:0060047"", ""term_name"": ""heart contraction"", ""namespace"": ""biological_process"", ""evidence"": ""IGI""}, {""go_id"": ""GO:0007507"", ""term_name"": ""heart development"", ""namespace"": ""biological_process"", ""evidence"": ""IMP""}, {""go_id"": ""GO:0003007"", ""term_name"": ""heart morphogenesis"", ""namespace"": ""biological_process"", ""evidence"": ""IMP""}, {""go_id"": ""GO:0045602"", ""term_name"": ""negative regulation of endothelial cell differentiation"", ""namespace"": ""biological_process"", ""evidence"": ""IMP""}, {""go_id"": ""GO:0007033"", ""term_name"": ""vacuole organization"", ""namespace"": ""biological_process"", ""evidence"": ""IMP""}, {""go_id"": ""GO:0001570"", ""term_name"": ""vasculogenesis"", ""namespace"": ""biological_process"", ""evidence"": ""IMP""}]"
Q6IWL4,TRAF6_DANRE,TRAF6,zebrafish,Danio rerio (Zebrafish) (Brachydanio rerio).,RecName: Full=TNF receptor-associated factor 6; EC=2.3.2.27; AltName: Full=E3 ubiquitin-protein ligase TRAF6; AltName: Full=RING-type E3 ubiquitin transferase TRAF6 {ECO:0000305};,"E3 ubiquitin ligase that, together with UBE2N and UBE2V1, mediates the synthesis of 'Lys-63'-linked-polyubiquitin chains conjugated to proteins, such as IKBKG, IRAK1, AKT1 and AKT2. Also mediates ubiquitination of free/unanchored polyubiquitin chain that leads to MAP3K7 activation. {ECO:0000250|UniProtKB:Q9Y4K3}.",4,,GO:0045087|innate immune response; GO:0045893|positive regulation of DNA-templated transcription; GO:0009617|response to bacterium; GO:0009615|response to virus,,"[{""go_id"": ""GO:0045087"", ""term_name"": ""innate immune response"", ""namespace"": ""biological_process"", ""evidence"": ""IMP""}, {""go_id"": ""GO:0045893"", ""term_name"": ""positive regulation of DNA-templated transcription"", ""namespace"": ""biological_process"", ""evidence"": ""IDA""}, {""go_id"": ""GO:0009617"", ""term_name"": ""response to bacterium"", ""namespace"": ""biological_process"", ""evidence"": ""IDA""}, {""go_id"": ""GO:0009615"", ""term_name"": ""response to virus"", ""namespace"": ""biological_process"", ""evidence"": ""IDA""}]"
Q5RH95,RSAD2_DANRE,RSAD2,zebrafish,Danio rerio (Zebrafish) (Brachydanio rerio).,"RecName: Full=S-adenosylmethionine-dependent nucleotide dehydratase RSAD2 {ECO:0000303|PubMed:36387278}; Short=SAND {ECO:0000303|PubMed:36387278}; AltName: Full=Radical S-adenosyl methionine domain-containing protein 2; AltName: Full=Virus inhibitory protein, endoplasmic reticulum-associated, interferon-inducible; Short=Viperin;",Interferon-inducible iron-sulfur (4FE-4S) cluster-binding antiviral protein which plays a major role in the cell antiviral state induced by type I and type II interferon. {ECO:0000250}.,3,,GO:0051607|defense response to virus; GO:0090594|inflammatory response to wounding; GO:0009615|response to virus,,"[{""go_id"": ""GO:0051607"", ""term_name"": ""defense response to virus"", ""namespace"": ""biological_process"", ""evidence"": ""IMP""}, {""go_id"": ""GO:0090594"", ""term_name"": ""inflammatory response to wounding"", ""namespace"": ""biological_process"", ""evidence"": ""IMP""}, {""go_id"": ""GO:0009615"", ""term_name"": ""response to virus"", ""namespace"": ""biological_process"", ""evidence"": ""IDA""}]"
F8W4H9,MRP2A_DANRE,MRP2A,zebrafish,Danio rerio (Zebrafish) (Brachydanio rerio).,RecName: Full=Melanocortin-2 receptor accessory protein 2A; Short=zMRAP2a;,"Inhibitor of melanocortin receptor 4 (mc4r), a receptor involved in energy homeostasis. Plays a role during larval development in the control of energy homeostasis and body weight regulation by decreasing ligand-sensitivity of mc4r and mc4r-mediated generation of cAMP, leading to stimulate growth during larval development. Acts by stabilizing an inactive conformation of mc4r during embryonic development, when all the energy consumed is obtained from the yolk sac, possibly to speed the rapid maturation to the mobile free-feeding juvenile stage reached at 5 dpf. {ECO:0000269|PubMed:23869017}.",10,GO:0031782|type 4 melanocortin receptor binding,GO:0048589|developmental growth; GO:0097009|energy homeostasis; GO:0006112|energy reserve metabolic process; GO:0106072|negative regulation of adenylate cyclase-activating G protein-coupled receptor signaling pathway; GO:0034394|protein localization to cell surface; GO:0040008|regulation of growth,GO:0005783|endoplasmic reticulum; GO:0005794|Golgi apparatus; GO:0005886|plasma membrane,"[{""go_id"": ""GO:0005783"", ""term_name"": ""endoplasmic reticulum"", ""namespace"": ""cellular_component"", ""evidence"": ""IDA""}, {""go_id"": ""GO:0005794"", ""term_name"": ""Golgi apparatus"", ""namespace"": ""cellular_component"", ""evidence"": ""IDA""}, {""go_id"": ""GO:0005886"", ""term_name"": ""plasma membrane"", ""namespace"": ""cellular_component"", ""evidence"": ""IDA""}, {""go_id"": ""GO:0031782"", ""term_name"": ""type 4 melanocortin receptor binding"", ""namespace"": ""molecular_function"", ""evidence"": ""IDA""}, {""go_id"": ""GO:0048589"", ""term_name"": ""developmental growth"", ""namespace"": ""biological_process"", ""evidence"": ""IMP""}, {""go_id"": ""GO:0097009"", ""term_name"": ""energy homeostasis"", ""namespace"": ""biological_process"", ""evidence"": ""IMP""}, {""go_id"": ""GO:0006112"", ""term_name"": ""energy reserve metabolic process"", ""namespace"": ""biological_process"", ""evidence"": ""IMP""}, {""go_id"": ""GO:0106072"", ""term_name"": ""negative regulation of adenylate cyclase-activating G protein-coupled receptor signaling pathway"", ""namespace"": ""biological_process"", ""evidence"": ""IMP""}, {""go_id"": ""GO:0034394"", ""term_name"": ""protein localization to cell surface"", ""namespace"": ""biological_process"", ""evidence"": ""IDA""}, {""go_id"": ""GO:0040008"", ""term_name"": ""regulation of growth"", ""namespace"": ""biological_process"", ""evidence"": ""IGI""}]"
Q5SPC5,OTOF_DANRE,OTOF,zebrafish,Danio rerio (Zebrafish) (Brachydanio rerio).,RecName: Full=Otoferlin; AltName: Full=Fer-1-like protein 2;,Key calcium ion sensor involved in the Ca(2+)-triggered synaptic vesicle-plasma membrane fusion and in the control of neurotransmitter release at these output synapses. {ECO:0000250|UniProtKB:Q9ESF1}.,5,,GO:0050885|neuromuscular process controlling balance; GO:0010996|response to auditory stimulus; GO:0007605|sensory perception of sound; GO:0001964|startle response; GO:0036465|synaptic vesicle recycling,,"[{""go_id"": ""GO:0050885"", ""term_name"": ""neuromuscular process controlling balance"", ""namespace"": ""biological_process"", ""evidence"": ""IGI""}, {""go_id"": ""GO:0010996"", ""term_name"": ""response to auditory stimulus"", ""namespace"": ""biological_process"", ""evidence"": ""IGI""}, {""go_id"": ""GO:0007605"", ""term_name"": ""sensory perception of sound"", ""namespace"": ""biological_process"", ""evidence"": ""IDA""}, {""go_id"": ""GO:0001964"", ""term_name"": ""startle response"", ""namespace"": ""biological_process"", ""evidence"": ""IDA""}, {""go_id"": ""GO:0036465"", ""term_name"": ""synaptic vesicle recycling"", ""namespace"": ""biological_process"", ""evidence"": ""IGI""}]"
A8WFU8,KIF22_DANRE,KIF22,zebrafish,Danio rerio (Zebrafish) (Brachydanio rerio).,RecName: Full=Kinesin-like protein KIF22;,Kinesin family member that is involved in spindle formation and the movements of chromosomes during mitosis and meiosis. Binds to microtubules and to DNA. {ECO:0000250|UniProtKB:Q9I869}.,6,,GO:0007409|axonogenesis; GO:0007420|brain development; GO:0021952|central nervous system projection neuron axonogenesis; GO:0048592|eye morphogenesis; GO:0001756|somitogenesis; GO:0001966|thigmotaxis,,"[{""go_id"": ""GO:0007409"", ""term_name"": ""axonogenesis"", ""namespace"": ""biological_process"", ""evidence"": ""IMP""}, {""go_id"": ""GO:0007420"", ""term_name"": ""brain development"", ""namespace"": ""biological_process"", ""evidence"": ""IMP""}, {""go_id"": ""GO:0021952"", ""term_name"": ""central nervous system projection neuron axonogenesis"", ""namespace"": ""biological_process"", ""evidence"": ""IMP""}, {""go_id"": ""GO:0048592"", ""term_name"": ""eye morphogenesis"", ""namespace"": ""biological_process"", ""evidence"": ""IMP""}, {""go_id"": ""GO:0001756"", ""term_name"": ""somitogenesis"", ""namespace"": ""biological_process"", ""evidence"": ""IMP""}, {""go_id"": ""GO:0001966"", ""term_name"": ""thigmotaxis"", ""namespace"": ""biological_process"", ""evidence"": ""IMP""}]"
Q568K9,FA50A_DANRE,FA50A,zebrafish,Danio rerio (Zebrafish) (Brachydanio rerio).,RecName: Full=Protein FAM50A;,Probably involved in the regulation of pre-mRNA splicing. {ECO:0000269|PubMed:32703943}.,3,,"GO:0007417|central nervous system development; GO:0048701|embryonic cranial skeleton morphogenesis; GO:0048024|regulation of mRNA splicing, via spliceosome",,"[{""go_id"": ""GO:0007417"", ""term_name"": ""central nervous system development"", ""namespace"": ""biological_process"", ""evidence"": ""IMP""}, {""go_id"": ""GO:0048701"", ""term_name"": ""embryonic cranial skeleton morphogenesis"", ""namespace"": ""biological_process"", ""evidence"": ""IMP""}, {""go_id"": ""GO:0048024"", ""term_name"": ""regulation of mRNA splicing, via spliceosome"", ""namespace"": ""biological_process"", ""evidence"": ""IMP""}]"
A5PLE7,GP83A_DANRE,GP83A,zebrafish,Danio rerio (Zebrafish) (Brachydanio rerio).,RecName: Full=G-protein coupled receptor 183-A;,"G-protein coupled receptor expressed in lymphocytes that acts as a chemotactic receptor for B-cells, T-cells, splenic dendritic cells, monocytes/macrophages and astrocytes (By similarity). Receptor for oxysterol 7-alpha,25-dihydroxycholesterol (7-alpha,25-OHC) and other related oxysterols (By similarity). Mediates cell positioning and movement of a number of cells by binding the 7-alpha,25-OHC ligand that forms a chemotactic gradient (By similarity). Binding of 7-alpha,25-OHC mediates the correct localization of B-cells during humoral immune responses (By similarity). {ECO:0000250|UniProtKB:P32249, ECO:0000250|UniProtKB:Q3U6B2}.",3,,GO:0060216|definitive hemopoiesis; GO:0098508|endothelial to hematopoietic transition; GO:0045746|negative regulation of Notch signaling pathway,,"[{""go_id"": ""GO:0060216"", ""term_name"": ""definitive hemopoiesis"", ""namespace"": ""biological_process"", ""evidence"": ""IMP""}, {""go_id"": ""GO:0098508"", ""term_name"": ""endothelial to hematopoietic transition"", ""namespace"": ""biological_process"", ""evidence"": ""IMP""}, {""go_id"": ""GO:0045746"", ""term_name"": ""negative regulation of Notch signaling pathway"", ""namespace"": ""biological_process"", ""evidence"": ""IMP""}]"
Q7ZVT3,SAS6_DANRE,SAS6,zebrafish,Danio rerio (Zebrafish) (Brachydanio rerio).,RecName: Full=Spindle assembly abnormal protein 6 homolog;,"Central scaffolding component of the centrioles ensuring their 9-fold symmetry (PubMed:21273447). Required for centrosome biogenesis and duplication: required both for mother-centriole- dependent centriole duplication and deuterosome-dependent centriole amplification in multiciliated cells (By similarity). {ECO:0000250|UniProtKB:Q6UVJ0, ECO:0000269|PubMed:21273447}.",6,,GO:0051298|centrosome duplication; GO:0040016|embryonic cleavage; GO:0007052|mitotic spindle organization; GO:0000280|nuclear division; GO:0007283|spermatogenesis,GO:0005813|centrosome,"[{""go_id"": ""GO:0005813"", ""term_name"": ""centrosome"", ""namespace"": ""cellular_component"", ""evidence"": ""IDA""}, {""go_id"": ""GO:0051298"", ""term_name"": ""centrosome duplication"", ""namespace"": ""biological_process"", ""evidence"": ""IMP""}, {""go_id"": ""GO:0040016"", ""term_name"": ""embryonic cleavage"", ""namespace"": ""biological_process"", ""evidence"": ""IMP""}, {""go_id"": ""GO:0007052"", ""term_name"": ""mitotic spindle organization"", ""namespace"": ""biological_process"", ""evidence"": ""IMP""}, {""go_id"": ""GO:0000280"", ""term_name"": ""nuclear division"", ""namespace"": ""biological_process"", ""evidence"": ""IMP""}, {""go_id"": ""GO:0007283"", ""term_name"": ""spermatogenesis"", ""namespace"": ""biological_process"", ""evidence"": ""IMP""}]"
Q32PV5,TCF21_DANRE,TCF21,zebrafish,Danio rerio (Zebrafish) (Brachydanio rerio).,RecName: Full=Transcription factor 21 {ECO:0000312|EMBL:AAI07969.1}; Short=TCF-21; AltName: Full=Capsulin {ECO:0000312|EMBL:ABU95406.1}; AltName: Full=Epicardin {ECO:0000303|PubMed:18206866}; AltName: Full=MyoRa2 {ECO:0000303|PubMed:19449054};,Involved in epithelial-mesenchymal interactions in kidney and lung morphogenesis that include epithelial differentiation and branching morphogenesis. {ECO:0000250|UniProtKB:O43680}.,4,,GO:0060840|artery development; GO:0014707|branchiomeric skeletal muscle development; GO:0007519|skeletal muscle tissue development,GO:0005634|nucleus,"[{""go_id"": ""GO:0005634"", ""term_name"": ""nucleus"", ""namespace"": ""cellular_component"", ""evidence"": ""IDA""}, {""go_id"": ""GO:0060840"", ""term_name"": ""artery development"", ""namespace"": ""biological_process"", ""evidence"": ""IGI""}, {""go_id"": ""GO:0014707"", ""term_name"": ""branchiomeric skeletal muscle development"", ""namespace"": ""biological_process"", ""evidence"": ""IMP""}, {""go_id"": ""GO:0007519"", ""term_name"": ""skeletal muscle tissue development"", ""namespace"": ""biological_process"", ""evidence"": ""IMP""}]"
Q6DBU5,GMPPB_DANRE,GMPPB,zebrafish,Danio rerio (Zebrafish) (Brachydanio rerio).,RecName: Full=Mannose-1-phosphate guanylyltransferase catalytic subunit beta {ECO:0000305}; EC=2.7.7.13 {ECO:0000269|PubMed:33986552}; AltName: Full=GDP-mannose pyrophosphorylase B; AltName: Full=GTP-mannose-1-phosphate guanylyltransferase beta;,"Catalytic subunit of the GMPPA-GMPPB mannose-1-phosphate guanylyltransferase complex (By similarity). Catalyzes the formation of GDP-mannose, an essential precursor of glycan moieties of glycoproteins and glycolipids (PubMed:33986552). Can catalyze the reverse reaction in vitro (By similarity). Together with GMPPA regulates GDP-alpha-D- mannose levels (PubMed:33986552). {ECO:0000250|UniProtKB:Q9Y5P6, ECO:0000269|PubMed:33986552}.",3,,GO:0055001|muscle cell development; GO:0048666|neuron development; GO:0007519|skeletal muscle tissue development,,"[{""go_id"": ""GO:0055001"", ""term_name"": ""muscle cell development"", ""namespace"": ""biological_process"", ""evidence"": ""IMP""}, {""go_id"": ""GO:0048666"", ""term_name"": ""neuron development"", ""namespace"": ""biological_process"", ""evidence"": ""IMP""}, {""go_id"": ""GO:0007519"", ""term_name"": ""skeletal muscle tissue development"", ""namespace"": ""biological_process"", ""evidence"": ""IMP""}]"
Q49SH1,NCKX5_DANRE,NCKX5,zebrafish,Danio rerio (Zebrafish) (Brachydanio rerio).,RecName: Full=Sodium/potassium/calcium exchanger 5; AltName: Full=Na(+)/K(+)/Ca(2+)-exchange protein 5; AltName: Full=Protein golden; AltName: Full=Solute carrier family 24 member 5; Flags: Precursor;,"Calcium, potassium:sodium antiporter that transports 1 Ca(2+) and 1 K(+) to the melanosome in exchange for 4 cytoplasmic Na(+) (By similarity). Involved in pigmentation, possibly by participating in ion transport in melanosomes (PubMed:16357253). Predominant sodium-calcium exchanger in melanocytes (PubMed:16357253). {ECO:0000250|UniProtKB:Q71RS6, ECO:0000269|PubMed:16357253}.",5,,GO:0048066|developmental pigmentation; GO:0048069|eye pigmentation; GO:0030318|melanocyte differentiation; GO:0097324|melanocyte migration; GO:0043473|pigmentation,,"[{""go_id"": ""GO:0048066"", ""term_name"": ""developmental pigmentation"", ""namespace"": ""biological_process"", ""evidence"": ""IMP""}, {""go_id"": ""GO:0048069"", ""term_name"": ""eye pigmentation"", ""namespace"": ""biological_process"", ""evidence"": ""IMP""}, {""go_id"": ""GO:0030318"", ""term_name"": ""melanocyte differentiation"", ""namespace"": ""biological_process"", ""evidence"": ""IMP""}, {""go_id"": ""GO:0097324"", ""term_name"": ""melanocyte migration"", ""namespace"": ""biological_process"", ""evidence"": ""IMP""}, {""go_id"": ""GO:0043473"", ""term_name"": ""pigmentation"", ""namespace"": ""biological_process"", ""evidence"": ""IMP""}]"
Q90259,ASL1A_DANRE,ASL1A,zebrafish,Danio rerio (Zebrafish) (Brachydanio rerio).,RecName: Full=Achaete-scute homolog 1a; Short=Zash-1a; AltName: Full=Pituitary-absent protein;,"Transcriptional regulator. May mediate transcription activation by binding to the E box-containing promoter (By similarity). Involved in neurogenesis. Required for the development of neurons in the epiphysis, acting partially redundantly with neurog1 and downstream of flh. Involved in maintaining rhombomere boundaries in the hindbrain, probably via up-regulation of delta expression. Also involved in pituitary development; required cell-autonomously in adenohypophyseal cells for endocrine differentiation and for survival of a subset of cells. {ECO:0000250, ECO:0000269|PubMed:12702659, ECO:0000269|PubMed:15659486, ECO:0000269|PubMed:16481349}.",17,"GO:0000981|DNA-binding transcription factor activity, RNA polymerase II-specific; GO:0043565|sequence-specific DNA binding",GO:0021984|adenohypophysis development; GO:0031103|axon regeneration; GO:0043697|cell dedifferentiation; GO:0048566|embryonic digestive tract development; GO:0002070|epithelial cell maturation; GO:0021575|hindbrain morphogenesis; GO:0060575|intestinal epithelial cell differentiation; GO:0010629|negative regulation of gene expression; GO:0007399|nervous system development; GO:0045893|positive regulation of DNA-templated transcription; GO:0031099|regeneration; GO:0006357|regulation of transcription by RNA polymerase II; GO:0070654|sensory epithelium regeneration; GO:0061549|sympathetic ganglion development; GO:0061195|taste bud formation,,"[{""go_id"": ""GO:0000981"", ""term_name"": ""DNA-binding transcription factor activity, RNA polymerase II-specific"", ""namespace"": ""molecular_function"", ""evidence"": ""IPI""}, {""go_id"": ""GO:0043565"", ""term_name"": ""sequence-specific DNA binding"", ""namespace"": ""molecular_function"", ""evidence"": ""IPI""}, {""go_id"": ""GO:0021984"", ""term_name"": ""adenohypophysis development"", ""namespace"": ""biological_process"", ""evidence"": ""IMP""}, {""go_id"": ""GO:0031103"", ""term_name"": ""axon regeneration"", ""namespace"": ""biological_process"", ""evidence"": ""IMP""}, {""go_id"": ""GO:0043697"", ""term_name"": ""cell dedifferentiation"", ""namespace"": ""biological_process"", ""evidence"": ""IGI""}, {""go_id"": ""GO:0048566"", ""term_name"": ""embryonic digestive tract development"", ""namespace"": ""biological_process"", ""evidence"": ""IMP""}, {""go_id"": ""GO:0002070"", ""term_name"": ""epithelial cell maturation"", ""namespace"": ""biological_process"", ""evidence"": ""IMP""}, {""go_id"": ""GO:0021575"", ""term_name"": ""hindbrain morphogenesis"", ""namespace"": ""biological_process"", ""evidence"": ""IMP""}, {""go_id"": ""GO:0060575"", ""term_name"": ""intestinal epithelial cell differentiation"", ""namespace"": ""biological_process"", ""evidence"": ""IMP""}, {""go_id"": ""GO:0010629"", ""term_name"": ""negative regulation of gene expression"", ""namespace"": ""biological_process"", ""evidence"": ""IMP""}, {""go_id"": ""GO:0007399"", ""term_name"": ""nervous system development"", ""namespace"": ""biological_process"", ""evidence"": ""IMP""}, {""go_id"": ""GO:0045893"", ""term_name"": ""positive regulation of DNA-templated transcription"", ""namespace"": ""biological_process"", ""evidence"": ""IDA""}, {""go_id"": ""GO:0031099"", ""term_name"": ""regeneration"", ""namespace"": ""biological_process"", ""evidence"": ""IMP""}, {""go_id"": ""GO:0006357"", ""term_name"": ""regulation of transcription by RNA polymerase II"", ""namespace"": ""biological_process"", ""evidence"": ""IDA""}, {""go_id"": ""GO:0070654"", ""term_name"": ""sensory epithelium regeneration"", ""namespace"": ""biological_process"", ""evidence"": ""IGI""}, {""go_id"": ""GO:0061549"", ""term_name"": ""sympathetic ganglion development"", ""namespace"": ""biological_process"", ""evidence"": ""IMP""}, {""go_id"": ""GO:0061195"", ""term_name"": ""taste bud formation"", ""namespace"": ""biological_process"", ""evidence"": ""IMP""}]"
Q5RHD1,KDM7A_DANRE,KDM7A,zebrafish,Danio rerio (Zebrafish) (Brachydanio rerio).,RecName: Full=Lysine-specific demethylase 7A; Short=DrKDM7a; EC=1.14.11.-; AltName: Full=JmjC domain-containing histone demethylation protein 1D-A;,"Histone demethylase required for brain development. Specifically demethylates dimethylated 'Lys-9' and 'Lys-27' (H3K9me2 and H3K27me2, respectively) of histone H3 and monomethylated histone H4 'Lys-20' residue (H4K20Me1), thereby playing a central role in histone code (By similarity). {ECO:0000250, ECO:0000269|PubMed:20194436}.",3,GO:0071558|histone H3K27me2/H3K27me3 demethylase activity; GO:0032454|histone H3K9 demethylase activity,GO:0030901|midbrain development,,"[{""go_id"": ""GO:0071558"", ""term_name"": ""histone H3K27me2/H3K27me3 demethylase activity"", ""namespace"": ""molecular_function"", ""evidence"": ""IDA""}, {""go_id"": ""GO:0032454"", ""term_name"": ""histone H3K9 demethylase activity"", ""namespace"": ""molecular_function"", ""evidence"": ""IDA""}, {""go_id"": ""GO:0030901"", ""term_name"": ""midbrain development"", ""namespace"": ""biological_process"", ""evidence"": ""IMP""}]"
Q6PFP3,PDPFA_DANRE,PDPFA,zebrafish,Danio rerio (Zebrafish) (Brachydanio rerio).,RecName: Full=Pancreatic progenitor cell differentiation and proliferation factor A; AltName: Full=Exocrine differentiation and proliferation factor A; Short=Exocrine differentiation and proliferation factor;,Probable regulator of exocrine pancreas development. {ECO:0000269|PubMed:19067490}.,3,,GO:0001708|cell fate specification; GO:0008283|cell population proliferation; GO:0031017|exocrine pancreas development,,"[{""go_id"": ""GO:0001708"", ""term_name"": ""cell fate specification"", ""namespace"": ""biological_process"", ""evidence"": ""IMP""}, {""go_id"": ""GO:0008283"", ""term_name"": ""cell population proliferation"", ""namespace"": ""biological_process"", ""evidence"": ""IMP""}, {""go_id"": ""GO:0031017"", ""term_name"": ""exocrine pancreas development"", ""namespace"": ""biological_process"", ""evidence"": ""IMP""}]"
Q90ZL1,MSGN1_DANRE,MSGN1,zebrafish,Danio rerio (Zebrafish) (Brachydanio rerio).,RecName: Full=Mesogenin-1; AltName: Full=MesP-related bHLH factor; AltName: Full=Paraxial mesoderm-specific expression and regulatory capacities; AltName: Full=pMesogenin1; Short=pMsgn1;,"Involved in specifying the paraxial, but not dorsal, mesoderm. May regulate the expression of T-box transcription factors required for mesoderm formation and differentiation (By similarity). {ECO:0000250, ECO:0000269|PubMed:12883008}.",4,,GO:0007498|mesoderm development; GO:0048342|paraxial mesodermal cell differentiation; GO:0006357|regulation of transcription by RNA polymerase II; GO:0007525|somatic muscle development,,"[{""go_id"": ""GO:0007498"", ""term_name"": ""mesoderm development"", ""namespace"": ""biological_process"", ""evidence"": ""IGI""}, {""go_id"": ""GO:0048342"", ""term_name"": ""paraxial mesodermal cell differentiation"", ""namespace"": ""biological_process"", ""evidence"": ""IMP""}, {""go_id"": ""GO:0006357"", ""term_name"": ""regulation of transcription by RNA polymerase II"", ""namespace"": ""biological_process"", ""evidence"": ""IMP""}, {""go_id"": ""GO:0007525"", ""term_name"": ""somatic muscle development"", ""namespace"": ""biological_process"", ""evidence"": ""IGI""}]"
A0A0R4IVV0,MTP_DANRE,MTP,zebrafish,Danio rerio (Zebrafish) (Brachydanio rerio).,RecName: Full=Microsomal triglyceride transfer protein large subunit {ECO:0000303|PubMed:15614773}; Flags: Precursor;,"Catalyzes the transport of triglyceride between phospholipid surfaces (PubMed:17924655). Catalyzes the transport of cholesteryl ester, and phospholipid between phospholipid surfaces (By similarity). Required for the assembly and secretion of plasma lipoproteins that contain apolipoprotein B (PubMed:17924655, PubMed:22581286). Required for yolk lipid utilization and absorption of dietary lipids in larvae (PubMed:17176039). {ECO:0000250|UniProtKB:P55157, ECO:0000269|PubMed:17176039, ECO:0000269|PubMed:17924655, ECO:0000269|PubMed:22581286}.",9,GO:0120013|lipid transfer activity,GO:0007586|digestion; GO:0006629|lipid metabolic process; GO:0006869|lipid transport; GO:0042158|lipoprotein biosynthetic process; GO:0042953|lipoprotein transport; GO:0015909|long-chain fatty acid transport; GO:0001579|medium-chain fatty acid transport; GO:0002040|sprouting angiogenesis,,"[{""go_id"": ""GO:0120013"", ""term_name"": ""lipid transfer activity"", ""namespace"": ""molecular_function"", ""evidence"": ""IDA""}, {""go_id"": ""GO:0007586"", ""term_name"": ""digestion"", ""namespace"": ""biological_process"", ""evidence"": ""IEP""}, {""go_id"": ""GO:0006629"", ""term_name"": ""lipid metabolic process"", ""namespace"": ""biological_process"", ""evidence"": ""IMP""}, {""go_id"": ""GO:0006869"", ""term_name"": ""lipid transport"", ""namespace"": ""biological_process"", ""evidence"": ""IMP""}, {""go_id"": ""GO:0042158"", ""term_name"": ""lipoprotein biosynthetic process"", ""namespace"": ""biological_process"", ""evidence"": ""IMP""}, {""go_id"": ""GO:0042953"", ""term_name"": ""lipoprotein transport"", ""namespace"": ""biological_process"", ""evidence"": ""IDA""}, {""go_id"": ""GO:0015909"", ""term_name"": ""long-chain fatty acid transport"", ""namespace"": ""biological_process"", ""evidence"": ""IMP""}, {""go_id"": ""GO:0001579"", ""term_name"": ""medium-chain fatty acid transport"", ""namespace"": ""biological_process"", ""evidence"": ""IMP""}, {""go_id"": ""GO:0002040"", ""term_name"": ""sprouting angiogenesis"", ""namespace"": ""biological_process"", ""evidence"": ""IMP""}]"
Q9IAT6,DLLC_DANRE,DLLC,zebrafish,Danio rerio (Zebrafish) (Brachydanio rerio).,RecName: Full=Delta-like protein C; Short=DeltaC; Short=delC; Flags: Precursor;,Acts as a ligand for Notch receptors and is involved in somitogenesis. Can activate Notch receptors. Required in somite segmentation to keep the oscillations of neighboring presomitic mesoderm cells synchronized. {ECO:0000269|PubMed:11100729}.,16,GO:0042802|identical protein binding; GO:0030165|PDZ domain binding,GO:0060842|arterial endothelial cell differentiation; GO:0048514|blood vessel morphogenesis; GO:0035907|dorsal aorta development; GO:0002244|hematopoietic progenitor cell differentiation; GO:0060218|hematopoietic stem cell differentiation; GO:0048666|neuron development; GO:0007219|Notch signaling pathway; GO:0061056|sclerotome development; GO:0001757|somite specification; GO:0001756|somitogenesis; GO:0021514|ventral spinal cord interneuron differentiation,GO:0005737|cytoplasm; GO:0048471|perinuclear region of cytoplasm; GO:0005886|plasma membrane,"[{""go_id"": ""GO:0005737"", ""term_name"": ""cytoplasm"", ""namespace"": ""cellular_component"", ""evidence"": ""IDA""}, {""go_id"": ""GO:0048471"", ""term_name"": ""perinuclear region of cytoplasm"", ""namespace"": ""cellular_component"", ""evidence"": ""IGI""}, {""go_id"": ""GO:0005886"", ""term_name"": ""plasma membrane"", ""namespace"": ""cellular_component"", ""evidence"": ""IDA""}, {""go_id"": ""GO:0042802"", ""term_name"": ""identical protein binding"", ""namespace"": ""molecular_function"", ""evidence"": ""IDA""}, {""go_id"": ""GO:0030165"", ""term_name"": ""PDZ domain binding"", ""namespace"": ""molecular_function"", ""evidence"": ""IDA""}, {""go_id"": ""GO:0060842"", ""term_name"": ""arterial endothelial cell differentiation"", ""namespace"": ""biological_process"", ""evidence"": ""IMP""}, {""go_id"": ""GO:0048514"", ""term_name"": ""blood vessel morphogenesis"", ""namespace"": ""biological_process"", ""evidence"": ""IMP""}, {""go_id"": ""GO:0035907"", ""term_name"": ""dorsal aorta development"", ""namespace"": ""biological_process"", ""evidence"": ""IGI""}, {""go_id"": ""GO:0002244"", ""term_name"": ""hematopoietic progenitor cell differentiation"", ""namespace"": ""biological_process"", ""evidence"": ""IGI""}, {""go_id"": ""GO:0060218"", ""term_name"": ""hematopoietic stem cell differentiation"", ""namespace"": ""biological_process"", ""evidence"": ""IMP""}, {""go_id"": ""GO:0048666"", ""term_name"": ""neuron development"", ""namespace"": ""biological_process"", ""evidence"": ""IMP""}, {""go_id"": ""GO:0007219"", ""term_name"": ""Notch signaling pathway"", ""namespace"": ""biological_process"", ""evidence"": ""IMP""}, {""go_id"": ""GO:0061056"", ""term_name"": ""sclerotome development"", ""namespace"": ""biological_process"", ""evidence"": ""IGI""}, {""go_id"": ""GO:0001757"", ""term_name"": ""somite specification"", ""namespace"": ""biological_process"", ""evidence"": ""IGI""}, {""go_id"": ""GO:0001756"", ""term_name"": ""somitogenesis"", ""namespace"": ""biological_process"", ""evidence"": ""IMP""}, {""go_id"": ""GO:0021514"", ""term_name"": ""ventral spinal cord interneuron differentiation"", ""namespace"": ""biological_process"", ""evidence"": ""IGI""}]"
E7FF10,VWA1_DANRE,VWA1,zebrafish,Danio rerio (Zebrafish) (Brachydanio rerio).,RecName: Full=von Willebrand factor A domain-containing protein 1; Flags: Precursor;,"Promotes matrix assembly (By similarity). Involved in the organization of skeletal muscles and in the formation of neuromuscular junctions (PubMed:33559681). {ECO:0000250|UniProtKB:Q8R2Z5, ECO:0000269|PubMed:33559681}.",5,,GO:0007409|axonogenesis; GO:0014032|neural crest cell development; GO:1902026|regulation of cartilage condensation; GO:0061035|regulation of cartilage development; GO:0051124|synaptic assembly at neuromuscular junction,,"[{""go_id"": ""GO:0007409"", ""term_name"": ""axonogenesis"", ""namespace"": ""biological_process"", ""evidence"": ""IMP""}, {""go_id"": ""GO:0014032"", ""term_name"": ""neural crest cell development"", ""namespace"": ""biological_process"", ""evidence"": ""IMP""}, {""go_id"": ""GO:1902026"", ""term_name"": ""regulation of cartilage condensation"", ""namespace"": ""biological_process"", ""evidence"": ""IMP""}, {""go_id"": ""GO:0061035"", ""term_name"": ""regulation of cartilage development"", ""namespace"": ""biological_process"", ""evidence"": ""IMP""}, {""go_id"": ""GO:0051124"", ""term_name"": ""synaptic assembly at neuromuscular junction"", ""namespace"": ""biological_process"", ""evidence"": ""IMP""}]"
Q155U0,VPS51_DANRE,VPS51,zebrafish,Danio rerio (Zebrafish) (Brachydanio rerio).,RecName: Full=Vacuolar protein sorting-associated protein 51 homolog; AltName: Full=Protein fat-free;,"Involved in retrograde transport from early and late endosomes to the late Golgi. The GARP complex is required for the maintenance of protein retrieval from endosomes to the TGN, acid hydrolase sorting, lysosome function, endosomal cholesterol traffic and autophagy (PubMed:16581006). Acts as a component of the EARP complex that is involved in endocytic recycling (By similarity). {ECO:0000250|UniProtKB:Q9UID3, ECO:0000269|PubMed:16581006}.",4,GO:0031267|small GTPase binding,GO:0007030|Golgi organization; GO:0048193|Golgi vesicle transport; GO:0044241|lipid digestion,,"[{""go_id"": ""GO:0031267"", ""term_name"": ""small GTPase binding"", ""namespace"": ""molecular_function"", ""evidence"": ""IPI""}, {""go_id"": ""GO:0007030"", ""term_name"": ""Golgi organization"", ""namespace"": ""biological_process"", ""evidence"": ""IMP""}, {""go_id"": ""GO:0048193"", ""term_name"": ""Golgi vesicle transport"", ""namespace"": ""biological_process"", ""evidence"": ""IMP""}, {""go_id"": ""GO:0044241"", ""term_name"": ""lipid digestion"", ""namespace"": ""biological_process"", ""evidence"": ""IMP""}]"
E9QJ73,CXR32_DANRE,CXR32,zebrafish,Danio rerio (Zebrafish) (Brachydanio rerio).,RecName: Full=C-X-C chemokine receptor type 3-2 {ECO:0000305};,"Receptor for the C-X-C chemokines cxcl11.1 and cxcl11.6 (PubMed:25573892). Promotes macrophage chemotaxis to sites of bacterial infection (PubMed:20424185, PubMed:25573892). {ECO:0000269|PubMed:20424185, ECO:0000269|PubMed:25573892}.",5,,GO:0070098|chemokine-mediated signaling pathway; GO:0002522|leukocyte migration involved in immune response; GO:0002281|macrophage activation involved in immune response; GO:0048246|macrophage chemotaxis; GO:0009617|response to bacterium,,"[{""go_id"": ""GO:0070098"", ""term_name"": ""chemokine-mediated signaling pathway"", ""namespace"": ""biological_process"", ""evidence"": ""IGI""}, {""go_id"": ""GO:0002522"", ""term_name"": ""leukocyte migration involved in immune response"", ""namespace"": ""biological_process"", ""evidence"": ""IMP""}, {""go_id"": ""GO:0002281"", ""term_name"": ""macrophage activation involved in immune response"", ""namespace"": ""biological_process"", ""evidence"": ""IMP""}, {""go_id"": ""GO:0048246"", ""term_name"": ""macrophage chemotaxis"", ""namespace"": ""biological_process"", ""evidence"": ""IGI""}, {""go_id"": ""GO:0009617"", ""term_name"": ""response to bacterium"", ""namespace"": ""biological_process"", ""evidence"": ""IMP""}]"
A9JRC7,PP4CB_DANRE,PP4CB,zebrafish,Danio rerio (Zebrafish) (Brachydanio rerio).,RecName: Full=Serine/threonine-protein phosphatase 4 catalytic subunit B; Short=PP4C-B; EC=3.1.3.16;,Protein phosphatase that regulates many processes such as microtubule organization at centrosomes. {ECO:0000250}.,3,,GO:0048264|determination of ventral identity; GO:0009953|dorsal/ventral pattern formation; GO:0030513|positive regulation of BMP signaling pathway,,"[{""go_id"": ""GO:0048264"", ""term_name"": ""determination of ventral identity"", ""namespace"": ""biological_process"", ""evidence"": ""IMP""}, {""go_id"": ""GO:0009953"", ""term_name"": ""dorsal/ventral pattern formation"", ""namespace"": ""biological_process"", ""evidence"": ""IMP""}, {""go_id"": ""GO:0030513"", ""term_name"": ""positive regulation of BMP signaling pathway"", ""namespace"": ""biological_process"", ""evidence"": ""IMP""}]"
Q98SJ5,SIM1A_DANRE,SIM1A,zebrafish,Danio rerio (Zebrafish) (Brachydanio rerio).,RecName: Full=Single-minded homolog 1-A;,"Transcriptional factor that may have pleiotropic effects during embryogenesis and in the adult. {ECO:0000269|PubMed:16691572, ECO:0000269|PubMed:18330923}.",7,,GO:0007411|axon guidance; GO:0021536|diencephalon development; GO:0071542|dopaminergic neuron differentiation; GO:0021979|hypothalamus cell differentiation; GO:0035776|pronephric proximal tubule development; GO:0048793|pronephros development; GO:0072020|proximal straight tubule development,,"[{""go_id"": ""GO:0007411"", ""term_name"": ""axon guidance"", ""namespace"": ""biological_process"", ""evidence"": ""IMP""}, {""go_id"": ""GO:0021536"", ""term_name"": ""diencephalon development"", ""namespace"": ""biological_process"", ""evidence"": ""IMP""}, {""go_id"": ""GO:0071542"", ""term_name"": ""dopaminergic neuron differentiation"", ""namespace"": ""biological_process"", ""evidence"": ""IMP""}, {""go_id"": ""GO:0021979"", ""term_name"": ""hypothalamus cell differentiation"", ""namespace"": ""biological_process"", ""evidence"": ""IMP""}, {""go_id"": ""GO:0035776"", ""term_name"": ""pronephric proximal tubule development"", ""namespace"": ""biological_process"", ""evidence"": ""IMP""}, {""go_id"": ""GO:0048793"", ""term_name"": ""pronephros development"", ""namespace"": ""biological_process"", ""evidence"": ""IMP""}, {""go_id"": ""GO:0072020"", ""term_name"": ""proximal straight tubule development"", ""namespace"": ""biological_process"", ""evidence"": ""IMP""}]"
Q90XF2,KPCI_DANRE,KPCI,zebrafish,Danio rerio (Zebrafish) (Brachydanio rerio).,RecName: Full=Protein kinase C iota type; EC=2.7.11.13; AltName: Full=Atypical protein kinase C-lambda/iota; Short=aPKC-lambda/iota; AltName: Full=Heart and soul protein; AltName: Full=nPKC-iota;,"Calcium- and diacylglycerol-independent serine/ threonine- protein kinase that plays a general protective role against apoptotic stimuli, is involved in NF-kappa-B activation, cell survival, differentiation and polarity, and contributes to the regulation of microtubule dynamics in the early secretory pathway (By similarity). Is required for the formation and maintenance of the zonula adherens during early epithelial development and plays a critical role in organ morphogenesis and in regulating the orientation of cell division (PubMed:11591316). Required for polarized epithelial organization, myocardium coherence and cell connectivity in the early somite stages (PubMed:16319113). Required for heart cone tilt and development of circulatory architecture during embryogenesis (PubMed:16319113). {ECO:0000250|UniProtKB:P41743, ECO:0000269|PubMed:11591316, ECO:0000269|PubMed:16319113}.",27,,GO:0034334|adherens junction maintenance; GO:0034332|adherens junction organization; GO:0007420|brain development; GO:0030031|cell projection assembly; GO:0045217|cell-cell junction maintenance; GO:0007502|digestive tract mesoderm development; GO:0048546|digestive tract morphogenesis; GO:0021744|dorsal motor nucleus of vagus nerve development; GO:0035050|embryonic heart tube development; GO:0000132|establishment of mitotic spindle orientation; GO:0016332|establishment or maintenance of polarity of embryonic epithelium; GO:0048699|generation of neurons; GO:0007507|heart development; GO:0045199|maintenance of epithelial cell apical/basal polarity; GO:0008078|mesodermal cell migration; GO:0001738|morphogenesis of a polarized epithelium; GO:0001841|neural tube formation; GO:0007405|neuroblast proliferation; GO:0007097|nuclear migration; GO:0042476|odontogenesis; GO:0035845|photoreceptor cell outer segment organization; GO:0035778|pronephric nephron tubule epithelial cell differentiation; GO:0060041|retina development in camera-type eye; GO:0060042|retina morphogenesis in camera-type eye; GO:0021591|ventricular system development,GO:0005886|plasma membrane; GO:0005915|zonula adherens,"[{""go_id"": ""GO:0005886"", ""term_name"": ""plasma membrane"", ""namespace"": ""cellular_component"", ""evidence"": ""IDA""}, {""go_id"": ""GO:0005915"", ""term_name"": ""zonula adherens"", ""namespace"": ""cellular_component"", ""evidence"": ""IDA""}, {""go_id"": ""GO:0034334"", ""term_name"": ""adherens junction maintenance"", ""namespace"": ""biological_process"", ""evidence"": ""IMP""}, {""go_id"": ""GO:0034332"", ""term_name"": ""adherens junction organization"", ""namespace"": ""biological_process"", ""evidence"": ""IMP""}, {""go_id"": ""GO:0007420"", ""term_name"": ""brain development"", ""namespace"": ""biological_process"", ""evidence"": ""IMP""}, {""go_id"": ""GO:0030031"", ""term_name"": ""cell projection assembly"", ""namespace"": ""biological_process"", ""evidence"": ""IMP""}, {""go_id"": ""GO:0045217"", ""term_name"": ""cell-cell junction maintenance"", ""namespace"": ""biological_process"", ""evidence"": ""IMP""}, {""go_id"": ""GO:0007502"", ""term_name"": ""digestive tract mesoderm development"", ""namespace"": ""biological_process"", ""evidence"": ""IMP""}, {""go_id"": ""GO:0048546"", ""term_name"": ""digestive tract morphogenesis"", ""namespace"": ""biological_process"", ""evidence"": ""IMP""}, {""go_id"": ""GO:0021744"", ""term_name"": ""dorsal motor nucleus of vagus nerve development"", ""namespace"": ""biological_process"", ""evidence"": ""IMP""}, {""go_id"": ""GO:0035050"", ""term_name"": ""embryonic heart tube development"", ""namespace"": ""biological_process"", ""evidence"": ""IMP""}, {""go_id"": ""GO:0000132"", ""term_name"": ""establishment of mitotic spindle orientation"", ""namespace"": ""biological_process"", ""evidence"": ""IMP""}, {""go_id"": ""GO:0016332"", ""term_name"": ""establishment or maintenance of polarity of embryonic epithelium"", ""namespace"": ""biological_process"", ""evidence"": ""IMP""}, {""go_id"": ""GO:0048699"", ""term_name"": ""generation of neurons"", ""namespace"": ""biological_process"", ""evidence"": ""IMP""}, {""go_id"": ""GO:0007507"", ""term_name"": ""heart development"", ""namespace"": ""biological_process"", ""evidence"": ""IMP""}, {""go_id"": ""GO:0045199"", ""term_name"": ""maintenance of epithelial cell apical/basal polarity"", ""namespace"": ""biological_process"", ""evidence"": ""IMP""}, {""go_id"": ""GO:0008078"", ""term_name"": ""mesodermal cell migration"", ""namespace"": ""biological_process"", ""evidence"": ""IMP""}, {""go_id"": ""GO:0001738"", ""term_name"": ""morphogenesis of a polarized epithelium"", ""namespace"": ""biological_process"", ""evidence"": ""IMP""}, {""go_id"": ""GO:0001841"", ""term_name"": ""neural tube formation"", ""namespace"": ""biological_process"", ""evidence"": ""IGI""}, {""go_id"": ""GO:0007405"", ""term_name"": ""neuroblast proliferation"", ""namespace"": ""biological_process"", ""evidence"": ""IMP""}, {""go_id"": ""GO:0007097"", ""term_name"": ""nuclear migration"", ""namespace"": ""biological_process"", ""evidence"": ""IMP""}, {""go_id"": ""GO:0042476"", ""term_name"": ""odontogenesis"", ""namespace"": ""biological_process"", ""evidence"": ""IMP""}, {""go_id"": ""GO:0035845"", ""term_name"": ""photoreceptor cell outer segment organization"", ""namespace"": ""biological_process"", ""evidence"": ""IMP""}, {""go_id"": ""GO:0035778"", ""term_name"": ""pronephric nephron tubule epithelial cell differentiation"", ""namespace"": ""biological_process"", ""evidence"": ""IGI""}, {""go_id"": ""GO:0060041"", ""term_name"": ""retina development in camera-type eye"", ""namespace"": ""biological_process"", ""evidence"": ""IMP""}, {""go_id"": ""GO:0060042"", ""term_name"": ""retina morphogenesis in camera-type eye"", ""namespace"": ""biological_process"", ""evidence"": ""IMP""}, {""go_id"": ""GO:0021591"", ""term_name"": ""ventricular system development"", ""namespace"": ""biological_process"", ""evidence"": ""IMP""}]"
Q7T3S3,CHSTB_DANRE,CHSTB,zebrafish,Danio rerio (Zebrafish) (Brachydanio rerio).,RecName: Full=Carbohydrate sulfotransferase 11; EC=2.8.2.5; AltName: Full=Chondroitin 4-O-sulfotransferase 1; AltName: Full=Chondroitin 4-sulfotransferase 1; Short=C4ST-1; Short=C4ST1; Short=zC4ST-1;,Catalyzes the transfer of sulfate to position 4 of the N- acetylgalactosamine (GalNAc) residue of chondroitin. {ECO:0000250}.,4,GO:0047756|chondroitin 4-sulfotransferase activity,GO:0050650|chondroitin sulfate proteoglycan biosynthetic process; GO:0008045|motor neuron axon guidance; GO:0007517|muscle organ development,,"[{""go_id"": ""GO:0047756"", ""term_name"": ""chondroitin 4-sulfotransferase activity"", ""namespace"": ""molecular_function"", ""evidence"": ""IDA""}, {""go_id"": ""GO:0050650"", ""term_name"": ""chondroitin sulfate proteoglycan biosynthetic process"", ""namespace"": ""biological_process"", ""evidence"": ""IMP""}, {""go_id"": ""GO:0008045"", ""term_name"": ""motor neuron axon guidance"", ""namespace"": ""biological_process"", ""evidence"": ""IMP""}, {""go_id"": ""GO:0007517"", ""term_name"": ""muscle organ development"", ""namespace"": ""biological_process"", ""evidence"": ""IMP""}]"
F1QG30,NSMA5_DANRE,NSMA5,zebrafish,Danio rerio (Zebrafish) (Brachydanio rerio).,RecName: Full=Sphingomyelin phosphodiesterase 5 {ECO:0000305}; EC=3.1.4.12 {ECO:0000269|PubMed:19429680}; AltName: Full=Mitochondrial neutral sphingomyelinase {ECO:0000303|PubMed:19429680}; Short=mtnSMase {ECO:0000303|PubMed:19429680}; Flags: Precursor;,Catalyzes the hydrolysis of membrane sphingomyelin to form phosphorylcholine and ceramide. {ECO:0000269|PubMed:19429680}.,3,GO:0004767|sphingomyelin phosphodiesterase activity,GO:0006687|glycosphingolipid metabolic process,GO:0005758|mitochondrial intermembrane space,"[{""go_id"": ""GO:0005758"", ""term_name"": ""mitochondrial intermembrane space"", ""namespace"": ""cellular_component"", ""evidence"": ""IDA""}, {""go_id"": ""GO:0004767"", ""term_name"": ""sphingomyelin phosphodiesterase activity"", ""namespace"": ""molecular_function"", ""evidence"": ""IDA""}, {""go_id"": ""GO:0006687"", ""term_name"": ""glycosphingolipid metabolic process"", ""namespace"": ""biological_process"", ""evidence"": ""IDA""}]"
F1RET2,SMYD5_DANRE,SMYD5,zebrafish,Danio rerio (Zebrafish) (Brachydanio rerio).,RecName: Full=Protein-lysine N-trimethyltransferase SMYD5 {ECO:0000305}; EC=2.1.1.- {ECO:0000250|UniProtKB:Q6GMV2}; AltName: Full=SET and MYND domain-containing protein 5; AltName: Full=[histone H3]-lysine20 N-trimethyltransferase SMYD5; EC=2.1.1.372 {ECO:0000250|UniProtKB:Q3TYX3}; AltName: Full=[histone H4]-lysine36 N-trimethyltransferase SMYD5; EC=2.1.1.359 {ECO:0000250|UniProtKB:Q3TYX3};,"Protein-lysine N-trimethyltransferase that specifically catalyzes trimethylation of 'Lys-22' of the RPL40/eL40 subunit of the 60S ribosome, thereby promoting translation elongation and protein synthesis (By similarity). May also act as a histone methyltransferase in the context of histone octamers, but not on nucleosome substrates: trimethylates 'Lys-36' of histone H3 and 'Lys-20' of histone H4 to form H3K36me3 and H4K20me3, respectively (By similarity). The histone methyltransferase activity, which is independent of its SET domain, is however unsure in vivo (By similarity). Plays a crucial role in hematopoiesis during embryogenesis by negatively regulating expression of genes related to both primitive and definitive hematopoiesis (PubMed:27377701). {ECO:0000250|UniProtKB:Q3TYX3, ECO:0000250|UniProtKB:Q6GMV2, ECO:0000269|PubMed:27377701}.",3,,GO:0060216|definitive hemopoiesis; GO:0045638|negative regulation of myeloid cell differentiation; GO:0060215|primitive hemopoiesis,,"[{""go_id"": ""GO:0060216"", ""term_name"": ""definitive hemopoiesis"", ""namespace"": ""biological_process"", ""evidence"": ""IMP""}, {""go_id"": ""GO:0045638"", ""term_name"": ""negative regulation of myeloid cell differentiation"", ""namespace"": ""biological_process"", ""evidence"": ""IMP""}, {""go_id"": ""GO:0060215"", ""term_name"": ""primitive hemopoiesis"", ""namespace"": ""biological_process"", ""evidence"": ""IMP""}]"
F1RCY6,RENT1_DANRE,RENT1,zebrafish,Danio rerio (Zebrafish) (Brachydanio rerio).,RecName: Full=Regulator of nonsense transcripts 1 {ECO:0000250|UniProtKB:Q92900}; EC=3.6.4.-; AltName: Full=ATP-dependent helicase RENT1 {ECO:0000250|UniProtKB:Q9EPU0}; AltName: Full=Nonsense mRNA reducing factor 1 {ECO:0000250|UniProtKB:Q92900}; Short=NORF1 {ECO:0000250|UniProtKB:Q92900}; AltName: Full=Up-frameshift suppressor 1 homolog {ECO:0000250|UniProtKB:Q92900};,RNA-dependent helicase and ATPase required for nonsense- mediated decay (NMD) of mRNAs containing premature stop codons. Is recruited to mRNAs upon translation termination and undergoes a cycle of phosphorylation and dephosphorylation; its phosphorylation appears to be a key step in NMD. The formation of an upf1-upf2-upf3 surveillance complex is believed to activate NMD. {ECO:0000250|UniProtKB:Q92900}.,6,,"GO:0043009|chordate embryonic development; GO:0000956|nuclear-transcribed mRNA catabolic process; GO:0000184|nuclear-transcribed mRNA catabolic process, nonsense-mediated decay; GO:2000624|positive regulation of nuclear-transcribed mRNA catabolic process, nonsense-mediated decay; GO:0010468|regulation of gene expression; GO:0033077|T cell differentiation in thymus",,"[{""go_id"": ""GO:0043009"", ""term_name"": ""chordate embryonic development"", ""namespace"": ""biological_process"", ""evidence"": ""IMP""}, {""go_id"": ""GO:0000956"", ""term_name"": ""nuclear-transcribed mRNA catabolic process"", ""namespace"": ""biological_process"", ""evidence"": ""IMP""}, {""go_id"": ""GO:0000184"", ""term_name"": ""nuclear-transcribed mRNA catabolic process, nonsense-mediated decay"", ""namespace"": ""biological_process"", ""evidence"": ""IMP""}, {""go_id"": ""GO:2000624"", ""term_name"": ""positive regulation of nuclear-transcribed mRNA catabolic process, nonsense-mediated decay"", ""namespace"": ""biological_process"", ""evidence"": ""IMP""}, {""go_id"": ""GO:0010468"", ""term_name"": ""regulation of gene expression"", ""namespace"": ""biological_process"", ""evidence"": ""IMP""}, {""go_id"": ""GO:0033077"", ""term_name"": ""T cell differentiation in thymus"", ""namespace"": ""biological_process"", ""evidence"": ""IMP""}]"
Q98867,THAA_DANRE,THAA,zebrafish,Danio rerio (Zebrafish) (Brachydanio rerio).,RecName: Full=Thyroid hormone receptor alpha-A; Short=zTRalpha-A; AltName: Full=Nuclear receptor subfamily 1 group A member 1-A; AltName: Full=Thyroid hormone receptor alpha-1; Short=TRalpha-1;,"High affinity receptor for triiodothyronine (By similarity). In the absence of thyroid hormone during late blastula stage development, acts as a transcriptional repressor. Whereas in the presence of thyroid hormone, can act as an activator of transcription. In addition, represses retinoic acid (RA)-signaling during blastula and gastrula stages of development. {ECO:0000250, ECO:0000269|PubMed:17583703, ECO:0000269|PubMed:9447705}.",13,GO:0004879|nuclear receptor activity,GO:0007507|heart development; GO:0045892|negative regulation of DNA-templated transcription; GO:0000122|negative regulation of transcription by RNA polymerase II; GO:0014032|neural crest cell development; GO:0045893|positive regulation of DNA-templated transcription; GO:0060298|positive regulation of sarcomere organization; GO:0045944|positive regulation of transcription by RNA polymerase II; GO:0006355|regulation of DNA-templated transcription; GO:0009725|response to hormone; GO:0002154|thyroid hormone receptor signaling pathway; GO:0021591|ventricular system development,GO:0005634|nucleus,"[{""go_id"": ""GO:0005634"", ""term_name"": ""nucleus"", ""namespace"": ""cellular_component"", ""evidence"": ""IDA""}, {""go_id"": ""GO:0004879"", ""term_name"": ""nuclear receptor activity"", ""namespace"": ""molecular_function"", ""evidence"": ""IDA""}, {""go_id"": ""GO:0007507"", ""term_name"": ""heart development"", ""namespace"": ""biological_process"", ""evidence"": ""IMP""}, {""go_id"": ""GO:0045892"", ""term_name"": ""negative regulation of DNA-templated transcription"", ""namespace"": ""biological_process"", ""evidence"": ""IDA""}, {""go_id"": ""GO:0000122"", ""term_name"": ""negative regulation of transcription by RNA polymerase II"", ""namespace"": ""biological_process"", ""evidence"": ""IMP""}, {""go_id"": ""GO:0014032"", ""term_name"": ""neural crest cell development"", ""namespace"": ""biological_process"", ""evidence"": ""IMP""}, {""go_id"": ""GO:0045893"", ""term_name"": ""positive regulation of DNA-templated transcription"", ""namespace"": ""biological_process"", ""evidence"": ""IDA""}, {""go_id"": ""GO:0060298"", ""term_name"": ""positive regulation of sarcomere organization"", ""namespace"": ""biological_process"", ""evidence"": ""IMP""}, {""go_id"": ""GO:0045944"", ""term_name"": ""positive regulation of transcription by RNA polymerase II"", ""namespace"": ""biological_process"", ""evidence"": ""IMP""}, {""go_id"": ""GO:0006355"", ""term_name"": ""regulation of DNA-templated transcription"", ""namespace"": ""biological_process"", ""evidence"": ""IDA""}, {""go_id"": ""GO:0009725"", ""term_name"": ""response to hormone"", ""namespace"": ""biological_process"", ""evidence"": ""IDA""}, {""go_id"": ""GO:0002154"", ""term_name"": ""thyroid hormone receptor signaling pathway"", ""namespace"": ""biological_process"", ""evidence"": ""IMP""}, {""go_id"": ""GO:0021591"", ""term_name"": ""ventricular system development"", ""namespace"": ""biological_process"", ""evidence"": ""IMP""}]"
A0A8M1PLI9,AL7A1_DANRE,AL7A1,zebrafish,Danio rerio (Zebrafish) (Brachydanio rerio).,RecName: Full=Alpha-aminoadipic semialdehyde dehydrogenase; Short=Alpha-AASA dehydrogenase; EC=1.2.1.31 {ECO:0000269|PubMed:29053735}; AltName: Full=Aldehyde dehydrogenase family 7 member A1; EC=1.2.1.3 {ECO:0000250|UniProtKB:P49419}; AltName: Full=Betaine aldehyde dehydrogenase; EC=1.2.1.8 {ECO:0000250|UniProtKB:P49419}; Flags: Precursor;,"Aldehyde dehydrogenase enzyme that mediates important protective effects (PubMed:29053735, PubMed:29061647). Protects cells from oxidative stress by metabolizing a number of lipid peroxidation- derived aldehydes (By similarity). Involved in cellular defense against hyperosmotic stress by metabolizing betaine aldehyde to betaine, an important cellular osmolyte and methyl donor (By similarity). {ECO:0000250|UniProtKB:P49419, ECO:0000269|PubMed:29053735, ECO:0000269|PubMed:29061647}.",6,GO:0043741|alpha-aminoadipate acetyltransferase activity; GO:0004043|L-aminoadipate-semialdehyde dehydrogenase [NAD(P)+] activity,GO:0043010|camera-type eye development; GO:0051216|cartilage development; GO:0006554|lysine catabolic process; GO:0033339|pectoral fin development,,"[{""go_id"": ""GO:0043741"", ""term_name"": ""alpha-aminoadipate acetyltransferase activity"", ""namespace"": ""molecular_function"", ""evidence"": ""IMP""}, {""go_id"": ""GO:0004043"", ""term_name"": ""L-aminoadipate-semialdehyde dehydrogenase [NAD(P)+] activity"", ""namespace"": ""molecular_function"", ""evidence"": ""IMP""}, {""go_id"": ""GO:0043010"", ""term_name"": ""camera-type eye development"", ""namespace"": ""biological_process"", ""evidence"": ""IMP""}, {""go_id"": ""GO:0051216"", ""term_name"": ""cartilage development"", ""namespace"": ""biological_process"", ""evidence"": ""IMP""}, {""go_id"": ""GO:0006554"", ""term_name"": ""lysine catabolic process"", ""namespace"": ""biological_process"", ""evidence"": ""IMP""}, {""go_id"": ""GO:0033339"", ""term_name"": ""pectoral fin development"", ""namespace"": ""biological_process"", ""evidence"": ""IMP""}]"
Q6QA32,DHB3_DANRE,DHB3,zebrafish,Danio rerio (Zebrafish) (Brachydanio rerio).,"RecName: Full=17-beta-hydroxysteroid dehydrogenase type 3; Short=17-beta-HSD 3; AltName: Full=Short chain dehydrogenase/reductase family 12C member 2; AltName: Full=Testicular 17-beta-hydroxysteroid dehydrogenase; AltName: Full=Testosterone 17-beta-dehydrogenase 3 {ECO:0000305}; EC=1.1.1.64 {ECO:0000269|PubMed:16216911, ECO:0000269|PubMed:27927697};","Catalyzes the conversion of 17-oxosteroids to 17beta- hydroxysteroids in the presence of NADPH (PubMed:16216911, PubMed:27927697). Favors the reduction of androstenedione to testosterone (PubMed:16216911, PubMed:27927697). Testosterone is the key androgen driving male development and function (By similarity). Among further tested androgens epiandrosterone and dehydroepiandrosterone are accepted as substrates and reduced at C-17 (PubMed:16216911). Can also reduce 11-ketoandrostenedione as well as 11beta-hydroxyandrostenedione at C-17 to the respective testosterone forms (PubMed:16216911, PubMed:27927697). Cannot use androsterone and androstanedione as substrates (PubMed:16216911). {ECO:0000250|UniProtKB:P70385, ECO:0000269|PubMed:16216911, ECO:0000269|PubMed:27927697}.",3,GO:0047045|testosterone dehydrogenase (NADP+) activity,GO:0006702|androgen biosynthetic process,GO:0005783|endoplasmic reticulum,"[{""go_id"": ""GO:0005783"", ""term_name"": ""endoplasmic reticulum"", ""namespace"": ""cellular_component"", ""evidence"": ""IDA""}, {""go_id"": ""GO:0047045"", ""term_name"": ""testosterone dehydrogenase (NADP+) activity"", ""namespace"": ""molecular_function"", ""evidence"": ""IDA""}, {""go_id"": ""GO:0006702"", ""term_name"": ""androgen biosynthetic process"", ""namespace"": ""biological_process"", ""evidence"": ""IDA""}]"
Q5TYW4,NBAS_DANRE,NBAS,zebrafish,Danio rerio (Zebrafish) (Brachydanio rerio).,RecName: Full=NBAS subunit of NRZ tethering complex {ECO:0000250|UniProtKB:A2RRP1}; AltName: Full=Neuroblastoma-amplified gene protein homolog {ECO:0000250|UniProtKB:A2RRP1}; AltName: Full=Neuroblastoma-amplified sequence {ECO:0000303|PubMed:21227923};,"Involved in Golgi-to-endoplasmic reticulum (ER) retrograde transport; the function is proposed to depend on its association in the NRZ complex which is believed to play a role in SNARE assembly at the ER (By similarity). Required for normal embryonic development (PubMed:21227923). May play a role in the nonsense-mediated decay pathway of mRNAs containing premature stop codons (PubMed:21227923). {ECO:0000250|UniProtKB:A2RRP1, ECO:0000269|PubMed:21227923}.",5,,"GO:0043009|chordate embryonic development; GO:0048703|embryonic viscerocranium morphogenesis; GO:2000623|negative regulation of nuclear-transcribed mRNA catabolic process, nonsense-mediated decay; GO:0000956|nuclear-transcribed mRNA catabolic process; GO:0000184|nuclear-transcribed mRNA catabolic process, nonsense-mediated decay",,"[{""go_id"": ""GO:0043009"", ""term_name"": ""chordate embryonic development"", ""namespace"": ""biological_process"", ""evidence"": ""IMP""}, {""go_id"": ""GO:0048703"", ""term_name"": ""embryonic viscerocranium morphogenesis"", ""namespace"": ""biological_process"", ""evidence"": ""IMP""}, {""go_id"": ""GO:2000623"", ""term_name"": ""negative regulation of nuclear-transcribed mRNA catabolic process, nonsense-mediated decay"", ""namespace"": ""biological_process"", ""evidence"": ""IMP""}, {""go_id"": ""GO:0000956"", ""term_name"": ""nuclear-transcribed mRNA catabolic process"", ""namespace"": ""biological_process"", ""evidence"": ""IMP""}, {""go_id"": ""GO:0000184"", ""term_name"": ""nuclear-transcribed mRNA catabolic process, nonsense-mediated decay"", ""namespace"": ""biological_process"", ""evidence"": ""IMP""}]"
Q01702,DLX3B_DANRE,DLX3B,zebrafish,Danio rerio (Zebrafish) (Brachydanio rerio).,RecName: Full=Homeobox protein Dlx3b; Short=DLX-3; AltName: Full=Distal-less homeobox protein 3b;,Involved in the development of the inner ear.,19,GO:0043565|sequence-specific DNA binding,GO:0042667|auditory receptor cell fate specification; GO:0043010|camera-type eye development; GO:0051216|cartilage development; GO:0048703|embryonic viscerocranium morphogenesis; GO:0035270|endocrine system development; GO:0060119|inner ear receptor cell development; GO:0070306|lens fiber cell differentiation; GO:0048666|neuron development; GO:0071698|olfactory placode development; GO:0030910|olfactory placode formation; GO:0043049|otic placode formation; GO:0071599|otic vesicle development; GO:0030916|otic vesicle formation; GO:0071600|otic vesicle morphogenesis; GO:0048840|otolith development; GO:1903010|regulation of bone development; GO:0034505|tooth mineralization; GO:0021559|trigeminal nerve development,,"[{""go_id"": ""GO:0043565"", ""term_name"": ""sequence-specific DNA binding"", ""namespace"": ""molecular_function"", ""evidence"": ""IPI""}, {""go_id"": ""GO:0042667"", ""term_name"": ""auditory receptor cell fate specification"", ""namespace"": ""biological_process"", ""evidence"": ""IGI""}, {""go_id"": ""GO:0043010"", ""term_name"": ""camera-type eye development"", ""namespace"": ""biological_process"", ""evidence"": ""IGI""}, {""go_id"": ""GO:0051216"", ""term_name"": ""cartilage development"", ""namespace"": ""biological_process"", ""evidence"": ""IGI""}, {""go_id"": ""GO:0048703"", ""term_name"": ""embryonic viscerocranium morphogenesis"", ""namespace"": ""biological_process"", ""evidence"": ""IGI""}, {""go_id"": ""GO:0035270"", ""term_name"": ""endocrine system development"", ""namespace"": ""biological_process"", ""evidence"": ""IGI""}, {""go_id"": ""GO:0060119"", ""term_name"": ""inner ear receptor cell development"", ""namespace"": ""biological_process"", ""evidence"": ""IGI""}, {""go_id"": ""GO:0070306"", ""term_name"": ""lens fiber cell differentiation"", ""namespace"": ""biological_process"", ""evidence"": ""IGI""}, {""go_id"": ""GO:0048666"", ""term_name"": ""neuron development"", ""namespace"": ""biological_process"", ""evidence"": ""IGI""}, {""go_id"": ""GO:0071698"", ""term_name"": ""olfactory placode development"", ""namespace"": ""biological_process"", ""evidence"": ""IMP""}, {""go_id"": ""GO:0030910"", ""term_name"": ""olfactory placode formation"", ""namespace"": ""biological_process"", ""evidence"": ""IGI""}, {""go_id"": ""GO:0043049"", ""term_name"": ""otic placode formation"", ""namespace"": ""biological_process"", ""evidence"": ""IMP""}, {""go_id"": ""GO:0071599"", ""term_name"": ""otic vesicle development"", ""namespace"": ""biological_process"", ""evidence"": ""IMP""}, {""go_id"": ""GO:0030916"", ""term_name"": ""otic vesicle formation"", ""namespace"": ""biological_process"", ""evidence"": ""IMP""}, {""go_id"": ""GO:0071600"", ""term_name"": ""otic vesicle morphogenesis"", ""namespace"": ""biological_process"", ""evidence"": ""IGI""}, {""go_id"": ""GO:0048840"", ""term_name"": ""otolith development"", ""namespace"": ""biological_process"", ""evidence"": ""IMP""}, {""go_id"": ""GO:1903010"", ""term_name"": ""regulation of bone development"", ""namespace"": ""biological_process"", ""evidence"": ""IMP""}, {""go_id"": ""GO:0034505"", ""term_name"": ""tooth mineralization"", ""namespace"": ""biological_process"", ""evidence"": ""IMP""}, {""go_id"": ""GO:0021559"", ""term_name"": ""trigeminal nerve development"", ""namespace"": ""biological_process"", ""evidence"": ""IGI""}]"
Q504J1,CASPB_DANRE,CASPB,zebrafish,Danio rerio (Zebrafish) (Brachydanio rerio).,"RecName: Full=Caspase b {ECO:0000312|ZFIN:ZDB-GENE-020812-1}; EC=3.4.22.58 {ECO:0000269|PubMed:12464617, ECO:0000269|PubMed:30076291}; AltName: Full=Caspase 19a {ECO:0000312|EMBL:AWP39899.1}; Contains: RecName: Full=Caspase b subunit p20 {ECO:0000305|PubMed:30076291, ECO:0000305|PubMed:30150286}; Contains: RecName: Full=Caspase b subunit p10 {ECO:0000305|PubMed:30076291, ECO:0000305|PubMed:30150286}; Flags: Precursor;","Thiol protease which cleaves IL-1 beta (il1b), releasing the mature cytokine which is involved in a variety of inflammatory processes, and mediates apoptosis (PubMed:12464617, PubMed:30150286). Component of the NLRP1 inflammasome, which plays a crucial role in innate immunity and inflammation (PubMed:30150286). In response to pathogens and other damage-associated signals, recruited to the NLRP1 inflammasome in its precursor form following the recruitment of caspase caspa (PubMed:30150286). Its subsequent activation causes the cleavage of the midformed pro-il1b and results in il1b maturation and secretion in the extracellular milieu (PubMed:30150286). Activated by direct binding to bacterial lipopolysaccharides (LPS), which causes non- canonical inflammasome activation and results in the pyroptosis of infected cells and their extrusion into the gut lumen, as well as in cytokine secretion (PubMed:30076291). Plays a crucial role in the restriction of bacterial infection to intestinal sites (PubMed:30076291). Pyroptosis limits bacterial replication, while cytokine secretion promotes the recruitment and activation of immune cells and triggers mucosal inflammation (By similarity). Promotes pyroptosis by bacterial infection by E.piscicida (PubMed:30076291). {ECO:0000250|UniProtKB:P49662, ECO:0000269|PubMed:12464617, ECO:0000269|PubMed:30076291, ECO:0000269|PubMed:30150286}.",11,GO:0070001|aspartic-type peptidase activity; GO:0004197|cysteine-type endopeptidase activity; GO:0004175|endopeptidase activity; GO:0001530|lipopolysaccharide binding,GO:0042742|defense response to bacterium; GO:0043065|positive regulation of apoptotic process; GO:0070269|pyroptotic inflammatory response; GO:0043067|regulation of programmed cell death; GO:0097264|self proteolysis,GO:0061702|canonical inflammasome complex; GO:0072558|NLRP1 inflammasome complex,"[{""go_id"": ""GO:0061702"", ""term_name"": ""canonical inflammasome complex"", ""namespace"": ""cellular_component"", ""evidence"": ""IPI""}, {""go_id"": ""GO:0072558"", ""term_name"": ""NLRP1 inflammasome complex"", ""namespace"": ""cellular_component"", ""evidence"": ""IPI""}, {""go_id"": ""GO:0070001"", ""term_name"": ""aspartic-type peptidase activity"", ""namespace"": ""molecular_function"", ""evidence"": ""IDA""}, {""go_id"": ""GO:0004197"", ""term_name"": ""cysteine-type endopeptidase activity"", ""namespace"": ""molecular_function"", ""evidence"": ""IDA""}, {""go_id"": ""GO:0004175"", ""term_name"": ""endopeptidase activity"", ""namespace"": ""molecular_function"", ""evidence"": ""IDA""}, {""go_id"": ""GO:0001530"", ""term_name"": ""lipopolysaccharide binding"", ""namespace"": ""molecular_function"", ""evidence"": ""IDA""}, {""go_id"": ""GO:0042742"", ""term_name"": ""defense response to bacterium"", ""namespace"": ""biological_process"", ""evidence"": ""IDA""}, {""go_id"": ""GO:0043065"", ""term_name"": ""positive regulation of apoptotic process"", ""namespace"": ""biological_process"", ""evidence"": ""IDA""}, {""go_id"": ""GO:0070269"", ""term_name"": ""pyroptotic inflammatory response"", ""namespace"": ""biological_process"", ""evidence"": ""IDA""}, {""go_id"": ""GO:0043067"", ""term_name"": ""regulation of programmed cell death"", ""namespace"": ""biological_process"", ""evidence"": ""IDA""}, {""go_id"": ""GO:0097264"", ""term_name"": ""self proteolysis"", ""namespace"": ""biological_process"", ""evidence"": ""IDA""}]"
Q9PTP1,PCNA_DANRE,PCNA,zebrafish,Danio rerio (Zebrafish) (Brachydanio rerio).,RecName: Full=DNA sliding clamp PCNA {ECO:0000305}; AltName: Full=Proliferating cell nuclear antigen; Short=PCNA;,"Confers DNA tethering and processivity to DNA polymerases and other proteins. Auxiliary protein of DNA polymerase delta and epsilon, is involved in the control of DNA replication by increasing the polymerases' processivity during elongation of the leading strand. {ECO:0000250|UniProtKB:P12004}.",3,,GO:0014823|response to activity; GO:0009617|response to bacterium,GO:0005634|nucleus,"[{""go_id"": ""GO:0005634"", ""term_name"": ""nucleus"", ""namespace"": ""cellular_component"", ""evidence"": ""IDA""}, {""go_id"": ""GO:0014823"", ""term_name"": ""response to activity"", ""namespace"": ""biological_process"", ""evidence"": ""IDA""}, {""go_id"": ""GO:0009617"", ""term_name"": ""response to bacterium"", ""namespace"": ""biological_process"", ""evidence"": ""IDA""}]"
Q06S87,HIUH_DANRE,HIUH,zebrafish,Danio rerio (Zebrafish) (Brachydanio rerio).,RecName: Full=5-hydroxyisourate hydrolase; Short=HIU hydrolase; Short=HIUHase; EC=3.5.2.17; AltName: Full=Transthyretin-related protein;,Catalyzes the hydrolysis of 5-hydroxyisourate (HIU) to 2-oxo- 4-hydroxy-4-carboxy-5-ureidoimidazoline (OHCU).,3,"GO:0016811|hydrolase activity, acting on carbon-nitrogen (but not peptide) bonds, in linear amides; GO:0033971|hydroxyisourate hydrolase activity",GO:0006144|purine nucleobase metabolic process,,"[{""go_id"": ""GO:0016811"", ""term_name"": ""hydrolase activity, acting on carbon-nitrogen (but not peptide) bonds, in linear amides"", ""namespace"": ""molecular_function"", ""evidence"": ""IDA""}, {""go_id"": ""GO:0033971"", ""term_name"": ""hydroxyisourate hydrolase activity"", ""namespace"": ""molecular_function"", ""evidence"": ""IDA""}, {""go_id"": ""GO:0006144"", ""term_name"": ""purine nucleobase metabolic process"", ""namespace"": ""biological_process"", ""evidence"": ""IDA""}]"
E9QG33,LCA5_DANRE,LCA5,zebrafish,Danio rerio (Zebrafish) (Brachydanio rerio).,RecName: Full=Lebercilin;,Involved in intraflagellar protein (IFT) transport in photoreceptor cilia. Plays a role in the ciliary transport of photoreceptors outer segment proteins. {ECO:0000269|PubMed:31348989}.,3,,GO:0045494|photoreceptor cell maintenance; GO:0035845|photoreceptor cell outer segment organization; GO:1903546|protein localization to photoreceptor outer segment,,"[{""go_id"": ""GO:0045494"", ""term_name"": ""photoreceptor cell maintenance"", ""namespace"": ""biological_process"", ""evidence"": ""IMP""}, {""go_id"": ""GO:0035845"", ""term_name"": ""photoreceptor cell outer segment organization"", ""namespace"": ""biological_process"", ""evidence"": ""IMP""}, {""go_id"": ""GO:1903546"", ""term_name"": ""protein localization to photoreceptor outer segment"", ""namespace"": ""biological_process"", ""evidence"": ""IMP""}]"
P0DP88,MYMX_DANRE,MYMX,zebrafish,Danio rerio (Zebrafish) (Brachydanio rerio).,RecName: Full=Protein myomixer {ECO:0000303|PubMed:29078404};,"Myoblast-specific protein that mediates myoblast fusion, an essential step for the formation of multi-nucleated muscle fibers (PubMed:28386024, PubMed:29078404). Involved in membrane fusion downstream of the lipid mixing step mediated by mymk. Acts by generating membrane stresses via its extracellular C-terminus, leading to drive fusion pore formation (By similarity). {ECO:0000250|UniProtKB:Q2Q5T5, ECO:0000269|PubMed:28386024, ECO:0000269|PubMed:29078404}.",3,,GO:0007520|myoblast fusion; GO:0045026|plasma membrane fusion,GO:0005886|plasma membrane,"[{""go_id"": ""GO:0005886"", ""term_name"": ""plasma membrane"", ""namespace"": ""cellular_component"", ""evidence"": ""IDA""}, {""go_id"": ""GO:0007520"", ""term_name"": ""myoblast fusion"", ""namespace"": ""biological_process"", ""evidence"": ""IDA""}, {""go_id"": ""GO:0045026"", ""term_name"": ""plasma membrane fusion"", ""namespace"": ""biological_process"", ""evidence"": ""IMP""}]"
Q56A40,CCD40_DANRE,CCD40,zebrafish,Danio rerio (Zebrafish) (Brachydanio rerio).,RecName: Full=Coiled-coil domain-containing protein 40 {ECO:0000305}; AltName: Full=Protein locke {ECO:0000303|PubMed:21131972};,"Required for assembly of dynein regulatory complex (DRC) and inner dynein arm (IDA) complexes, which are responsible for ciliary beat regulation, thereby playing a central role in motility in cilia and flagella. Probably acts together with ccdc39 to form a molecular ruler that determines the 96 nanometer (nm) repeat length and arrangements of components in cilia and flagella. {ECO:0000250|UniProtKB:A8IQT2, ECO:0000250|UniProtKB:Q4G0X9}.",10,,GO:0035082|axoneme assembly; GO:0060271|cilium assembly; GO:0003341|cilium movement; GO:0007368|determination of left/right symmetry; GO:0003143|embryonic heart tube morphogenesis; GO:0060287|epithelial cilium movement involved in determination of left/right asymmetry; GO:0003351|epithelial cilium movement involved in extracellular fluid movement; GO:0003146|heart jogging; GO:0001947|heart looping; GO:0048793|pronephros development,,"[{""go_id"": ""GO:0035082"", ""term_name"": ""axoneme assembly"", ""namespace"": ""biological_process"", ""evidence"": ""IMP""}, {""go_id"": ""GO:0060271"", ""term_name"": ""cilium assembly"", ""namespace"": ""biological_process"", ""evidence"": ""IMP""}, {""go_id"": ""GO:0003341"", ""term_name"": ""cilium movement"", ""namespace"": ""biological_process"", ""evidence"": ""IMP""}, {""go_id"": ""GO:0007368"", ""term_name"": ""determination of left/right symmetry"", ""namespace"": ""biological_process"", ""evidence"": ""IMP""}, {""go_id"": ""GO:0003143"", ""term_name"": ""embryonic heart tube morphogenesis"", ""namespace"": ""biological_process"", ""evidence"": ""IMP""}, {""go_id"": ""GO:0060287"", ""term_name"": ""epithelial cilium movement involved in determination of left/right asymmetry"", ""namespace"": ""biological_process"", ""evidence"": ""IMP""}, {""go_id"": ""GO:0003351"", ""term_name"": ""epithelial cilium movement involved in extracellular fluid movement"", ""namespace"": ""biological_process"", ""evidence"": ""IMP""}, {""go_id"": ""GO:0003146"", ""term_name"": ""heart jogging"", ""namespace"": ""biological_process"", ""evidence"": ""IMP""}, {""go_id"": ""GO:0001947"", ""term_name"": ""heart looping"", ""namespace"": ""biological_process"", ""evidence"": ""IMP""}, {""go_id"": ""GO:0048793"", ""term_name"": ""pronephros development"", ""namespace"": ""biological_process"", ""evidence"": ""IMP""}]"
F1QEG2,KL41B_DANRE,KL41B,zebrafish,Danio rerio (Zebrafish) (Brachydanio rerio).,RecName: Full=Kelch-like protein 41b; AltName: Full=Kelch repeat and BTB domain-containing protein 10b;,Involved in skeletal muscle development and maintenance. {ECO:0000269|PubMed:24268659}.,4,,GO:0060297|regulation of sarcomere organization; GO:0045214|sarcomere organization; GO:0048741|skeletal muscle fiber development; GO:0036269|swimming behavior,,"[{""go_id"": ""GO:0060297"", ""term_name"": ""regulation of sarcomere organization"", ""namespace"": ""biological_process"", ""evidence"": ""IGI""}, {""go_id"": ""GO:0045214"", ""term_name"": ""sarcomere organization"", ""namespace"": ""biological_process"", ""evidence"": ""IMP""}, {""go_id"": ""GO:0048741"", ""term_name"": ""skeletal muscle fiber development"", ""namespace"": ""biological_process"", ""evidence"": ""IMP""}, {""go_id"": ""GO:0036269"", ""term_name"": ""swimming behavior"", ""namespace"": ""biological_process"", ""evidence"": ""IGI""}]"
Q8JHJ1,RL35_DANRE,RL35,zebrafish,Danio rerio (Zebrafish) (Brachydanio rerio).,RecName: Full=Large ribosomal subunit protein uL29 {ECO:0000305}; AltName: Full=60S ribosomal protein L35;,"Component of the large ribosomal subunit. The ribosome is a large ribonucleoprotein complex responsible for the synthesis of proteins in the cell (By similarity). Plays an essential role in early embryonic development (PubMed:12006978). May act as a haploinsufficient tumor suppressor (PubMed:15138505). {ECO:0000250|UniProtKB:P42766, ECO:0000269|PubMed:12006978, ECO:0000269|PubMed:15138505}.",3,,GO:0043009|chordate embryonic development; GO:0030218|erythrocyte differentiation; GO:0051726|regulation of cell cycle,,"[{""go_id"": ""GO:0043009"", ""term_name"": ""chordate embryonic development"", ""namespace"": ""biological_process"", ""evidence"": ""IMP""}, {""go_id"": ""GO:0030218"", ""term_name"": ""erythrocyte differentiation"", ""namespace"": ""biological_process"", ""evidence"": ""IMP""}, {""go_id"": ""GO:0051726"", ""term_name"": ""regulation of cell cycle"", ""namespace"": ""biological_process"", ""evidence"": ""IMP""}]"
Q6NWH2,MRPB_DANRE,MRPB,zebrafish,Danio rerio (Zebrafish) (Brachydanio rerio).,RecName: Full=MARCKS-related protein 1-B {ECO:0000305}; AltName: Full=MARCKS-like protein 1-A {ECO:0000303|PubMed:27554589}; AltName: Full=MARCKS-like protein 1-B {ECO:0000312|ZFIN:ZDB-GENE-040426-2315};,Involved in the control of cell movement by regulating actin cytoskeleton homeostasis and filopodium and lamellipodium formation. {ECO:0000250|UniProtKB:P28667}.,4,,GO:0072554|blood vessel lumenization; GO:0051216|cartilage development; GO:0007417|central nervous system development; GO:0003407|neural retina development,,"[{""go_id"": ""GO:0072554"", ""term_name"": ""blood vessel lumenization"", ""namespace"": ""biological_process"", ""evidence"": ""IMP""}, {""go_id"": ""GO:0051216"", ""term_name"": ""cartilage development"", ""namespace"": ""biological_process"", ""evidence"": ""IMP""}, {""go_id"": ""GO:0007417"", ""term_name"": ""central nervous system development"", ""namespace"": ""biological_process"", ""evidence"": ""IMP""}, {""go_id"": ""GO:0003407"", ""term_name"": ""neural retina development"", ""namespace"": ""biological_process"", ""evidence"": ""IMP""}]"
B7ZC96,KCMA1_DANRE,KCMA1,zebrafish,Danio rerio (Zebrafish) (Brachydanio rerio).,"RecName: Full=Calcium-activated potassium channel subunit alpha-1a {ECO:0000305}; AltName: Full=BK channel {ECO:0000305|PubMed:22139424}; AltName: Full=Potassium large conductance calcium-activated channel, subfamily M, alpha member 1a {ECO:0000312|ZFIN:ZDB-GENE-070202-9}; AltName: Full=Slo1a {ECO:0000312|ZFIN:ZDB-GENE-070202-9}; AltName: Full=Slowpoke homolog {ECO:0000305};","Potassium channel activated by both membrane depolarization or increase in cytosolic Ca(2+) that mediates export of K(+) (PubMed:22139424). It is also activated by the concentration of cytosolic Mg(2+) (By similarity). Its activation dampens the excitatory events that elevate the cytosolic Ca(2+) concentration and/or depolarize the cell membrane (By similarity). It therefore contributes to repolarization of the membrane potential (By similarity). Involved in determining peripheral auditory sensitivity (PubMed:24803460). {ECO:0000250|UniProtKB:Q12791, ECO:0000269|PubMed:24803460, ECO:0000303|PubMed:22139424}.",4,GO:0005509|calcium ion binding; GO:0015269|calcium-activated potassium channel activity,GO:0071805|potassium ion transmembrane transport,GO:0016020|membrane,"[{""go_id"": ""GO:0016020"", ""term_name"": ""membrane"", ""namespace"": ""cellular_component"", ""evidence"": ""IDA""}, {""go_id"": ""GO:0005509"", ""term_name"": ""calcium ion binding"", ""namespace"": ""molecular_function"", ""evidence"": ""IDA""}, {""go_id"": ""GO:0015269"", ""term_name"": ""calcium-activated potassium channel activity"", ""namespace"": ""molecular_function"", ""evidence"": ""IDA""}, {""go_id"": ""GO:0071805"", ""term_name"": ""potassium ion transmembrane transport"", ""namespace"": ""biological_process"", ""evidence"": ""IDA""}]"
Q9PVF7,PLAKA_DANRE,PLAKA,zebrafish,Danio rerio (Zebrafish) (Brachydanio rerio).,RecName: Full=Junction plakoglobin a {ECO:0000312|ZFIN:ZDB-GENE-991207-22}; AltName: Full=Gamma-catenin {ECO:0000303|Ref.3}; AltName: Full=Plakoglobin {ECO:0000303|Ref.3}; AltName: Full=Plakoglobin-1a {ECO:0000303|PubMed:19101534};,"Common junctional plaque protein (By similarity). Required for Kupffer's vesicle lumen fluid retention and expansion during embryogenesis via maintenance of cell-cell adhesion junction integrity (PubMed:29376824). Plays an important role in cell-cell adhesion via maintenance of desmosome and adherens junctions in the heart and is thereby required for heart and vasculature development, potentially via regulation of the Wnt signaling pathway (PubMed:19101534). {ECO:0000250|UniProtKB:Q02257, ECO:0000269|PubMed:19101534, ECO:0000269|PubMed:29376824}.",13,,GO:0034334|adherens junction maintenance; GO:0003181|atrioventricular valve morphogenesis; GO:0002160|desmosome maintenance; GO:0007507|heart development; GO:0070121|Kupffer's vesicle development; GO:0030178|negative regulation of Wnt signaling pathway,GO:0005912|adherens junction; GO:0016342|catenin complex; GO:0005911|cell-cell junction; GO:0030057|desmosome; GO:0014704|intercalated disc; GO:0005634|nucleus; GO:0005886|plasma membrane,"[{""go_id"": ""GO:0005912"", ""term_name"": ""adherens junction"", ""namespace"": ""cellular_component"", ""evidence"": ""IDA""}, {""go_id"": ""GO:0016342"", ""term_name"": ""catenin complex"", ""namespace"": ""cellular_component"", ""evidence"": ""IDA""}, {""go_id"": ""GO:0005911"", ""term_name"": ""cell-cell junction"", ""namespace"": ""cellular_component"", ""evidence"": ""IDA""}, {""go_id"": ""GO:0030057"", ""term_name"": ""desmosome"", ""namespace"": ""cellular_component"", ""evidence"": ""IDA""}, {""go_id"": ""GO:0014704"", ""term_name"": ""intercalated disc"", ""namespace"": ""cellular_component"", ""evidence"": ""IDA""}, {""go_id"": ""GO:0005634"", ""term_name"": ""nucleus"", ""namespace"": ""cellular_component"", ""evidence"": ""IDA""}, {""go_id"": ""GO:0005886"", ""term_name"": ""plasma membrane"", ""namespace"": ""cellular_component"", ""evidence"": ""IDA""}, {""go_id"": ""GO:0034334"", ""term_name"": ""adherens junction maintenance"", ""namespace"": ""biological_process"", ""evidence"": ""IMP""}, {""go_id"": ""GO:0003181"", ""term_name"": ""atrioventricular valve morphogenesis"", ""namespace"": ""biological_process"", ""evidence"": ""IMP""}, {""go_id"": ""GO:0002160"", ""term_name"": ""desmosome maintenance"", ""namespace"": ""biological_process"", ""evidence"": ""IMP""}, {""go_id"": ""GO:0007507"", ""term_name"": ""heart development"", ""namespace"": ""biological_process"", ""evidence"": ""IMP""}, {""go_id"": ""GO:0070121"", ""term_name"": ""Kupffer's vesicle development"", ""namespace"": ""biological_process"", ""evidence"": ""IMP""}, {""go_id"": ""GO:0030178"", ""term_name"": ""negative regulation of Wnt signaling pathway"", ""namespace"": ""biological_process"", ""evidence"": ""IMP""}]"
Q6Q420,RS15A_DANRE,RS15A,zebrafish,Danio rerio (Zebrafish) (Brachydanio rerio).,RecName: Full=Small ribosomal subunit protein uS8 {ECO:0000305}; AltName: Full=40S ribosomal protein S15a {ECO:0000250|UniProtKB:P62244};,"Component of the small ribosomal subunit (By similarity). Part of the small subunit (SSU) processome, first precursor of the small eukaryotic ribosomal subunit. During the assembly of the SSU processome in the nucleolus, many ribosome biogenesis factors, an RNA chaperone and ribosomal proteins associate with the nascent pre-rRNA and work in concert to generate RNA folding, modifications, rearrangements and cleavage as well as targeted degradation of pre- ribosomal RNA by the RNA exosome (By similarity). Required for erythropoiesis during embryonic development (PubMed:27909223). {ECO:0000250|UniProtKB:P62244, ECO:0000269|PubMed:27909223}.",4,,GO:0007420|brain development; GO:0043009|chordate embryonic development; GO:0030218|erythrocyte differentiation; GO:0051726|regulation of cell cycle,,"[{""go_id"": ""GO:0007420"", ""term_name"": ""brain development"", ""namespace"": ""biological_process"", ""evidence"": ""IMP""}, {""go_id"": ""GO:0043009"", ""term_name"": ""chordate embryonic development"", ""namespace"": ""biological_process"", ""evidence"": ""IMP""}, {""go_id"": ""GO:0030218"", ""term_name"": ""erythrocyte differentiation"", ""namespace"": ""biological_process"", ""evidence"": ""IMP""}, {""go_id"": ""GO:0051726"", ""term_name"": ""regulation of cell cycle"", ""namespace"": ""biological_process"", ""evidence"": ""IMP""}]"
O42115,ARX_DANRE,ARX,zebrafish,Danio rerio (Zebrafish) (Brachydanio rerio).,RecName: Full=Aristaless-related homeobox protein; Short=ARX;,Transcription factor (By similarity). Appears to be indispensable for the central nervous system development. May have a role in the neuronal differentiation of the ganglionic eminence and ventral thalamus. May also be involved in axonal guidance in the floor plate. {ECO:0000250|UniProtKB:Q96QS3}.,5,,GO:0048666|neuron development; GO:0003322|pancreatic A cell development; GO:0021539|subthalamus development; GO:0021537|telencephalon development; GO:0021794|thalamus development,,"[{""go_id"": ""GO:0048666"", ""term_name"": ""neuron development"", ""namespace"": ""biological_process"", ""evidence"": ""IMP""}, {""go_id"": ""GO:0003322"", ""term_name"": ""pancreatic A cell development"", ""namespace"": ""biological_process"", ""evidence"": ""IMP""}, {""go_id"": ""GO:0021539"", ""term_name"": ""subthalamus development"", ""namespace"": ""biological_process"", ""evidence"": ""IMP""}, {""go_id"": ""GO:0021537"", ""term_name"": ""telencephalon development"", ""namespace"": ""biological_process"", ""evidence"": ""IMP""}, {""go_id"": ""GO:0021794"", ""term_name"": ""thalamus development"", ""namespace"": ""biological_process"", ""evidence"": ""IMP""}]"
Q68SP4,CADH5_DANRE,CADH5,zebrafish,Danio rerio (Zebrafish) (Brachydanio rerio).,RecName: Full=Cadherin-5 {ECO:0000312|ZFIN:ZDB-GENE-040816-1}; AltName: Full=Vascular endothelial cadherin {ECO:0000303|PubMed:15305301}; Short=VE-cadherin {ECO:0000303|PubMed:15305301}; Flags: Precursor;,"Cadherins are calcium-dependent cell adhesion proteins (By similarity). They preferentially interact with themselves in a homophilic manner in connecting cells; cadherins may thus contribute to the sorting of heterogeneous cell types (By similarity). Required for embryonic cardiac looping and heart chamber development, via promotion of cell-cell junction formation and subsequent attachment between the endothelial and myocardial layers of the heart (PubMed:20098718). Required for the directional migration and delamination of endothelial cell monolayers, by which common cardinal veins form via the lumen ensheathment mechanism of vessel development as they migrate and connect with the heart inflow tract (PubMed:23698350). Required for the formation of filopodia extensions (sprouts) at the initiation of intersegmental vessel development, by acting (via its C-terminus) to facilitate anchoring of the actin cytoskeleton to cell junctions in endothelial cells (PubMed:25373898). Then positively regulates dorsal migration of stalk cells and sprout outgrowth towards the dorsal longitudinal anastomotic vessels (DLAV) via endothelial cell elongation (PubMed:25373898). Following contact with the DLAV, required for intersegmental vessel lumen formation, potentially via facilitating the formation and/or extension of endothelial cell tight junctions that are required during tubulogenesis (PubMed:20736288). {ECO:0000250|UniProtKB:P33151, ECO:0000255|RuleBase:RU004357, ECO:0000269|PubMed:20098718, ECO:0000269|PubMed:20736288, ECO:0000269|PubMed:23698350, ECO:0000269|PubMed:25373898}.",14,,GO:0120077|angiogenic sprout fusion; GO:1902354|blood vessel endothelial cell delamination involved in blood vessel lumen ensheathment; GO:0072554|blood vessel lumenization; GO:0120078|cell adhesion involved in sprouting angiogenesis; GO:0045216|cell-cell junction organization; GO:0061300|cerebellum vasculature development; GO:1902355|endothelial tube lumen extension involved in blood vessel lumen ensheathment; GO:0007507|heart development; GO:0016525|negative regulation of angiogenesis; GO:1901342|regulation of vasculature development; GO:0002040|sprouting angiogenesis; GO:0009826|unidimensional cell growth; GO:0001944|vasculature development,GO:0005911|cell-cell junction,"[{""go_id"": ""GO:0005911"", ""term_name"": ""cell-cell junction"", ""namespace"": ""cellular_component"", ""evidence"": ""IDA""}, {""go_id"": ""GO:0120077"", ""term_name"": ""angiogenic sprout fusion"", ""namespace"": ""biological_process"", ""evidence"": ""IMP""}, {""go_id"": ""GO:1902354"", ""term_name"": ""blood vessel endothelial cell delamination involved in blood vessel lumen ensheathment"", ""namespace"": ""biological_process"", ""evidence"": ""IMP""}, {""go_id"": ""GO:0072554"", ""term_name"": ""blood vessel lumenization"", ""namespace"": ""biological_process"", ""evidence"": ""IMP""}, {""go_id"": ""GO:0120078"", ""term_name"": ""cell adhesion involved in sprouting angiogenesis"", ""namespace"": ""biological_process"", ""evidence"": ""IGI""}, {""go_id"": ""GO:0045216"", ""term_name"": ""cell-cell junction organization"", ""namespace"": ""biological_process"", ""evidence"": ""IMP""}, {""go_id"": ""GO:0061300"", ""term_name"": ""cerebellum vasculature development"", ""namespace"": ""biological_process"", ""evidence"": ""IMP""}, {""go_id"": ""GO:1902355"", ""term_name"": ""endothelial tube lumen extension involved in blood vessel lumen ensheathment"", ""namespace"": ""biological_process"", ""evidence"": ""IMP""}, {""go_id"": ""GO:0007507"", ""term_name"": ""heart development"", ""namespace"": ""biological_process"", ""evidence"": ""IMP""}, {""go_id"": ""GO:0016525"", ""term_name"": ""negative regulation of angiogenesis"", ""namespace"": ""biological_process"", ""evidence"": ""IMP""}, {""go_id"": ""GO:1901342"", ""term_name"": ""regulation of vasculature development"", ""namespace"": ""biological_process"", ""evidence"": ""IGI""}, {""go_id"": ""GO:0002040"", ""term_name"": ""sprouting angiogenesis"", ""namespace"": ""biological_process"", ""evidence"": ""IMP""}, {""go_id"": ""GO:0009826"", ""term_name"": ""unidimensional cell growth"", ""namespace"": ""biological_process"", ""evidence"": ""IMP""}, {""go_id"": ""GO:0001944"", ""term_name"": ""vasculature development"", ""namespace"": ""biological_process"", ""evidence"": ""IGI""}]"
A1L271,GNB5A_DANRE,GNB5A,zebrafish,Danio rerio (Zebrafish) (Brachydanio rerio).,RecName: Full=Guanine nucleotide-binding protein subunit beta-5a;,"Enhances GTPase-activating protein (GAP) activity of regulator of G protein signaling (RGS) proteins, such as RGS7 and RGS9, hence involved in the termination of the signaling initiated by the G protein coupled receptors (GPCRs) by accelerating the GTP hydrolysis on the G-alpha subunits, thereby promoting their inactivation (By similarity). Increases RGS7 GTPase-activating protein (GAP) activity, thereby regulating mood and cognition (By similarity). Increases RGS9 GTPase-activating protein (GAP) activity, hence contributes to the deactivation of G protein signaling initiated by D(2) dopamine receptors (By similarity). Along with gnb5b, plays an important role in neuronal signaling, including in the parasympathetic, but not sympathetic, control of heart rate (PubMed:27523599). {ECO:0000250|UniProtKB:O14775, ECO:0000250|UniProtKB:P62881, ECO:0000269|PubMed:27523599}.",3,,GO:0060047|heart contraction; GO:0007634|optokinetic behavior; GO:0036269|swimming behavior,,"[{""go_id"": ""GO:0060047"", ""term_name"": ""heart contraction"", ""namespace"": ""biological_process"", ""evidence"": ""IGI""}, {""go_id"": ""GO:0007634"", ""term_name"": ""optokinetic behavior"", ""namespace"": ""biological_process"", ""evidence"": ""IGI""}, {""go_id"": ""GO:0036269"", ""term_name"": ""swimming behavior"", ""namespace"": ""biological_process"", ""evidence"": ""IGI""}]"
Q90419,TWHH_DANRE,TWHH,zebrafish,Danio rerio (Zebrafish) (Brachydanio rerio).,RecName: Full=Tiggy-winkle hedgehog protein {ECO:0000305}; Short=TWHH; EC=3.1.-.- {ECO:0000250|UniProtKB:Q62226}; AltName: Full=Sonic hedgehog protein B; Short=SHHB; Contains: RecName: Full=Tiggy-winkle hedgehog protein N-product; AltName: Full=Shh N-terminal processed signaling domains {ECO:0000250|UniProtKB:Q62226}; Short=ShhNp {ECO:0000250|UniProtKB:Q62226}; AltName: Full=Sonic hedgehog protein N-product; Short=ShhN; Flags: Precursor;,"[Tiggy-winkle hedgehog protein]: The C-terminal part of the tiggy-winkle hedgehog protein precursor displays an autoproteolysis and a cholesterol transferase activity (By similarity). Both activities result in the cleavage of the full-length protein into two parts (N- product and C-product) followed by the covalent attachment of a cholesterol moiety to the C-terminal of the newly generated N-product (By similarity). Both activities occur in the endoplasmic reticulum (By similarity). Once cleaved, the C-product is degraded in the endoplasmic reticulum (By similarity). {ECO:0000250|UniProtKB:Q15465, ECO:0000250|UniProtKB:Q62226, ECO:0000269|PubMed:7583153}.",8,,GO:0048702|embryonic neurocranium morphogenesis; GO:0048703|embryonic viscerocranium morphogenesis; GO:0060956|endocardial cell differentiation; GO:0030900|forebrain development; GO:0042063|gliogenesis; GO:0030182|neuron differentiation; GO:0048663|neuron fate commitment; GO:0055002|striated muscle cell development,,"[{""go_id"": ""GO:0048702"", ""term_name"": ""embryonic neurocranium morphogenesis"", ""namespace"": ""biological_process"", ""evidence"": ""IGI""}, {""go_id"": ""GO:0048703"", ""term_name"": ""embryonic viscerocranium morphogenesis"", ""namespace"": ""biological_process"", ""evidence"": ""IGI""}, {""go_id"": ""GO:0060956"", ""term_name"": ""endocardial cell differentiation"", ""namespace"": ""biological_process"", ""evidence"": ""IGI""}, {""go_id"": ""GO:0030900"", ""term_name"": ""forebrain development"", ""namespace"": ""biological_process"", ""evidence"": ""IMP""}, {""go_id"": ""GO:0042063"", ""term_name"": ""gliogenesis"", ""namespace"": ""biological_process"", ""evidence"": ""IGI""}, {""go_id"": ""GO:0030182"", ""term_name"": ""neuron differentiation"", ""namespace"": ""biological_process"", ""evidence"": ""IMP""}, {""go_id"": ""GO:0048663"", ""term_name"": ""neuron fate commitment"", ""namespace"": ""biological_process"", ""evidence"": ""IGI""}, {""go_id"": ""GO:0055002"", ""term_name"": ""striated muscle cell development"", ""namespace"": ""biological_process"", ""evidence"": ""IGI""}]"
O42222,GDF8_DANRE,GDF8,zebrafish,Danio rerio (Zebrafish) (Brachydanio rerio).,RecName: Full=Growth/differentiation factor 8; Short=GDF-8; AltName: Full=Myostatin; AltName: Full=Myostatin-1; Short=zfMSTN-1; AltName: Full=Myostatin-B; Flags: Precursor;,"Acts specifically as a negative regulator of skeletal muscle growth. May down-regulate muscle-specific transcription factors such as myod and myog. {ECO:0000269|PubMed:14555747, ECO:0000269|PubMed:15042708, ECO:0000269|PubMed:16005092}.",13,GO:0008083|growth factor activity,GO:0110021|cardiac muscle myoblast proliferation; GO:0006955|immune response; GO:0007517|muscle organ development; GO:0110023|negative regulation of cardiac muscle myoblast proliferation; GO:0045926|negative regulation of growth; GO:0045967|negative regulation of growth rate; GO:0048642|negative regulation of skeletal muscle tissue development; GO:0045843|negative regulation of striated muscle tissue development; GO:0014738|regulation of muscle hyperplasia; GO:0007519|skeletal muscle tissue development; GO:0007179|transforming growth factor beta receptor signaling pathway; GO:0003222|ventricular trabecula myocardium morphogenesis,,"[{""go_id"": ""GO:0008083"", ""term_name"": ""growth factor activity"", ""namespace"": ""molecular_function"", ""evidence"": ""IDA""}, {""go_id"": ""GO:0110021"", ""term_name"": ""cardiac muscle myoblast proliferation"", ""namespace"": ""biological_process"", ""evidence"": ""IMP""}, {""go_id"": ""GO:0006955"", ""term_name"": ""immune response"", ""namespace"": ""biological_process"", ""evidence"": ""IMP""}, {""go_id"": ""GO:0007517"", ""term_name"": ""muscle organ development"", ""namespace"": ""biological_process"", ""evidence"": ""IDA""}, {""go_id"": ""GO:0110023"", ""term_name"": ""negative regulation of cardiac muscle myoblast proliferation"", ""namespace"": ""biological_process"", ""evidence"": ""IMP""}, {""go_id"": ""GO:0045926"", ""term_name"": ""negative regulation of growth"", ""namespace"": ""biological_process"", ""evidence"": ""IDA""}, {""go_id"": ""GO:0045967"", ""term_name"": ""negative regulation of growth rate"", ""namespace"": ""biological_process"", ""evidence"": ""IDA""}, {""go_id"": ""GO:0048642"", ""term_name"": ""negative regulation of skeletal muscle tissue development"", ""namespace"": ""biological_process"", ""evidence"": ""IMP""}, {""go_id"": ""GO:0045843"", ""term_name"": ""negative regulation of striated muscle tissue development"", ""namespace"": ""biological_process"", ""evidence"": ""IDA""}, {""go_id"": ""GO:0014738"", ""term_name"": ""regulation of muscle hyperplasia"", ""namespace"": ""biological_process"", ""evidence"": ""IMP""}, {""go_id"": ""GO:0007519"", ""term_name"": ""skeletal muscle tissue development"", ""namespace"": ""biological_process"", ""evidence"": ""IDA""}, {""go_id"": ""GO:0007179"", ""term_name"": ""transforming growth factor beta receptor signaling pathway"", ""namespace"": ""biological_process"", ""evidence"": ""IDA""}, {""go_id"": ""GO:0003222"", ""term_name"": ""ventricular trabecula myocardium morphogenesis"", ""namespace"": ""biological_process"", ""evidence"": ""IMP""}]"
Q9IBD0,CELF1_DANRE,CELF1,zebrafish,Danio rerio (Zebrafish) (Brachydanio rerio).,RecName: Full=CUGBP Elav-like family member 1; Short=CELF-1; AltName: Full=Bruno-like protein 2; AltName: Full=CUG triplet repeat RNA-binding protein 1; Short=CUG-BP1; AltName: Full=CUG-BP- and ETR-3-like factor 1; AltName: Full=EDEN-BP/Bruno-like protein; AltName: Full=RNA-binding protein BRUNOL-2;,"RNA-binding protein implicated in the regulation of several post-transcriptional events. May be involved in mRNA translation activation and stability (By similarity). Involved in the regulation of muscle-specific splicing of alpha actinin pre-mRNAs via the binding to the UR-repeat element (URE) at the branch point of the non-muscle (NM) exon. {ECO:0000250, ECO:0000269|PubMed:11895477}.",4,,GO:0016477|cell migration; GO:0048588|developmental cell growth; GO:0001889|liver development; GO:0061113|pancreas morphogenesis,,"[{""go_id"": ""GO:0016477"", ""term_name"": ""cell migration"", ""namespace"": ""biological_process"", ""evidence"": ""IMP""}, {""go_id"": ""GO:0048588"", ""term_name"": ""developmental cell growth"", ""namespace"": ""biological_process"", ""evidence"": ""IMP""}, {""go_id"": ""GO:0001889"", ""term_name"": ""liver development"", ""namespace"": ""biological_process"", ""evidence"": ""IMP""}, {""go_id"": ""GO:0061113"", ""term_name"": ""pancreas morphogenesis"", ""namespace"": ""biological_process"", ""evidence"": ""IMP""}]"
P0CI65,NPHP3_DANRE,NPHP3,zebrafish,Danio rerio (Zebrafish) (Brachydanio rerio).,RecName: Full=Nephrocystin-3;,Required for normal ciliary development and function. Inhibits disheveled-1-induced canonical Wnt-signaling activity and may also play a role in the control of non-canonical Wnt signaling that regulates planar cell polarity. Probably acts as a molecular switch between different Wnt signaling pathways. Required for proper convergent extension cell movements. {ECO:0000269|PubMed:20462968}.,7,,GO:0060271|cilium assembly; GO:0060026|convergent extension; GO:0003146|heart jogging; GO:0070121|Kupffer's vesicle development; GO:0060972|left/right pattern formation; GO:0048793|pronephros development; GO:0007601|visual perception,,"[{""go_id"": ""GO:0060271"", ""term_name"": ""cilium assembly"", ""namespace"": ""biological_process"", ""evidence"": ""IMP""}, {""go_id"": ""GO:0060026"", ""term_name"": ""convergent extension"", ""namespace"": ""biological_process"", ""evidence"": ""IMP""}, {""go_id"": ""GO:0003146"", ""term_name"": ""heart jogging"", ""namespace"": ""biological_process"", ""evidence"": ""IMP""}, {""go_id"": ""GO:0070121"", ""term_name"": ""Kupffer's vesicle development"", ""namespace"": ""biological_process"", ""evidence"": ""IMP""}, {""go_id"": ""GO:0060972"", ""term_name"": ""left/right pattern formation"", ""namespace"": ""biological_process"", ""evidence"": ""IMP""}, {""go_id"": ""GO:0048793"", ""term_name"": ""pronephros development"", ""namespace"": ""biological_process"", ""evidence"": ""IGI""}, {""go_id"": ""GO:0007601"", ""term_name"": ""visual perception"", ""namespace"": ""biological_process"", ""evidence"": ""IMP""}]"
Q568T5,CHODL_DANRE,CHODL,zebrafish,Danio rerio (Zebrafish) (Brachydanio rerio).,RecName: Full=Chondrolectin; Flags: Precursor;,Plays a role in the development of the nervous system such as in neurite outgrowth and elongation. Involved in motor axon growth and guidance. Required for correct interactions of motor axons with the horizontal myoseptum. {ECO:0000269|PubMed:22457492}.,4,,GO:0007409|axonogenesis; GO:0008045|motor neuron axon guidance; GO:0050772|positive regulation of axonogenesis; GO:0060386|synapse assembly involved in innervation,,"[{""go_id"": ""GO:0007409"", ""term_name"": ""axonogenesis"", ""namespace"": ""biological_process"", ""evidence"": ""IMP""}, {""go_id"": ""GO:0008045"", ""term_name"": ""motor neuron axon guidance"", ""namespace"": ""biological_process"", ""evidence"": ""IGI""}, {""go_id"": ""GO:0050772"", ""term_name"": ""positive regulation of axonogenesis"", ""namespace"": ""biological_process"", ""evidence"": ""IGI""}, {""go_id"": ""GO:0060386"", ""term_name"": ""synapse assembly involved in innervation"", ""namespace"": ""biological_process"", ""evidence"": ""IMP""}]"
Q5BJI7,SMY2A_DANRE,SMY2A,zebrafish,Danio rerio (Zebrafish) (Brachydanio rerio).,RecName: Full=N-lysine methyltransferase SMYD2-A; EC=2.1.1.- {ECO:0000250|UniProtKB:Q9NRG4}; AltName: Full=Histone methyltransferase SMYD2-A; EC=2.1.1.354 {ECO:0000250|UniProtKB:Q9NRG4}; AltName: Full=SET and MYND domain-containing protein 2A;,"Protein-lysine N-methyltransferase that methylates both histones and non-histone proteins, including p53/TP53 and RB1. Specifically trimethylates histone H3 'Lys-4' (H3K4me3) in vivo. The activity requires interaction with HSP90alpha. Shows even higher methyltransferase activity on p53/TP53. Monomethylates 'Lys-370' of p53/TP53, leading to decreased DNA-binding activity and subsequent transcriptional regulation activity of p53/TP53. Monomethylates RB1 at 'Lys-860'. {ECO:0000250|UniProtKB:Q9NRG4}.",5,,GO:0033336|caudal fin development; GO:0060047|heart contraction; GO:0007507|heart development; GO:0060297|regulation of sarcomere organization; GO:0007519|skeletal muscle tissue development,,"[{""go_id"": ""GO:0033336"", ""term_name"": ""caudal fin development"", ""namespace"": ""biological_process"", ""evidence"": ""IMP""}, {""go_id"": ""GO:0060047"", ""term_name"": ""heart contraction"", ""namespace"": ""biological_process"", ""evidence"": ""IMP""}, {""go_id"": ""GO:0007507"", ""term_name"": ""heart development"", ""namespace"": ""biological_process"", ""evidence"": ""IMP""}, {""go_id"": ""GO:0060297"", ""term_name"": ""regulation of sarcomere organization"", ""namespace"": ""biological_process"", ""evidence"": ""IMP""}, {""go_id"": ""GO:0007519"", ""term_name"": ""skeletal muscle tissue development"", ""namespace"": ""biological_process"", ""evidence"": ""IMP""}]"
Q7SZK7,OFD1_DANRE,OFD1,zebrafish,Danio rerio (Zebrafish) (Brachydanio rerio).,RecName: Full=Centriole and centriolar satellite protein ofd1 {ECO:0000305}; AltName: Full=Oral-facial-digital syndrome 1 protein homolog;,"Component of the centrioles controlling mother and daughter centrioles length. Involved in the biogenesis of the cilium, a centriole-associated function. The cilium is a cell surface projection found in many vertebrate cells required to transduce signals important for development and tissue homeostasis. Plays an important role in development by regulating Wnt signaling and the specification of the left-right axis. {ECO:0000269|PubMed:12782125}.",7,,GO:0060026|convergent extension; GO:0060027|convergent extension involved in gastrulation; GO:0061371|determination of heart left/right asymmetry; GO:0060287|epithelial cilium movement involved in determination of left/right asymmetry,GO:0005813|centrosome; GO:0036064|ciliary basal body; GO:0005634|nucleus,"[{""go_id"": ""GO:0005813"", ""term_name"": ""centrosome"", ""namespace"": ""cellular_component"", ""evidence"": ""IDA""}, {""go_id"": ""GO:0036064"", ""term_name"": ""ciliary basal body"", ""namespace"": ""cellular_component"", ""evidence"": ""IDA""}, {""go_id"": ""GO:0005634"", ""term_name"": ""nucleus"", ""namespace"": ""cellular_component"", ""evidence"": ""IDA""}, {""go_id"": ""GO:0060026"", ""term_name"": ""convergent extension"", ""namespace"": ""biological_process"", ""evidence"": ""IMP""}, {""go_id"": ""GO:0060027"", ""term_name"": ""convergent extension involved in gastrulation"", ""namespace"": ""biological_process"", ""evidence"": ""IMP""}, {""go_id"": ""GO:0061371"", ""term_name"": ""determination of heart left/right asymmetry"", ""namespace"": ""biological_process"", ""evidence"": ""IMP""}, {""go_id"": ""GO:0060287"", ""term_name"": ""epithelial cilium movement involved in determination of left/right asymmetry"", ""namespace"": ""biological_process"", ""evidence"": ""IMP""}]"
F1QSQ0,DSC2L_DANRE,DSC2L,zebrafish,Danio rerio (Zebrafish) (Brachydanio rerio).,RecName: Full=Desmocollin 2-like protein {ECO:0000305}; Flags: Precursor;,"A component of desmosome cell-cell junctions which are required for positive regulation of cellular adhesion (PubMed:22235774). Involved in the interaction of plaque proteins and intermediate filaments mediating cell-cell adhesion (PubMed:22235774). Involved in the formation and structural organization of desmosome cell-cell junctions during embryonic development (PubMed:22235774). Required for embryogenesis, specifically for progression of epiboly and normal convergence-extension movements during gastrulation (PubMed:22235774). Required for the development of desmosomal-rich midlines in the heart (PubMed:17186466). Plays an important role in ventricular contraction and resulting heart stroke volume (PubMed:17186466, PubMed:33784018). {ECO:0000269|PubMed:17186466, ECO:0000269|PubMed:22235774, ECO:0000269|PubMed:33784018}.",6,,GO:0060027|convergent extension involved in gastrulation; GO:0002159|desmosome assembly; GO:0055113|epiboly involved in gastrulation with mouth forming second; GO:0060047|heart contraction; GO:0007507|heart development; GO:0003007|heart morphogenesis,,"[{""go_id"": ""GO:0060027"", ""term_name"": ""convergent extension involved in gastrulation"", ""namespace"": ""biological_process"", ""evidence"": ""IMP""}, {""go_id"": ""GO:0002159"", ""term_name"": ""desmosome assembly"", ""namespace"": ""biological_process"", ""evidence"": ""IMP""}, {""go_id"": ""GO:0055113"", ""term_name"": ""epiboly involved in gastrulation with mouth forming second"", ""namespace"": ""biological_process"", ""evidence"": ""IMP""}, {""go_id"": ""GO:0060047"", ""term_name"": ""heart contraction"", ""namespace"": ""biological_process"", ""evidence"": ""IMP""}, {""go_id"": ""GO:0007507"", ""term_name"": ""heart development"", ""namespace"": ""biological_process"", ""evidence"": ""IMP""}, {""go_id"": ""GO:0003007"", ""term_name"": ""heart morphogenesis"", ""namespace"": ""biological_process"", ""evidence"": ""IMP""}]"
Q8UVC1,INVS_DANRE,INVS,zebrafish,Danio rerio (Zebrafish) (Brachydanio rerio).,RecName: Full=Inversin;,"Required for normal renal development and establishment of left-right axis. Probably acts as a molecular switch between different Wnt signaling pathways. Inhibits the canonical Wnt pathway by targeting cytoplasmic disheveled for degradation by the ubiquitin-proteasome. This suggests that it is required in renal development to oppose the repression of terminal differentiation of tubular epithelial cells by Wnt signaling. {ECO:0000269|PubMed:12872123, ECO:0000269|PubMed:15852005}.",10,,GO:0010171|body morphogenesis; GO:0035844|cloaca development; GO:0060027|convergent extension involved in gastrulation; GO:0001736|establishment of planar polarity; GO:0001947|heart looping; GO:0001822|kidney development; GO:0036372|opsin transport; GO:0072116|pronephros formation; GO:0072114|pronephros morphogenesis,GO:0005929|cilium,"[{""go_id"": ""GO:0005929"", ""term_name"": ""cilium"", ""namespace"": ""cellular_component"", ""evidence"": ""IDA""}, {""go_id"": ""GO:0010171"", ""term_name"": ""body morphogenesis"", ""namespace"": ""biological_process"", ""evidence"": ""IMP""}, {""go_id"": ""GO:0035844"", ""term_name"": ""cloaca development"", ""namespace"": ""biological_process"", ""evidence"": ""IGI""}, {""go_id"": ""GO:0060027"", ""term_name"": ""convergent extension involved in gastrulation"", ""namespace"": ""biological_process"", ""evidence"": ""IGI""}, {""go_id"": ""GO:0001736"", ""term_name"": ""establishment of planar polarity"", ""namespace"": ""biological_process"", ""evidence"": ""IGI""}, {""go_id"": ""GO:0001947"", ""term_name"": ""heart looping"", ""namespace"": ""biological_process"", ""evidence"": ""IGI""}, {""go_id"": ""GO:0001822"", ""term_name"": ""kidney development"", ""namespace"": ""biological_process"", ""evidence"": ""IMP""}, {""go_id"": ""GO:0036372"", ""term_name"": ""opsin transport"", ""namespace"": ""biological_process"", ""evidence"": ""IMP""}, {""go_id"": ""GO:0072116"", ""term_name"": ""pronephros formation"", ""namespace"": ""biological_process"", ""evidence"": ""IGI""}, {""go_id"": ""GO:0072114"", ""term_name"": ""pronephros morphogenesis"", ""namespace"": ""biological_process"", ""evidence"": ""IGI""}]"
Q90ZE2,ZN703_DANRE,ZN703,zebrafish,Danio rerio (Zebrafish) (Brachydanio rerio).,RecName: Full=Zinc finger protein 703; AltName: Full=NocA-like zinc finger protein 1; AltName: Full=NocA-related zinc finger protein 1;,"Transcriptional corepressor which does not bind directly to DNA and may regulate transcription through recruitment of histone deacetylases to gene promoters. Required for segmental gene expression during hindbrain development. May regulate cell adhesion, migration and proliferation. {ECO:0000269|PubMed:14550789, ECO:0000269|PubMed:14709556, ECO:0000269|PubMed:15042707, ECO:0000269|PubMed:19014486}.",9,GO:0042826|histone deacetylase binding,GO:0007420|brain development; GO:0060271|cilium assembly; GO:0007368|determination of left/right symmetry; GO:0048596|embryonic camera-type eye morphogenesis; GO:0030902|hindbrain development; GO:0045892|negative regulation of DNA-templated transcription,GO:0000118|histone deacetylase complex; GO:0005634|nucleus,"[{""go_id"": ""GO:0000118"", ""term_name"": ""histone deacetylase complex"", ""namespace"": ""cellular_component"", ""evidence"": ""IDA""}, {""go_id"": ""GO:0005634"", ""term_name"": ""nucleus"", ""namespace"": ""cellular_component"", ""evidence"": ""IDA""}, {""go_id"": ""GO:0042826"", ""term_name"": ""histone deacetylase binding"", ""namespace"": ""molecular_function"", ""evidence"": ""IDA""}, {""go_id"": ""GO:0007420"", ""term_name"": ""brain development"", ""namespace"": ""biological_process"", ""evidence"": ""IMP""}, {""go_id"": ""GO:0060271"", ""term_name"": ""cilium assembly"", ""namespace"": ""biological_process"", ""evidence"": ""IMP""}, {""go_id"": ""GO:0007368"", ""term_name"": ""determination of left/right symmetry"", ""namespace"": ""biological_process"", ""evidence"": ""IMP""}, {""go_id"": ""GO:0048596"", ""term_name"": ""embryonic camera-type eye morphogenesis"", ""namespace"": ""biological_process"", ""evidence"": ""IMP""}, {""go_id"": ""GO:0030902"", ""term_name"": ""hindbrain development"", ""namespace"": ""biological_process"", ""evidence"": ""IGI""}, {""go_id"": ""GO:0045892"", ""term_name"": ""negative regulation of DNA-templated transcription"", ""namespace"": ""biological_process"", ""evidence"": ""IMP""}]"
Q7SYE0,ATG13_DANRE,ATG13,zebrafish,Danio rerio (Zebrafish) (Brachydanio rerio).,RecName: Full=Autophagy-related protein 13;,"Autophagy factor required for autophagosome formation. Target of the TOR kinase signaling pathway that regulates autophagy through the control of the phosphorylation status of ATG13 and ULK1, and the regulation of the ATG13-ULK1-RB1CC1 complex. {ECO:0000250}.",3,,GO:1902732|positive regulation of chondrocyte proliferation; GO:0010506|regulation of autophagy; GO:0061181|regulation of chondrocyte development,,"[{""go_id"": ""GO:1902732"", ""term_name"": ""positive regulation of chondrocyte proliferation"", ""namespace"": ""biological_process"", ""evidence"": ""IMP""}, {""go_id"": ""GO:0010506"", ""term_name"": ""regulation of autophagy"", ""namespace"": ""biological_process"", ""evidence"": ""IMP""}, {""go_id"": ""GO:0061181"", ""term_name"": ""regulation of chondrocyte development"", ""namespace"": ""biological_process"", ""evidence"": ""IMP""}]"
Q8JFR5,KITA_DANRE,KITA,zebrafish,Danio rerio (Zebrafish) (Brachydanio rerio).,RecName: Full=Mast/stem cell growth factor receptor kita; Short=SCFR; EC=2.7.10.1; AltName: Full=Tyrosine-protein kinase Kit; Flags: Precursor;,"Tyrosine-protein kinase that acts as a cell-surface receptor for the cytokine kitlg/scf and plays a role in the regulation of cell survival and proliferation, hematopoiesis, stem cell maintenance, gametogenesis, and in mast cell development, migration and function. Required for the migration of cells in the melanocyte lineage and the survival of embryonic melanocytes. Required for the differentiation of some, but not all, melanocytes. Not essential for hematopoiesis or primordial germ cell development. {ECO:0000269|PubMed:10393121}.",7,,GO:0048066|developmental pigmentation; GO:0014831|gastro-intestinal system smooth muscle contraction; GO:1902362|melanocyte apoptotic process; GO:0030318|melanocyte differentiation; GO:0097324|melanocyte migration; GO:0043473|pigmentation; GO:0048865|stem cell fate commitment,,"[{""go_id"": ""GO:0048066"", ""term_name"": ""developmental pigmentation"", ""namespace"": ""biological_process"", ""evidence"": ""IMP""}, {""go_id"": ""GO:0014831"", ""term_name"": ""gastro-intestinal system smooth muscle contraction"", ""namespace"": ""biological_process"", ""evidence"": ""IMP""}, {""go_id"": ""GO:1902362"", ""term_name"": ""melanocyte apoptotic process"", ""namespace"": ""biological_process"", ""evidence"": ""IMP""}, {""go_id"": ""GO:0030318"", ""term_name"": ""melanocyte differentiation"", ""namespace"": ""biological_process"", ""evidence"": ""IMP""}, {""go_id"": ""GO:0097324"", ""term_name"": ""melanocyte migration"", ""namespace"": ""biological_process"", ""evidence"": ""IMP""}, {""go_id"": ""GO:0043473"", ""term_name"": ""pigmentation"", ""namespace"": ""biological_process"", ""evidence"": ""IMP""}, {""go_id"": ""GO:0048865"", ""term_name"": ""stem cell fate commitment"", ""namespace"": ""biological_process"", ""evidence"": ""IMP""}]"
Q98SP7,BBS2_DANRE,BBS2,zebrafish,Danio rerio (Zebrafish) (Brachydanio rerio).,RecName: Full=BBSome complex member BBS2 {ECO:0000305}; AltName: Full=Bardet-Biedl syndrome 2 protein homolog;,The BBSome complex is thought to function as a coat complex required for sorting of specific membrane proteins to the primary cilia. {ECO:0000250|UniProtKB:Q9BXC9}.,8,,GO:0060271|cilium assembly; GO:0007368|determination of left/right symmetry; GO:0007369|gastrulation; GO:0070121|Kupffer's vesicle development; GO:0032402|melanosome transport; GO:0045494|photoreceptor cell maintenance; GO:0051877|pigment granule aggregation in cell center; GO:0042478|regulation of eye photoreceptor cell development,,"[{""go_id"": ""GO:0060271"", ""term_name"": ""cilium assembly"", ""namespace"": ""biological_process"", ""evidence"": ""IMP""}, {""go_id"": ""GO:0007368"", ""term_name"": ""determination of left/right symmetry"", ""namespace"": ""biological_process"", ""evidence"": ""IGI""}, {""go_id"": ""GO:0007369"", ""term_name"": ""gastrulation"", ""namespace"": ""biological_process"", ""evidence"": ""IMP""}, {""go_id"": ""GO:0070121"", ""term_name"": ""Kupffer's vesicle development"", ""namespace"": ""biological_process"", ""evidence"": ""IMP""}, {""go_id"": ""GO:0032402"", ""term_name"": ""melanosome transport"", ""namespace"": ""biological_process"", ""evidence"": ""IMP""}, {""go_id"": ""GO:0045494"", ""term_name"": ""photoreceptor cell maintenance"", ""namespace"": ""biological_process"", ""evidence"": ""IMP""}, {""go_id"": ""GO:0051877"", ""term_name"": ""pigment granule aggregation in cell center"", ""namespace"": ""biological_process"", ""evidence"": ""IMP""}, {""go_id"": ""GO:0042478"", ""term_name"": ""regulation of eye photoreceptor cell development"", ""namespace"": ""biological_process"", ""evidence"": ""IMP""}]"
Q98862,IHH_DANRE,IHH,zebrafish,Danio rerio (Zebrafish) (Brachydanio rerio).,RecName: Full=Indian hedgehog B protein; Short=IHHB; EC=3.1.-.- {ECO:0000250|UniProtKB:Q62226}; AltName: Full=Echidna hedgehog protein {ECO:0000303|PubMed:8684485}; Short=EHH; Contains: RecName: Full=Indian hedgehog B protein N-product; Flags: Precursor;,"Signal involved in the early induction and patterning of anterodorsal ectoderm, nervous system and somites (By similarity). It is involved in the regulation of endochondral skeleton formation, and the development of retinal pigment epithelium (RPE), photoreceptors and periocular tissues (By similarity). {ECO:0000250|UniProtKB:P97812, ECO:0000250|UniProtKB:Q91612}.",3,,GO:0048709|oligodendrocyte differentiation; GO:0070445|regulation of oligodendrocyte progenitor proliferation; GO:0055002|striated muscle cell development,,"[{""go_id"": ""GO:0048709"", ""term_name"": ""oligodendrocyte differentiation"", ""namespace"": ""biological_process"", ""evidence"": ""IMP""}, {""go_id"": ""GO:0070445"", ""term_name"": ""regulation of oligodendrocyte progenitor proliferation"", ""namespace"": ""biological_process"", ""evidence"": ""IMP""}, {""go_id"": ""GO:0055002"", ""term_name"": ""striated muscle cell development"", ""namespace"": ""biological_process"", ""evidence"": ""IGI""}]"
Q08BI9,MCU_DANRE,MCU,zebrafish,Danio rerio (Zebrafish) (Brachydanio rerio).,"RecName: Full=Calcium uniporter protein, mitochondrial; Flags: Precursor;","Channel-forming and calcium-conducting subunit of the mitochondrial inner membrane calcium uniporter complex (uniplex), which mediates calcium uptake into the mitochondrial matrix (PubMed:29995857). Mcu channel activity is regulated by the calcium- sensor subunits of the uniplex micu1 and micu2 (By similarity). Mitochondrial calcium homeostasis plays key roles in cellular physiology and regulates ATP production, cytoplasmic calcium signals and activation of cell death pathways (By similarity). Involved in buffering the amplitude of systolic calcium rises in cardiomyocytes (By similarity). While dispensable for baseline homeostatic cardiac function, acts as a key regulator of short-term mitochondrial calcium loading underlying a 'fight-or-flight' response during acute stress: acts by mediating a rapid increase of mitochondrial calcium in pacemaker cells (By similarity). Mitochondrial calcium uptake in skeletal muscle cells is involved in muscle size in adults (By similarity). {ECO:0000250|UniProtKB:Q3UMR5, ECO:0000250|UniProtKB:Q8NE86, ECO:0000269|PubMed:29995857}.",7,GO:0042802|identical protein binding,GO:0007015|actin filament organization; GO:0036444|calcium import into the mitochondrion; GO:0043009|chordate embryonic development; GO:0060027|convergent extension involved in gastrulation; GO:0051560|mitochondrial calcium ion homeostasis; GO:0008016|regulation of heart contraction,,"[{""go_id"": ""GO:0042802"", ""term_name"": ""identical protein binding"", ""namespace"": ""molecular_function"", ""evidence"": ""IPI""}, {""go_id"": ""GO:0007015"", ""term_name"": ""actin filament organization"", ""namespace"": ""biological_process"", ""evidence"": ""IMP""}, {""go_id"": ""GO:0036444"", ""term_name"": ""calcium import into the mitochondrion"", ""namespace"": ""biological_process"", ""evidence"": ""IDA""}, {""go_id"": ""GO:0043009"", ""term_name"": ""chordate embryonic development"", ""namespace"": ""biological_process"", ""evidence"": ""IMP""}, {""go_id"": ""GO:0060027"", ""term_name"": ""convergent extension involved in gastrulation"", ""namespace"": ""biological_process"", ""evidence"": ""IMP""}, {""go_id"": ""GO:0051560"", ""term_name"": ""mitochondrial calcium ion homeostasis"", ""namespace"": ""biological_process"", ""evidence"": ""IMP""}, {""go_id"": ""GO:0008016"", ""term_name"": ""regulation of heart contraction"", ""namespace"": ""biological_process"", ""evidence"": ""IMP""}]"
G8XYX6,MOT8_DANRE,MOT8,zebrafish,Danio rerio (Zebrafish) (Brachydanio rerio).,RecName: Full=Monocarboxylate transporter 8; Short=MCT 8; AltName: Full=Solute carrier family 16 member 2;,"Specific thyroid hormone transmembrane transporter, that mediates both uptake and efflux of thyroid hormones across the cell membrane independently of pH or a Na(+) gradient (PubMed:21952246, PubMed:31436139). The substrate preference is 3,3-diiodothyronine (3,3'-T2) and T3 and to a lesser extentd T4 and rT3. Acts as a crucial regulator during embryonic development (PubMed:23161551). {ECO:0000269|PubMed:21952246, ECO:0000269|PubMed:23161551, ECO:0000269|PubMed:31436139}.",15,GO:0070324|thyroid hormone binding; GO:0015349|thyroid hormone transmembrane transporter activity,GO:0007420|brain development; GO:0007417|central nervous system development; GO:0043009|chordate embryonic development; GO:0040011|locomotion; GO:0030182|neuron differentiation; GO:0048709|oligodendrocyte differentiation; GO:0071632|optomotor response; GO:2000609|regulation of thyroid hormone generation; GO:0014037|Schwann cell differentiation; GO:0021510|spinal cord development; GO:0021529|spinal cord oligodendrocyte cell differentiation; GO:0030878|thyroid gland development; GO:0019226|transmission of nerve impulse,,"[{""go_id"": ""GO:0070324"", ""term_name"": ""thyroid hormone binding"", ""namespace"": ""molecular_function"", ""evidence"": ""IDA""}, {""go_id"": ""GO:0015349"", ""term_name"": ""thyroid hormone transmembrane transporter activity"", ""namespace"": ""molecular_function"", ""evidence"": ""IDA""}, {""go_id"": ""GO:0007420"", ""term_name"": ""brain development"", ""namespace"": ""biological_process"", ""evidence"": ""IMP""}, {""go_id"": ""GO:0007417"", ""term_name"": ""central nervous system development"", ""namespace"": ""biological_process"", ""evidence"": ""IMP""}, {""go_id"": ""GO:0043009"", ""term_name"": ""chordate embryonic development"", ""namespace"": ""biological_process"", ""evidence"": ""IMP""}, {""go_id"": ""GO:0040011"", ""term_name"": ""locomotion"", ""namespace"": ""biological_process"", ""evidence"": ""IMP""}, {""go_id"": ""GO:0030182"", ""term_name"": ""neuron differentiation"", ""namespace"": ""biological_process"", ""evidence"": ""IMP""}, {""go_id"": ""GO:0048709"", ""term_name"": ""oligodendrocyte differentiation"", ""namespace"": ""biological_process"", ""evidence"": ""IMP""}, {""go_id"": ""GO:0071632"", ""term_name"": ""optomotor response"", ""namespace"": ""biological_process"", ""evidence"": ""IMP""}, {""go_id"": ""GO:2000609"", ""term_name"": ""regulation of thyroid hormone generation"", ""namespace"": ""biological_process"", ""evidence"": ""IMP""}, {""go_id"": ""GO:0014037"", ""term_name"": ""Schwann cell differentiation"", ""namespace"": ""biological_process"", ""evidence"": ""IMP""}, {""go_id"": ""GO:0021510"", ""term_name"": ""spinal cord development"", ""namespace"": ""biological_process"", ""evidence"": ""IMP""}, {""go_id"": ""GO:0021529"", ""term_name"": ""spinal cord oligodendrocyte cell differentiation"", ""namespace"": ""biological_process"", ""evidence"": ""IMP""}, {""go_id"": ""GO:0030878"", ""term_name"": ""thyroid gland development"", ""namespace"": ""biological_process"", ""evidence"": ""IMP""}, {""go_id"": ""GO:0019226"", ""term_name"": ""transmission of nerve impulse"", ""namespace"": ""biological_process"", ""evidence"": ""IMP""}]"
C5H5C4,NOT1A_DANRE,NOT1A,zebrafish,Danio rerio (Zebrafish) (Brachydanio rerio).,RecName: Full=Palmitoleoyl-protein carboxylesterase notum1a {ECO:0000250|UniProtKB:Q6P988}; EC=3.1.1.98 {ECO:0000250|UniProtKB:Q6P988}; Flags: Precursor;,"Carboxylesterase that acts as a key negative regulator of the Wnt signaling pathway (PubMed:22669824). Acts by specifically mediating depalmitoleoylation of WNT proteins. Serine palmitoleoylation of WNT proteins is required for efficient binding to frizzled receptors (By similarity). {ECO:0000250|UniProtKB:Q6P988, ECO:0000269|PubMed:22669824}.",4,GO:0004621|glycosylphosphatidylinositol phospholipase D activity,GO:0009952|anterior/posterior pattern specification; GO:0090090|negative regulation of canonical Wnt signaling pathway; GO:0021532|neural tube patterning,,"[{""go_id"": ""GO:0004621"", ""term_name"": ""glycosylphosphatidylinositol phospholipase D activity"", ""namespace"": ""molecular_function"", ""evidence"": ""IDA""}, {""go_id"": ""GO:0009952"", ""term_name"": ""anterior/posterior pattern specification"", ""namespace"": ""biological_process"", ""evidence"": ""IMP""}, {""go_id"": ""GO:0090090"", ""term_name"": ""negative regulation of canonical Wnt signaling pathway"", ""namespace"": ""biological_process"", ""evidence"": ""IDA""}, {""go_id"": ""GO:0021532"", ""term_name"": ""neural tube patterning"", ""namespace"": ""biological_process"", ""evidence"": ""IMP""}]"
F1QLP1,DHI2_DANRE,DHI2,zebrafish,Danio rerio (Zebrafish) (Brachydanio rerio).,"RecName: Full=11-beta-hydroxysteroid dehydrogenase type 2 {ECO:0000303|PubMed:23042946}; Short=11-DH2; Short=11-beta-HSD2 {ECO:0000303|PubMed:23042946, ECO:0000303|PubMed:33387577}; AltName: Full=11-beta-hydroxysteroid dehydrogenase type II; Short=11-HSD type II; Short=11-beta-HSD type II; AltName: Full=Corticosteroid 11-beta-dehydrogenase isozyme 2 {ECO:0000305}; AltName: Full=NAD-dependent 11-beta-hydroxysteroid dehydrogenase;","Catalyzes the conversion of biologically active 11beta- hydroxyglucocorticoids (11beta-hydroxysteroid) such as cortisol, to inactive 11-ketoglucocorticoids (11-oxosteroid) such as cortisone, in the presence of NAD(+) (PubMed:22796344, PubMed:23042946, PubMed:27927697, PubMed:33387577). Cortisol is the primary glucocorticoid in teleosts and is released to increase glucose bioavailability in order to meet the increased energy demands in response to stress (PubMed:23042946). Functions as a dehydrogenase (oxidase), thereby decreasing the concentration of active glucocorticoids, regulating the hypothalamus-pituitary-interrenal (HPI) axis function in adult fish (PubMed:23042946). Decreasing the excess glucocorticoids may be of relevance to brain function and neural proliferation (PubMed:23042946). Plays a key role by catalyzing the oxidation of 11beta-hydroxytestosterone (11beta,17beta- dihydroxyandrost-4-ene-3-one) to 11-ketotestosterone (17beta- hydroxyandrost-4-ene-3,11-dione), the major fish androgen, that activates androgen receptor transcriptional activity (PubMed:22796344, PubMed:27927697). Catalyzes the conversion of 11beta- hydroxyandrostenedione (11beta-hydroxyandrost-4-ene-3,17-dione) to 11- ketoandrostenedione (androst-4-ene-3,11,17-trione), which can be further metabolized to 11-ketotestosterone (PubMed:27927697). Exerts a dual role in fish by inactivating glucocorticoids and activating androgens (PubMed:22796344, PubMed:27927697). {ECO:0000269|PubMed:22796344, ECO:0000269|PubMed:23042946, ECO:0000269|PubMed:27927697, ECO:0000269|PubMed:33387577, ECO:0000303|PubMed:22796344, ECO:0000303|PubMed:23042946, ECO:0000303|PubMed:27927697}.",3,GO:0070523|11-beta-hydroxysteroid dehydrogenase (NAD+) activity,GO:0034650|cortisol metabolic process; GO:0033555|multicellular organismal response to stress,,"[{""go_id"": ""GO:0070523"", ""term_name"": ""11-beta-hydroxysteroid dehydrogenase (NAD+) activity"", ""namespace"": ""molecular_function"", ""evidence"": ""IDA""}, {""go_id"": ""GO:0034650"", ""term_name"": ""cortisol metabolic process"", ""namespace"": ""biological_process"", ""evidence"": ""IDA""}, {""go_id"": ""GO:0033555"", ""term_name"": ""multicellular organismal response to stress"", ""namespace"": ""biological_process"", ""evidence"": ""IDA""}]"
P53544,GSC_DANRE,GSC,zebrafish,Danio rerio (Zebrafish) (Brachydanio rerio).,RecName: Full=Homeobox protein goosecoid; AltName: Full=ZGSC;,,8,,GO:0009948|anterior/posterior axis specification; GO:0007420|brain development; GO:0009950|dorsal/ventral axis specification; GO:0009953|dorsal/ventral pattern formation; GO:0021999|neural plate anterior/posterior regionalization; GO:0060234|neuroblast delamination; GO:0071599|otic vesicle development; GO:0010717|regulation of epithelial to mesenchymal transition,,"[{""go_id"": ""GO:0009948"", ""term_name"": ""anterior/posterior axis specification"", ""namespace"": ""biological_process"", ""evidence"": ""IDA""}, {""go_id"": ""GO:0007420"", ""term_name"": ""brain development"", ""namespace"": ""biological_process"", ""evidence"": ""IGI""}, {""go_id"": ""GO:0009950"", ""term_name"": ""dorsal/ventral axis specification"", ""namespace"": ""biological_process"", ""evidence"": ""IEP""}, {""go_id"": ""GO:0009953"", ""term_name"": ""dorsal/ventral pattern formation"", ""namespace"": ""biological_process"", ""evidence"": ""IDA""}, {""go_id"": ""GO:0021999"", ""term_name"": ""neural plate anterior/posterior regionalization"", ""namespace"": ""biological_process"", ""evidence"": ""IGI""}, {""go_id"": ""GO:0060234"", ""term_name"": ""neuroblast delamination"", ""namespace"": ""biological_process"", ""evidence"": ""IMP""}, {""go_id"": ""GO:0071599"", ""term_name"": ""otic vesicle development"", ""namespace"": ""biological_process"", ""evidence"": ""IMP""}, {""go_id"": ""GO:0010717"", ""term_name"": ""regulation of epithelial to mesenchymal transition"", ""namespace"": ""biological_process"", ""evidence"": ""IMP""}]"
Q2WG80,RIPP1_DANRE,RIPP1,zebrafish,Danio rerio (Zebrafish) (Brachydanio rerio).,RecName: Full=Protein ripply1;,"Plays a role in somitogenesis. Essential for transcriptional repression of the segmental patterning genes, thus terminating the segmentation program in the presomitic mesoderm, and also required for the maintenance of rostrocaudal polarity in somites. {ECO:0000269|PubMed:16326386}.",8,,GO:0009880|embryonic pattern specification; GO:0045892|negative regulation of DNA-templated transcription; GO:0048641|regulation of skeletal muscle tissue development; GO:0061053|somite development; GO:0032525|somite rostral/caudal axis specification; GO:0001757|somite specification; GO:0001756|somitogenesis,GO:0005634|nucleus,"[{""go_id"": ""GO:0005634"", ""term_name"": ""nucleus"", ""namespace"": ""cellular_component"", ""evidence"": ""IDA""}, {""go_id"": ""GO:0009880"", ""term_name"": ""embryonic pattern specification"", ""namespace"": ""biological_process"", ""evidence"": ""IMP""}, {""go_id"": ""GO:0045892"", ""term_name"": ""negative regulation of DNA-templated transcription"", ""namespace"": ""biological_process"", ""evidence"": ""IMP""}, {""go_id"": ""GO:0048641"", ""term_name"": ""regulation of skeletal muscle tissue development"", ""namespace"": ""biological_process"", ""evidence"": ""IMP""}, {""go_id"": ""GO:0061053"", ""term_name"": ""somite development"", ""namespace"": ""biological_process"", ""evidence"": ""IMP""}, {""go_id"": ""GO:0032525"", ""term_name"": ""somite rostral/caudal axis specification"", ""namespace"": ""biological_process"", ""evidence"": ""IMP""}, {""go_id"": ""GO:0001757"", ""term_name"": ""somite specification"", ""namespace"": ""biological_process"", ""evidence"": ""IMP""}, {""go_id"": ""GO:0001756"", ""term_name"": ""somitogenesis"", ""namespace"": ""biological_process"", ""evidence"": ""IGI""}]"
F1QEB7,WDR11_DANRE,WDR11,zebrafish,Danio rerio (Zebrafish) (Brachydanio rerio).,RecName: Full=WD repeat-containing protein 11 {ECO:0000305};,"Involved in the Hedgehog (Hh) signaling pathway, is essential for normal ciliogenesis (PubMed:29263200). Regulates the proteolytic processing of gli3 and cooperates with the transcription factor emx1 in the induction of downstream Hh pathway gene expression and gonadotropin-releasing hormone production. WDR11 complex facilitates the tethering of Adaptor protein-1 complex (AP-1)-derived vesicles. {ECO:0000250|UniProtKB:Q9BZH6, ECO:0000269|PubMed:29263200}.",3,,GO:0060271|cilium assembly; GO:0001755|neural crest cell migration,GO:0005930|axoneme,"[{""go_id"": ""GO:0005930"", ""term_name"": ""axoneme"", ""namespace"": ""cellular_component"", ""evidence"": ""IDA""}, {""go_id"": ""GO:0060271"", ""term_name"": ""cilium assembly"", ""namespace"": ""biological_process"", ""evidence"": ""IMP""}, {""go_id"": ""GO:0001755"", ""term_name"": ""neural crest cell migration"", ""namespace"": ""biological_process"", ""evidence"": ""IMP""}]"
Q7SXW4,EMC3_DANRE,EMC3,zebrafish,Danio rerio (Zebrafish) (Brachydanio rerio).,RecName: Full=ER membrane protein complex subunit 3; AltName: Full=Protein pob; AltName: Full=Transmembrane protein 111;,"Part of the endoplasmic reticulum membrane protein complex (EMC) that enables the energy-independent insertion into endoplasmic reticulum membranes of newly synthesized membrane proteins. Preferentially accommodates proteins with transmembrane domains that are weakly hydrophobic or contain destabilizing features such as charged and aromatic residues. Involved in the cotranslational insertion of multi-pass membrane proteins in which stop-transfer membrane-anchor sequences become ER membrane spanning helices. It is also required for the post-translational insertion of tail-anchored/TA proteins in endoplasmic reticulum membranes. By mediating the proper cotranslational insertion of N-terminal transmembrane domains in an N- exo topology, with translocated N-terminus in the lumen of the ER, controls the topology of multi-pass membrane proteins like the G protein-coupled receptors. By regulating the insertion of various proteins in membranes, it is indirectly involved in many cellular processes. {ECO:0000250|UniProtKB:Q9P0I2}.",4,,GO:0045494|photoreceptor cell maintenance; GO:0060041|retina development in camera-type eye,GO:0005794|Golgi apparatus; GO:0030140|trans-Golgi network transport vesicle,"[{""go_id"": ""GO:0005794"", ""term_name"": ""Golgi apparatus"", ""namespace"": ""cellular_component"", ""evidence"": ""IDA""}, {""go_id"": ""GO:0030140"", ""term_name"": ""trans-Golgi network transport vesicle"", ""namespace"": ""cellular_component"", ""evidence"": ""IDA""}, {""go_id"": ""GO:0045494"", ""term_name"": ""photoreceptor cell maintenance"", ""namespace"": ""biological_process"", ""evidence"": ""IMP""}, {""go_id"": ""GO:0060041"", ""term_name"": ""retina development in camera-type eye"", ""namespace"": ""biological_process"", ""evidence"": ""IMP""}]"
Q7T019,DZIP1_DANRE,DZIP1,zebrafish,Danio rerio (Zebrafish) (Brachydanio rerio).,RecName: Full=Cilium assembly protein DZIP1 {ECO:0000305}; AltName: Full=DAZ-interacting protein 1 homolog {ECO:0000250|UniProtKB:Q86YF9}; AltName: Full=DAZ-interacting zinc finger protein 1; AltName: Full=Iguana protein;,"Molecular adapter that recruits protein complexes required for cilium assembly and function to the cilium basal body (PubMed:19852954). Required for establishment of left-right asymmetry during embryogenesis (PubMed:19852954). Acts as a permissive factor that is required for the proper regulation of Hedgehog (Hh) target genes in response to Hh signals (PubMed:15115751). Acts downstream of the Smoothened protein to modulate Gli activity in the somites of the developing embryo (PubMed:15198976). {ECO:0000269|PubMed:15115751, ECO:0000269|PubMed:15198976, ECO:0000269|PubMed:19852954}.",16,,GO:0021984|adenohypophysis development; GO:0035082|axoneme assembly; GO:0001568|blood vessel development; GO:0060271|cilium assembly; GO:0061371|determination of heart left/right asymmetry; GO:0007368|determination of left/right symmetry; GO:0003143|embryonic heart tube morphogenesis; GO:0001947|heart looping; GO:0006607|NLS-bearing protein import into nucleus; GO:0030510|regulation of BMP signaling pathway; GO:0008589|regulation of smoothened signaling pathway; GO:0031290|retinal ganglion cell axon guidance,GO:0036064|ciliary basal body; GO:0005737|cytoplasm; GO:0097730|non-motile cilium; GO:0005634|nucleus,"[{""go_id"": ""GO:0036064"", ""term_name"": ""ciliary basal body"", ""namespace"": ""cellular_component"", ""evidence"": ""IDA""}, {""go_id"": ""GO:0005737"", ""term_name"": ""cytoplasm"", ""namespace"": ""cellular_component"", ""evidence"": ""IDA""}, {""go_id"": ""GO:0097730"", ""term_name"": ""non-motile cilium"", ""namespace"": ""cellular_component"", ""evidence"": ""IDA""}, {""go_id"": ""GO:0005634"", ""term_name"": ""nucleus"", ""namespace"": ""cellular_component"", ""evidence"": ""IDA""}, {""go_id"": ""GO:0021984"", ""term_name"": ""adenohypophysis development"", ""namespace"": ""biological_process"", ""evidence"": ""IMP""}, {""go_id"": ""GO:0035082"", ""term_name"": ""axoneme assembly"", ""namespace"": ""biological_process"", ""evidence"": ""IMP""}, {""go_id"": ""GO:0001568"", ""term_name"": ""blood vessel development"", ""namespace"": ""biological_process"", ""evidence"": ""IMP""}, {""go_id"": ""GO:0060271"", ""term_name"": ""cilium assembly"", ""namespace"": ""biological_process"", ""evidence"": ""IMP""}, {""go_id"": ""GO:0061371"", ""term_name"": ""determination of heart left/right asymmetry"", ""namespace"": ""biological_process"", ""evidence"": ""IMP""}, {""go_id"": ""GO:0007368"", ""term_name"": ""determination of left/right symmetry"", ""namespace"": ""biological_process"", ""evidence"": ""IMP""}, {""go_id"": ""GO:0003143"", ""term_name"": ""embryonic heart tube morphogenesis"", ""namespace"": ""biological_process"", ""evidence"": ""IMP""}, {""go_id"": ""GO:0001947"", ""term_name"": ""heart looping"", ""namespace"": ""biological_process"", ""evidence"": ""IMP""}, {""go_id"": ""GO:0006607"", ""term_name"": ""NLS-bearing protein import into nucleus"", ""namespace"": ""biological_process"", ""evidence"": ""IDA""}, {""go_id"": ""GO:0030510"", ""term_name"": ""regulation of BMP signaling pathway"", ""namespace"": ""biological_process"", ""evidence"": ""IMP""}, {""go_id"": ""GO:0008589"", ""term_name"": ""regulation of smoothened signaling pathway"", ""namespace"": ""biological_process"", ""evidence"": ""IMP""}, {""go_id"": ""GO:0031290"", ""term_name"": ""retinal ganglion cell axon guidance"", ""namespace"": ""biological_process"", ""evidence"": ""IMP""}]"
Q7T3T8,ZAR1_DANRE,ZAR1,zebrafish,Danio rerio (Zebrafish) (Brachydanio rerio).,RecName: Full=Zygote arrest protein 1 {ECO:0000303|PubMed:12773403};,"mRNA-binding protein required for maternal mRNA storage, translation and degradation during oocyte maturation (PubMed:27913641). Probably promotes formation of some phase-separated membraneless compartment that stores maternal mRNAs in oocytes: acts by undergoing liquid-liquid phase separation upon binding to maternal mRNAs (By similarity). Binds to the 3'-UTR of zona pellucida mRNAs, inhibiting their translation (PubMed:27913641). {ECO:0000250|UniProtKB:Q80SU3, ECO:0000269|PubMed:27913641}.",5,GO:0003729|mRNA binding; GO:0030371|translation repressor activity,GO:0017148|negative regulation of translation; GO:1905881|positive regulation of oogenesis,GO:0032991|protein-containing complex,"[{""go_id"": ""GO:0032991"", ""term_name"": ""protein-containing complex"", ""namespace"": ""cellular_component"", ""evidence"": ""IPI""}, {""go_id"": ""GO:0003729"", ""term_name"": ""mRNA binding"", ""namespace"": ""molecular_function"", ""evidence"": ""IDA""}, {""go_id"": ""GO:0030371"", ""term_name"": ""translation repressor activity"", ""namespace"": ""molecular_function"", ""evidence"": ""IDA""}, {""go_id"": ""GO:0017148"", ""term_name"": ""negative regulation of translation"", ""namespace"": ""biological_process"", ""evidence"": ""IDA""}, {""go_id"": ""GO:1905881"", ""term_name"": ""positive regulation of oogenesis"", ""namespace"": ""biological_process"", ""evidence"": ""IMP""}]"
X1WGV5,CCD32_DANRE,CCD32,zebrafish,Danio rerio (Zebrafish) (Brachydanio rerio).,RecName: Full=Coiled-coil domain-containing protein 32 {ECO:0000312|ZFIN:ZDB-GENE-131127-581};,"Regulates clathrin-mediated endocytsois of cargos such as transferrin probably through the association and modulation of adaptor protein complex 2 (AP-2) (By similarity). Has a role in ciliogenesis and is required for proper cephalic and left/right axis development (PubMed:32307552). {ECO:0000250|UniProtKB:Q9BV29, ECO:0000269|PubMed:32307552}.",5,,GO:0021549|cerebellum development; GO:0044782|cilium organization; GO:0007368|determination of left/right symmetry; GO:0060322|head development; GO:0061035|regulation of cartilage development,,"[{""go_id"": ""GO:0021549"", ""term_name"": ""cerebellum development"", ""namespace"": ""biological_process"", ""evidence"": ""IMP""}, {""go_id"": ""GO:0044782"", ""term_name"": ""cilium organization"", ""namespace"": ""biological_process"", ""evidence"": ""IMP""}, {""go_id"": ""GO:0007368"", ""term_name"": ""determination of left/right symmetry"", ""namespace"": ""biological_process"", ""evidence"": ""IMP""}, {""go_id"": ""GO:0060322"", ""term_name"": ""head development"", ""namespace"": ""biological_process"", ""evidence"": ""IMP""}, {""go_id"": ""GO:0061035"", ""term_name"": ""regulation of cartilage development"", ""namespace"": ""biological_process"", ""evidence"": ""IMP""}]"
Q03356,MSXB_DANRE,MSXB,zebrafish,Danio rerio (Zebrafish) (Brachydanio rerio).,RecName: Full=Homeobox protein MSH-B;,Probable morphogenetic role.,5,,GO:0009953|dorsal/ventral pattern formation; GO:0048703|embryonic viscerocranium morphogenesis; GO:0031101|fin regeneration; GO:0043049|otic placode formation; GO:0043523|regulation of neuron apoptotic process,,"[{""go_id"": ""GO:0009953"", ""term_name"": ""dorsal/ventral pattern formation"", ""namespace"": ""biological_process"", ""evidence"": ""IDA""}, {""go_id"": ""GO:0048703"", ""term_name"": ""embryonic viscerocranium morphogenesis"", ""namespace"": ""biological_process"", ""evidence"": ""IGI""}, {""go_id"": ""GO:0031101"", ""term_name"": ""fin regeneration"", ""namespace"": ""biological_process"", ""evidence"": ""IMP""}, {""go_id"": ""GO:0043049"", ""term_name"": ""otic placode formation"", ""namespace"": ""biological_process"", ""evidence"": ""IGI""}, {""go_id"": ""GO:0043523"", ""term_name"": ""regulation of neuron apoptotic process"", ""namespace"": ""biological_process"", ""evidence"": ""IGI""}]"
B3G515,GPER1_DANRE,GPER1,zebrafish,Danio rerio (Zebrafish) (Brachydanio rerio).,RecName: Full=G-protein coupled estrogen receptor 1; AltName: Full=G protein-coupled estrogen receptor 1; AltName: Full=G-protein coupled receptor 30;,"Membrane G-protein coupled estrogen receptor that binds to 17-beta-estradiol (E2) with high affinity, leading to rapid and transient activation of numerous intracellular signaling pathways. Plays a role in the embryonic development of sensory and motor neurons. Specifically induces apoptosis and reduces proliferation of brain cells. Involved in maintenance of meiotic arrest in oocytes. {ECO:0000269|PubMed:18420744, ECO:0000269|PubMed:19228597, ECO:0000269|PubMed:23583372}.",17,GO:0038054|G protein-coupled estrogen receptor activity; GO:0005496|steroid binding,GO:0007420|brain development; GO:0071392|cellular response to estradiol stimulus; GO:0048701|embryonic cranial skeleton morphogenesis; GO:0060047|heart contraction; GO:0051447|negative regulation of meiotic cell cycle; GO:0043524|negative regulation of neuron apoptotic process; GO:1900194|negative regulation of oocyte maturation; GO:0040019|positive regulation of embryonic development; GO:2000179|positive regulation of neural precursor cell proliferation; GO:0001934|positive regulation of protein phosphorylation; GO:0045944|positive regulation of transcription by RNA polymerase II; GO:2000354|regulation of ovarian follicle development; GO:1903186|regulation of vitellogenesis; GO:0036269|swimming behavior,GO:0005886|plasma membrane,"[{""go_id"": ""GO:0005886"", ""term_name"": ""plasma membrane"", ""namespace"": ""cellular_component"", ""evidence"": ""IDA""}, {""go_id"": ""GO:0038054"", ""term_name"": ""G protein-coupled estrogen receptor activity"", ""namespace"": ""molecular_function"", ""evidence"": ""IDA""}, {""go_id"": ""GO:0005496"", ""term_name"": ""steroid binding"", ""namespace"": ""molecular_function"", ""evidence"": ""IDA""}, {""go_id"": ""GO:0007420"", ""term_name"": ""brain development"", ""namespace"": ""biological_process"", ""evidence"": ""IDA""}, {""go_id"": ""GO:0071392"", ""term_name"": ""cellular response to estradiol stimulus"", ""namespace"": ""biological_process"", ""evidence"": ""IDA""}, {""go_id"": ""GO:0048701"", ""term_name"": ""embryonic cranial skeleton morphogenesis"", ""namespace"": ""biological_process"", ""evidence"": ""IMP""}, {""go_id"": ""GO:0060047"", ""term_name"": ""heart contraction"", ""namespace"": ""biological_process"", ""evidence"": ""IMP""}, {""go_id"": ""GO:0051447"", ""term_name"": ""negative regulation of meiotic cell cycle"", ""namespace"": ""biological_process"", ""evidence"": ""IDA""}, {""go_id"": ""GO:0043524"", ""term_name"": ""negative regulation of neuron apoptotic process"", ""namespace"": ""biological_process"", ""evidence"": ""IDA""}, {""go_id"": ""GO:1900194"", ""term_name"": ""negative regulation of oocyte maturation"", ""namespace"": ""biological_process"", ""evidence"": ""IDA""}, {""go_id"": ""GO:0040019"", ""term_name"": ""positive regulation of embryonic development"", ""namespace"": ""biological_process"", ""evidence"": ""IMP""}, {""go_id"": ""GO:2000179"", ""term_name"": ""positive regulation of neural precursor cell proliferation"", ""namespace"": ""biological_process"", ""evidence"": ""IDA""}, {""go_id"": ""GO:0001934"", ""term_name"": ""positive regulation of protein phosphorylation"", ""namespace"": ""biological_process"", ""evidence"": ""IDA""}, {""go_id"": ""GO:0045944"", ""term_name"": ""positive regulation of transcription by RNA polymerase II"", ""namespace"": ""biological_process"", ""evidence"": ""IDA""}, {""go_id"": ""GO:2000354"", ""term_name"": ""regulation of ovarian follicle development"", ""namespace"": ""biological_process"", ""evidence"": ""IMP""}, {""go_id"": ""GO:1903186"", ""term_name"": ""regulation of vitellogenesis"", ""namespace"": ""biological_process"", ""evidence"": ""IMP""}, {""go_id"": ""GO:0036269"", ""term_name"": ""swimming behavior"", ""namespace"": ""biological_process"", ""evidence"": ""IMP""}]"
F1QF89,POMT1_DANRE,POMT1,zebrafish,Danio rerio (Zebrafish) (Brachydanio rerio).,RecName: Full=Protein O-mannosyl-transferase 1 {ECO:0000303|PubMed:18632251}; EC=2.4.1.109 {ECO:0000269|PubMed:20466645};,"Transfers mannosyl residues to the hydroxyl group of serine or threonine residues. Coexpression of both POMT1 and POMT2 is necessary for enzyme activity, expression of either POMT1 or POMT2 alone is insufficient. {ECO:0000269|PubMed:20466645}.",4,GO:0004169|dolichyl-phosphate-mannose-protein mannosyltransferase activity,GO:0035269|protein O-linked glycosylation via mannose; GO:0042478|regulation of eye photoreceptor cell development; GO:0048742|regulation of skeletal muscle fiber development,,"[{""go_id"": ""GO:0004169"", ""term_name"": ""dolichyl-phosphate-mannose-protein mannosyltransferase activity"", ""namespace"": ""molecular_function"", ""evidence"": ""IGI""}, {""go_id"": ""GO:0035269"", ""term_name"": ""protein O-linked glycosylation via mannose"", ""namespace"": ""biological_process"", ""evidence"": ""IMP""}, {""go_id"": ""GO:0042478"", ""term_name"": ""regulation of eye photoreceptor cell development"", ""namespace"": ""biological_process"", ""evidence"": ""IMP""}, {""go_id"": ""GO:0048742"", ""term_name"": ""regulation of skeletal muscle fiber development"", ""namespace"": ""biological_process"", ""evidence"": ""IMP""}]"
Q4V9F0,DGAT2_DANRE,DGAT2,zebrafish,Danio rerio (Zebrafish) (Brachydanio rerio).,RecName: Full=Diacylglycerol O-acyltransferase 2 {ECO:0000305}; EC=2.3.1.20 {ECO:0000250|UniProtKB:Q96PD7}; AltName: Full=Acyl-CoA retinol O-fatty-acyltransferase {ECO:0000250|UniProtKB:Q96PD7}; Short=ARAT {ECO:0000250|UniProtKB:Q96PD7}; Short=Retinol O-fatty-acyltransferase {ECO:0000250|UniProtKB:Q96PD7}; EC=2.3.1.76 {ECO:0000250|UniProtKB:Q96PD7}; AltName: Full=Diglyceride acyltransferase 2;,Essential acyltransferase that catalyzes the terminal and only committed step in triacylglycerol synthesis by using diacylglycerol and fatty acyl CoA as substrates. Required for synthesis and storage of intracellular triglycerides. Probably plays a central role in cytosolic lipid accumulation (By similarity). {ECO:0000250|UniProtKB:Q96PD7}.,3,,GO:0055088|lipid homeostasis; GO:1905897|regulation of response to endoplasmic reticulum stress; GO:0061959|response to (R)-carnitine,,"[{""go_id"": ""GO:0055088"", ""term_name"": ""lipid homeostasis"", ""namespace"": ""biological_process"", ""evidence"": ""IGI""}, {""go_id"": ""GO:1905897"", ""term_name"": ""regulation of response to endoplasmic reticulum stress"", ""namespace"": ""biological_process"", ""evidence"": ""IGI""}, {""go_id"": ""GO:0061959"", ""term_name"": ""response to (R)-carnitine"", ""namespace"": ""biological_process"", ""evidence"": ""IEP""}]"
O93430,GLRA1_DANRE,GLRA1,zebrafish,Danio rerio (Zebrafish) (Brachydanio rerio).,RecName: Full=Glycine receptor subunit alphaZ1; Flags: Precursor;,"Subunit of heteromeric glycine-gated chloride channels (PubMed:10188956, PubMed:26344198). Plays an important role in the down-regulation of neuronal excitability. Contributes to the generation of inhibitory postsynaptic currents. Channel activity is potentiated by ethanol (By similarity). {ECO:0000250|UniProtKB:P23415, ECO:0000269|PubMed:10188956, ECO:0000269|PubMed:26344198}.",9,GO:0016934|extracellularly glycine-gated chloride channel activity; GO:0016933|extracellularly glycine-gated ion channel activity; GO:0016594|glycine binding; GO:0015276|ligand-gated monoatomic ion channel activity,GO:0007417|central nervous system development; GO:0006811|monoatomic ion transport; GO:0045664|regulation of neuron differentiation; GO:0043200|response to amino acid,GO:0016020|membrane,"[{""go_id"": ""GO:0016020"", ""term_name"": ""membrane"", ""namespace"": ""cellular_component"", ""evidence"": ""IDA""}, {""go_id"": ""GO:0016934"", ""term_name"": ""extracellularly glycine-gated chloride channel activity"", ""namespace"": ""molecular_function"", ""evidence"": ""IDA""}, {""go_id"": ""GO:0016933"", ""term_name"": ""extracellularly glycine-gated ion channel activity"", ""namespace"": ""molecular_function"", ""evidence"": ""IDA""}, {""go_id"": ""GO:0016594"", ""term_name"": ""glycine binding"", ""namespace"": ""molecular_function"", ""evidence"": ""IDA""}, {""go_id"": ""GO:0015276"", ""term_name"": ""ligand-gated monoatomic ion channel activity"", ""namespace"": ""molecular_function"", ""evidence"": ""IDA""}, {""go_id"": ""GO:0007417"", ""term_name"": ""central nervous system development"", ""namespace"": ""biological_process"", ""evidence"": ""IMP""}, {""go_id"": ""GO:0006811"", ""term_name"": ""monoatomic ion transport"", ""namespace"": ""biological_process"", ""evidence"": ""IDA""}, {""go_id"": ""GO:0045664"", ""term_name"": ""regulation of neuron differentiation"", ""namespace"": ""biological_process"", ""evidence"": ""IMP""}, {""go_id"": ""GO:0043200"", ""term_name"": ""response to amino acid"", ""namespace"": ""biological_process"", ""evidence"": ""IDA""}]"
B3DHU2,TMM65_DANRE,TMM65,zebrafish,Danio rerio (Zebrafish) (Brachydanio rerio).,RecName: Full=Transmembrane protein 65;,"Essential for maintaining proper cardiac intercalated disk (ICD) structure and function (By similarity). May regulate cardiac conduction and the function of the gap junction protein GJA1. May contribute to the stability and proper localization of GJA1 to cardiac intercalated disk thereby regulating gap junction communication (PubMed:26403541). Regulates mitochondrial respiration and mitochondrial DNA copy number maintenance (By similarity). {ECO:0000250|UniProtKB:Q6PI78, ECO:0000269|PubMed:26403541}.",3,,GO:0003231|cardiac ventricle development; GO:0007507|heart development; GO:1903779|regulation of cardiac conduction,,"[{""go_id"": ""GO:0003231"", ""term_name"": ""cardiac ventricle development"", ""namespace"": ""biological_process"", ""evidence"": ""IMP""}, {""go_id"": ""GO:0007507"", ""term_name"": ""heart development"", ""namespace"": ""biological_process"", ""evidence"": ""IMP""}, {""go_id"": ""GO:1903779"", ""term_name"": ""regulation of cardiac conduction"", ""namespace"": ""biological_process"", ""evidence"": ""IMP""}]"
F1QCV2,HDA10_DANRE,HDA10,zebrafish,Danio rerio (Zebrafish) (Brachydanio rerio).,RecName: Full=Polyamine deacetylase HDAC10; EC=3.5.1.48 {ECO:0000269|PubMed:28516954}; EC=3.5.1.62 {ECO:0000269|PubMed:28516954}; AltName: Full=Histone deacetylase 10;,"Polyamine deacetylase (PDAC), which acts preferentially on N(8)-acetylspermidine, and also on acetylcadaverine and acetylputrescine (PubMed:28516954). Exhibits attenuated catalytic activity toward N(1),N(8)-diacetylspermidine and very low activity, if any, toward N(1)-acetylspermidine (PubMed:28516954). Has a very weak lysine deacetylase, if any (PubMed:28516954). {ECO:0000269|PubMed:28516954}.",5,GO:0047611|acetylspermidine deacetylase activity; GO:0008270|zinc ion binding,GO:0106047|polyamine deacetylation; GO:0106048|spermidine deacetylation; GO:0036269|swimming behavior,,"[{""go_id"": ""GO:0047611"", ""term_name"": ""acetylspermidine deacetylase activity"", ""namespace"": ""molecular_function"", ""evidence"": ""IDA""}, {""go_id"": ""GO:0008270"", ""term_name"": ""zinc ion binding"", ""namespace"": ""molecular_function"", ""evidence"": ""IDA""}, {""go_id"": ""GO:0106047"", ""term_name"": ""polyamine deacetylation"", ""namespace"": ""biological_process"", ""evidence"": ""IDA""}, {""go_id"": ""GO:0106048"", ""term_name"": ""spermidine deacetylation"", ""namespace"": ""biological_process"", ""evidence"": ""IDA""}, {""go_id"": ""GO:0036269"", ""term_name"": ""swimming behavior"", ""namespace"": ""biological_process"", ""evidence"": ""IGI""}]"
Q91981,OTX2_DANRE,OTX2,zebrafish,Danio rerio (Zebrafish) (Brachydanio rerio).,RecName: Full=Homeobox protein OTX2; Short=zOTX2; AltName: Full=Orthodenticle homolog 2;,"May play a role in very early embryogenesis, gastrulation, and the development and subdivision of the diencephalon and the midbrain.",6,,GO:0097306|cellular response to alcohol; GO:0021549|cerebellum development; GO:0030902|hindbrain development; GO:0030901|midbrain development; GO:0030917|midbrain-hindbrain boundary development; GO:0003406|retinal pigment epithelium development,,"[{""go_id"": ""GO:0097306"", ""term_name"": ""cellular response to alcohol"", ""namespace"": ""biological_process"", ""evidence"": ""IDA""}, {""go_id"": ""GO:0021549"", ""term_name"": ""cerebellum development"", ""namespace"": ""biological_process"", ""evidence"": ""IGI""}, {""go_id"": ""GO:0030902"", ""term_name"": ""hindbrain development"", ""namespace"": ""biological_process"", ""evidence"": ""IGI""}, {""go_id"": ""GO:0030901"", ""term_name"": ""midbrain development"", ""namespace"": ""biological_process"", ""evidence"": ""IGI""}, {""go_id"": ""GO:0030917"", ""term_name"": ""midbrain-hindbrain boundary development"", ""namespace"": ""biological_process"", ""evidence"": ""IGI""}, {""go_id"": ""GO:0003406"", ""term_name"": ""retinal pigment epithelium development"", ""namespace"": ""biological_process"", ""evidence"": ""IGI""}]"
Q6PBI4,HDA9B_DANRE,HDA9B,zebrafish,Danio rerio (Zebrafish) (Brachydanio rerio).,RecName: Full=Histone deacetylase 9-B; EC=3.5.1.98;,"Devoided of intrinsic deacetylase activity, promotes the deacetylation of lysine residues on the N-terminal part of the core histones (H2A, H2B, H3 and H4) by recruiting other histone deacetylases. Histone deacetylation gives a tag for epigenetic repression and plays an important role in transcriptional regulation, cell cycle progression and developmental events. Represses MEF2- dependent transcription (By similarity). {ECO:0000250}.",5,,GO:0001525|angiogenesis; GO:0001945|lymph vessel development; GO:0060319|primitive erythrocyte differentiation; GO:0060215|primitive hemopoiesis; GO:0001944|vasculature development,,"[{""go_id"": ""GO:0001525"", ""term_name"": ""angiogenesis"", ""namespace"": ""biological_process"", ""evidence"": ""IMP""}, {""go_id"": ""GO:0001945"", ""term_name"": ""lymph vessel development"", ""namespace"": ""biological_process"", ""evidence"": ""IMP""}, {""go_id"": ""GO:0060319"", ""term_name"": ""primitive erythrocyte differentiation"", ""namespace"": ""biological_process"", ""evidence"": ""IMP""}, {""go_id"": ""GO:0060215"", ""term_name"": ""primitive hemopoiesis"", ""namespace"": ""biological_process"", ""evidence"": ""IMP""}, {""go_id"": ""GO:0001944"", ""term_name"": ""vasculature development"", ""namespace"": ""biological_process"", ""evidence"": ""IMP""}]"
